dataset,scenario,model,config,column,n_rows,n_unique,unique_ratio,n_null_like,null_rate,is_categorical,top_value,top_share
airlines_review,causal_improve_singapore,haiku,skill_off_update,avg_service_rating,900,18,0.02,0,0.0,1,4.0,0.1156
airlines_review,causal_improve_singapore,haiku,skill_off_update,lowest_service_dimension,900,5,0.0056,0,0.0,1,Seat Comfort,0.2833
airlines_review,causal_improve_singapore,haiku,skill_off_update,rating_service_gap,900,64,0.0711,0,0.0,1,5.8,0.0489
airlines_review,causal_improve_singapore,haiku,skill_off_update,customer_segment,900,2,0.0022,0,0.0,1,economy_segment,0.6411
airlines_review,causal_improve_singapore,haiku,skill_off_update,critical_issue_type,900,6,0.0067,0,0.0,1,no_critical_issue,0.3289
airlines_review,causal_improve_singapore,haiku,skill_off_update,is_problem_review,900,2,0.0022,0,0.0,1,0,0.6356
airlines_review,causal_improve_singapore,sonnet,skill_off_update,avg_sub_score,900,18,0.02,0,0.0,1,4.0,0.1156
airlines_review,causal_improve_singapore,sonnet,skill_off_update,rating_gap,900,124,0.1378,0,0.0,1,1.8,0.04
airlines_review,causal_improve_singapore,sonnet,skill_off_update,weakest_dimension,900,5,0.0056,0,0.0,1,Seat Comfort,0.2833
airlines_review,causal_improve_singapore,sonnet,skill_off_update,sub_score_variance,900,26,0.0289,0,0.0,1,0.8,0.0878
airlines_review,causal_improve_singapore,sonnet,skill_off_update,passenger_segment,900,3,0.0033,0,0.0,1,promoter,0.5811
airlines_review,causal_improve_singapore,sonnet,skill_off_update,improvement_priority,900,6,0.0067,580,0.6444,1,none,0.6444
airlines_review,causal_improve_singapore,haiku,skill_on_e2e,crew_attentiveness,900,6,0.0067,8,0.0089,1,attentive_proactive,0.49
airlines_review,causal_improve_singapore,haiku,skill_on_e2e,food_quality_consistency,900,6,0.0067,174,0.1933,1,excellent_varied,0.3144
airlines_review,causal_improve_singapore,haiku,skill_on_e2e,seat_comfort_design,900,6,0.0067,361,0.4011,1,Unknown,0.4011
airlines_review,causal_improve_singapore,haiku,skill_on_e2e,aircraft_condition_maintenance,900,6,0.0067,31,0.0344,1,adequate_serviceable,0.5689
airlines_review,causal_improve_singapore,haiku,skill_on_e2e,customer_service_responsiveness,900,7,0.0078,460,0.5111,1,Unknown,0.3267
airlines_review,causal_improve_singapore,haiku,skill_on_e2e,value_for_money_perception,900,4,0.0044,0,0.0,1,excellent_worth_premium,0.3789
airlines_review,causal_improve_singapore,haiku,skill_on_e2e,traveller_segment_type,900,4,0.0044,0,0.0,1,solo_leisure,0.3689
airlines_review,causal_improve_singapore,sonnet,skill_on_e2e,cabin_crew_service_quality,900,6,0.0067,13,0.0144,1,excellent_proactive,0.45
airlines_review,causal_improve_singapore,sonnet,skill_on_e2e,crew_service_consistency,900,5,0.0056,27,0.03,1,consistent_high,0.4211
airlines_review,causal_improve_singapore,sonnet,skill_on_e2e,food_quality_issue,900,5,0.0056,274,0.3044,1,Unknown,0.3044
airlines_review,causal_improve_singapore,sonnet,skill_on_e2e,service_recovery_quality,900,4,0.0044,0,0.0,1,no_issue,0.6244
airlines_review,causal_improve_singapore,sonnet,skill_on_e2e,ground_service_issue,900,5,0.0056,387,0.43,1,Unknown,0.43
airlines_review,causal_improve_singapore,sonnet,skill_on_e2e,cabin_class_value_gap,900,4,0.0044,1,0.0011,1,value_met,0.45
airlines_review,causal_improve_singapore,sonnet,skill_on_e2e,declining_standards_perception,900,2,0.0022,0,0.0,1,False,0.7811
airlines_review,causal_improve_singapore,sonnet,skill_on_e2e,family_child_accommodation,900,2,0.0022,0,0.0,1,False,0.94
airlines_review,causal_improve_singapore,sonnet,skill_on_e2e,special_needs_handling,900,2,0.0022,0,0.0,1,False,0.9311
airlines_review,causal_improve_singapore,haiku,skill_on,seat_comfort_issue,900,2,0.0022,0,0.0,1,False,0.7322
airlines_review,causal_improve_singapore,haiku,skill_on,food_quality_decline,900,5,0.0056,161,0.1789,1,excellent_varied,0.3033
airlines_review,causal_improve_singapore,haiku,skill_on,staff_service_quality_gap,900,6,0.0067,3,0.0033,1,exceptional,0.3022
airlines_review,causal_improve_singapore,haiku,skill_on,cabin_crew_demeanor,900,4,0.0044,18,0.02,1,authentic_engaged,0.5133
airlines_review,causal_improve_singapore,haiku,skill_on,service_recovery_failure,900,2,0.0022,0,0.0,1,False,0.5456
airlines_review,causal_improve_singapore,haiku,skill_on,communication_breakdown,900,2,0.0022,0,0.0,1,False,0.7178
airlines_review,causal_improve_singapore,haiku,skill_on,ground_service_inconsistency,900,5,0.0056,146,0.1622,1,efficient_friendly,0.4878
airlines_review,causal_improve_singapore,haiku,skill_on,special_passenger_accommodation_responsiveness,900,4,0.0044,1,0.0011,1,proactive_attentive,0.4567
airlines_review,causal_improve_singapore,haiku,skill_on,pricing_fairness_perception,900,2,0.0022,0,0.0,1,False,0.8333
airlines_review,causal_improve_singapore,sonnet,skill_on,crew_behavior_quality,900,6,0.0067,36,0.04,1,proactive_and_warm,0.47
airlines_review,causal_improve_singapore,sonnet,skill_on,premium_class_value_perception,900,5,0.0056,218,0.2422,1,good_value,0.3322
airlines_review,causal_improve_singapore,sonnet,skill_on,declining_standards_perception,900,2,0.0022,0,0.0,1,False,0.7222
airlines_review,causal_qatar_business,haiku,skill_off_update,Review_Length,592,249,0.4206,0,0.0,0,92,0.0135
airlines_review,causal_qatar_business,haiku,skill_off_update,Rating_Variance,592,40,0.0676,0,0.0,1,0.15999999999999998,0.1064
airlines_review,causal_qatar_business,haiku,skill_off_update,Complaint_Count,592,8,0.0135,0,0.0,1,0,0.3666
airlines_review,causal_qatar_business,haiku,skill_off_update,Low_Rating_Count,592,6,0.0101,0,0.0,1,0,0.5372
airlines_review,causal_qatar_business,haiku,skill_off_update,Has_Major_Complaint,592,2,0.0034,0,0.0,1,0,0.8497
airlines_review,causal_qatar_business,haiku,skill_off_update,Overall_Low,592,2,0.0034,0,0.0,1,0,0.8615
airlines_review,causal_qatar_business,haiku,skill_off_update,Service_Comfort_Gap,592,5,0.0084,0,0.0,1,0,0.4122
airlines_review,causal_qatar_business,sonnet,skill_off_update,Low_Value_For_Money,592,2,0.0034,0,0.0,1,no,0.8412
airlines_review,causal_qatar_business,sonnet,skill_off_update,Mentions_Seat_Issue,592,2,0.0034,0,0.0,1,yes,0.6858
airlines_review,causal_qatar_business,sonnet,skill_off_update,Mentions_Service_Complaint,592,2,0.0034,0,0.0,1,yes,0.8716
airlines_review,causal_qatar_business,sonnet,skill_off_update,Mentions_Price_Complaint,592,2,0.0034,0,0.0,1,no,0.6757
airlines_review,causal_qatar_business,sonnet,skill_off_update,Mentions_Delay_Or_Disruption,592,2,0.0034,0,0.0,1,no,0.6385
airlines_review,causal_qatar_business,sonnet,skill_off_update,Avg_Service_Rating,592,17,0.0287,0,0.0,1,4.40,0.1284
airlines_review,causal_qatar_business,sonnet,skill_off_update,Overall_Vs_Service_Gap,592,54,0.0912,0,0.0,1,5.40,0.0794
airlines_review,causal_qatar_business,haiku,skill_on_e2e,aircraft_product_downgrade,592,5,0.0084,38,0.0642,1,consistent_product,0.7044
airlines_review,causal_qatar_business,haiku,skill_on_e2e,food_beverage_quality_decline,592,6,0.0101,199,0.3361,1,food_quality_expected,0.5084
airlines_review,causal_qatar_business,haiku,skill_on_e2e,cabin_crew_service_inconsistency,592,5,0.0084,0,0.0,1,crew_professional,0.7618
airlines_review,causal_qatar_business,haiku,skill_on_e2e,seat_product_comfort_issue,592,7,0.0118,92,0.1554,1,seat_working,0.7044
airlines_review,causal_qatar_business,haiku,skill_on_e2e,traveler_segment_mismatch,592,5,0.0084,0,0.0,1,segment_aligned,0.5524
airlines_review,causal_qatar_business,sonnet,skill_on_e2e,seat_hardware_quality,592,6,0.0101,199,0.3361,1,Unknown,0.3361
airlines_review,causal_qatar_business,sonnet,skill_on_e2e,downgrade_notification_given,592,2,0.0034,0,0.0,1,False,0.9932
airlines_review,causal_qatar_business,sonnet,skill_on_e2e,cabin_crew_service_quality,592,5,0.0084,47,0.0794,1,proactive_and_warm,0.6976
airlines_review,causal_qatar_business,sonnet,skill_on_e2e,service_consistency_across_legs,592,4,0.0068,24,0.0405,1,consistent_high,0.4916
airlines_review,causal_qatar_business,sonnet,skill_on_e2e,ground_service_failure,592,7,0.0118,462,0.7804,1,,0.7804
airlines_review,causal_qatar_business,sonnet,skill_on_e2e,operational_disruption_type,592,5,0.0084,552,0.9324,1,,0.9324
airlines_review,causal_qatar_business,sonnet,skill_on_e2e,policy_or_process_failure,592,6,0.0101,507,0.8564,1,,0.8564
airlines_review,causal_qatar_business,sonnet,skill_on_e2e,cabin_comfort_environment,592,5,0.0084,111,0.1875,1,comfortable,0.7179
airlines_review,causal_qatar_business,haiku,skill_on,seat_ergonomic_fault,592,7,0.0118,123,0.2078,1,optimal_comfort,0.603
airlines_review,causal_qatar_business,haiku,skill_on,ground_operations_deficiency,592,7,0.0118,256,0.4324,1,Unknown,0.4324
airlines_review,causal_qatar_business,haiku,skill_on,food_beverage_quality_decline,592,6,0.0101,165,0.2787,1,excellent_food,0.5709
airlines_review,causal_qatar_business,haiku,skill_on,crew_service_execution_gap,592,7,0.0118,67,0.1132,1,reliable_service,0.6301
airlines_review,causal_qatar_business,haiku,skill_on,ancillary_amenity_shortfall,592,6,0.0101,144,0.2432,1,premium_amenities_complete,0.5068
airlines_review,causal_qatar_business,haiku,skill_on,traveller_expectation_alignment,592,5,0.0084,0,0.0,1,expectations_exceeded,0.6064
airlines_review,causal_qatar_business,haiku,skill_on,price_value_mismatch,592,3,0.0051,0,0.0,1,value_perceived_adequate,0.5828
airlines_review,causal_qatar_business,sonnet,skill_on,seat_hardware_condition,592,5,0.0084,228,0.3851,1,Unknown,0.3851
airlines_review,causal_qatar_business,sonnet,skill_on,cabin_crew_service_quality,592,5,0.0084,90,0.152,1,excellent,0.6655
airlines_review,causal_qatar_business,sonnet,skill_on,food_quality_issue,592,6,0.0101,124,0.2095,1,excellent,0.4932
airlines_review,causal_qatar_business,sonnet,skill_on,ife_quality_issue,592,4,0.0068,554,0.9358,1,,0.9358
airlines_review,causal_qatar_business,sonnet,skill_on,service_consistency_across_sectors,592,4,0.0068,0,0.0,1,single_leg_only,0.6774
airlines_review,causal_qatar_business,sonnet,skill_on,ground_ops_failure_type,592,6,0.0101,500,0.8446,1,,0.8446
airlines_review,causal_qatar_business,sonnet,skill_on,flight_disruption_type,592,5,0.0084,517,0.8733,1,,0.8733
airlines_review,causal_qatar_business,sonnet,skill_on,policy_flexibility_failure,592,6,0.0101,559,0.9443,1,,0.9443
airlines_review,causal_qatar_business,sonnet,skill_on,product_downgrade_expectation,592,6,0.0101,519,0.8767,1,,0.8767
airlines_review,concept_advantage_attributes,haiku,skill_off_update,is_high_rating,899,2,0.0022,0,0.0,1,True,0.7608
airlines_review,concept_advantage_attributes,haiku,skill_off_update,advantages_text,899,198,0.2202,8,0.0089,0,Service Quality,0.0679
airlines_review,concept_advantage_attributes,haiku,skill_off_update,high_rating_advantages,899,169,0.188,222,0.2469,1,N/A,0.2392
airlines_review,concept_advantage_attributes,sonnet,skill_off_update,adv_food,899,2,0.0022,0,0.0,1,1,0.7397
airlines_review,concept_advantage_attributes,sonnet,skill_off_update,adv_staff,899,2,0.0022,0,0.0,1,1,0.9221
airlines_review,concept_advantage_attributes,sonnet,skill_off_update,adv_seat_comfort,899,2,0.0022,0,0.0,1,1,0.6307
airlines_review,concept_advantage_attributes,sonnet,skill_off_update,adv_entertainment,899,2,0.0022,0,0.0,1,0,0.5929
airlines_review,concept_advantage_attributes,sonnet,skill_off_update,adv_value,899,2,0.0022,0,0.0,1,0,0.8565
airlines_review,concept_advantage_attributes,sonnet,skill_off_update,adv_lounge,899,2,0.0022,0,0.0,1,0,0.822
airlines_review,concept_advantage_attributes,sonnet,skill_off_update,adv_punctuality,899,2,0.0022,0,0.0,1,0,0.6941
airlines_review,concept_advantage_attributes,sonnet,skill_off_update,adv_cleanliness,899,2,0.0022,0,0.0,1,0,0.8443
airlines_review,concept_advantage_attributes,sonnet,skill_off_update,advantage_attribute_count,899,9,0.01,0,0.0,1,4,0.2636
airlines_review,concept_advantage_attributes,sonnet,skill_off_update,top_advantage_attribute,899,8,0.0089,10,0.0111,1,adv_food,0.7397
airlines_review,concept_advantage_attributes,haiku,skill_on_e2e,cabin_crew_attentiveness,899,5,0.0056,8,0.0089,1,exceptional_attentive,0.515
airlines_review,concept_advantage_attributes,haiku,skill_on_e2e,service_personalization_and_recognition,899,4,0.0044,0,0.0,1,warm_greeting,0.5528
airlines_review,concept_advantage_attributes,haiku,skill_on_e2e,food_beverage_quality_perception,899,6,0.0067,43,0.0478,1,very_good_quality,0.6418
airlines_review,concept_advantage_attributes,haiku,skill_on_e2e,seat_comfort_and_space,899,6,0.0067,79,0.0879,1,very_comfortable,0.564
airlines_review,concept_advantage_attributes,haiku,skill_on_e2e,amenities_and_extras_provision,899,5,0.0056,1,0.0011,1,generous_amenities,0.515
airlines_review,concept_advantage_attributes,haiku,skill_on_e2e,beverage_drink_service,899,5,0.0056,283,0.3148,1,good_variety,0.3382
airlines_review,concept_advantage_attributes,haiku,skill_on_e2e,meal_personalization_and_dietary_accommodation,899,7,0.0078,24,0.0267,1,good_accommodation,0.5095
airlines_review,concept_advantage_attributes,haiku,skill_on_e2e,on_time_performance,899,5,0.0056,386,0.4294,1,mostly_punctual,0.4727
airlines_review,concept_advantage_attributes,haiku,skill_on_e2e,service_consistency_across_legs,899,4,0.0044,0,0.0,1,consistently_excellent,0.6796
airlines_review,concept_advantage_attributes,haiku,skill_on_e2e,ground_handling_and_check_in_experience,899,5,0.0056,295,0.3281,1,smooth_standard,0.4494
airlines_review,concept_advantage_attributes,haiku,skill_on_e2e,airline_problem_resolution_capacity,899,5,0.0056,181,0.2013,1,proactive_responsive,0.3715
airlines_review,concept_advantage_attributes,haiku,skill_on_e2e,value_for_money_perception,899,6,0.0067,2,0.0022,1,good_value,0.5729
airlines_review,concept_advantage_attributes,sonnet,skill_on_e2e,crew_service_quality,899,4,0.0044,0,0.0,1,good,0.5195
airlines_review,concept_advantage_attributes,sonnet,skill_on_e2e,food_beverage_quality,899,5,0.0056,167,0.1858,1,good,0.4127
airlines_review,concept_advantage_attributes,sonnet,skill_on_e2e,seat_comfort_quality,899,4,0.0044,372,0.4138,1,Unknown,0.4138
airlines_review,concept_advantage_attributes,sonnet,skill_on_e2e,lounge_quality,899,5,0.0056,437,0.4861,1,Unknown,0.4861
airlines_review,concept_advantage_attributes,sonnet,skill_on_e2e,value_for_money_perception,899,5,0.0056,5,0.0056,1,good_value,0.6685
airlines_review,concept_advantage_attributes,sonnet,skill_on_e2e,special_assistance_provided,899,2,0.0022,0,0.0,1,False,0.8877
airlines_review,concept_advantage_attributes,haiku,skill_on,crew_personalization_attentiveness,899,7,0.0078,17,0.0189,1,attentive_throughout,0.6129
airlines_review,concept_advantage_attributes,haiku,skill_on,food_beverage_quality,899,6,0.0067,124,0.1379,1,excellent_tasty,0.4283
airlines_review,concept_advantage_attributes,haiku,skill_on,seat_comfort_and_legroom,899,5,0.0056,57,0.0634,1,comfortable_adequate,0.3971
airlines_review,concept_advantage_attributes,haiku,skill_on,aircraft_modernity_type,899,6,0.0067,400,0.4449,1,Unknown,0.3682
airlines_review,concept_advantage_attributes,haiku,skill_on,ground_and_lounge_service_quality,899,5,0.0056,3,0.0033,1,excellent_premium_amenities,0.3626
airlines_review,concept_advantage_attributes,haiku,skill_on,amenity_kit_and_comfort_extras,899,5,0.0056,167,0.1858,1,standard_acceptable,0.3826
airlines_review,concept_advantage_attributes,haiku,skill_on,value_for_money_perception,899,5,0.0056,8,0.0089,1,excellent_worth_premium,0.4472
airlines_review,concept_advantage_attributes,sonnet,skill_on,crew_service_quality,899,4,0.0044,0,0.0,1,good,0.525
airlines_review,concept_advantage_attributes,sonnet,skill_on,food_quality,899,5,0.0056,175,0.1947,1,good,0.3971
airlines_review,concept_advantage_attributes,sonnet,skill_on,seat_comfort_perception,899,4,0.0044,246,0.2736,1,spacious_and_comfortable,0.3871
airlines_review,concept_advantage_attributes,sonnet,skill_on,inflight_entertainment_quality,899,5,0.0056,305,0.3393,1,Unknown,0.3393
airlines_review,concept_advantage_attributes,sonnet,skill_on,cabin_cleanliness,899,2,0.0022,0,0.0,1,False,0.9177
airlines_review,concept_advantage_attributes,sonnet,skill_on,value_for_money_perception,899,4,0.0044,25,0.0278,1,excellent_value,0.6774
airlines_review,concept_advantage_attributes,sonnet,skill_on,special_assistance_handling,899,2,0.0022,0,0.0,1,False,0.9021
airlines_review,concept_advantage_attributes,sonnet,skill_on,personalization_signal,899,2,0.0022,0,0.0,1,False,0.8821
airlines_review,concept_key_focus_points,haiku,skill_off_update,average_component_rating,900,20,0.0222,0,0.0,1,3.8,0.1222
airlines_review,concept_key_focus_points,haiku,skill_off_update,rating_variance,900,26,0.0289,0,0.0,1,1.3,0.0767
airlines_review,concept_key_focus_points,haiku,skill_off_update,satisfaction_group,900,3,0.0033,0,0.0,1,dissatisfied,0.44
airlines_review,concept_key_focus_points,haiku,skill_off_update,is_complaint_review,900,2,0.0022,0,0.0,1,1,0.72
airlines_review,concept_key_focus_points,sonnet,skill_off_update,Sentiment,900,3,0.0033,0,0.0,1,Positive,0.4233
airlines_review,concept_key_focus_points,sonnet,skill_off_update,Issues_Flagged,900,18,0.02,252,0.28,1,none,0.28
airlines_review,concept_key_focus_points,sonnet,skill_off_update,Key_Focus_Point,900,5,0.0056,0,0.0,1,Seat Comfort,0.3056
airlines_review,concept_key_focus_points,sonnet,skill_off_update,Needs_Attention,900,2,0.0022,0,0.0,1,No,0.5278
airlines_review,concept_key_focus_points,sonnet,skill_off_update,Review_Length,900,3,0.0033,0,0.0,1,Medium,0.5444
airlines_review,concept_key_focus_points,haiku,skill_on_e2e,service_quality_issue,900,5,0.0056,186,0.2067,1,cabin_crew_service,0.4089
airlines_review,concept_key_focus_points,haiku,skill_on_e2e,product_complaint,900,7,0.0078,501,0.5567,1,,0.5567
airlines_review,concept_key_focus_points,haiku,skill_on_e2e,operational_disruption,900,6,0.0067,605,0.6722,1,,0.6722
airlines_review,concept_key_focus_points,haiku,skill_on_e2e,sentiment_polarity,900,5,0.0056,0,0.0,1,moderately_negative,0.3478
airlines_review,concept_key_focus_points,haiku,skill_on_e2e,value_for_money_perception,900,6,0.0067,4,0.0044,1,poor_value_with_degradation,0.3511
airlines_review,concept_key_focus_points,haiku,skill_on_e2e,loyalty_or_repeat_intent_signal,900,5,0.0056,4,0.0044,1,strong_repeat_intent,0.3256
airlines_review,concept_key_focus_points,haiku,skill_on_e2e,staff_attitude_and_communication,900,6,0.0067,1,0.0011,1,dismissive_rude,0.44
airlines_review,concept_key_focus_points,haiku,skill_on_e2e,aircraft_or_cabin_condition,900,6,0.0067,179,0.1989,1,acceptable_condition,0.5478
airlines_review,concept_key_focus_points,haiku,skill_on_e2e,ground_handling_friction,900,6,0.0067,172,0.1911,1,smooth_efficient,0.4867
airlines_review,concept_key_focus_points,sonnet,skill_on_e2e,crew_attitude,900,5,0.0056,66,0.0733,1,poor,0.3522
airlines_review,concept_key_focus_points,sonnet,skill_on_e2e,food_quality_signal,900,4,0.0044,414,0.46,1,Unknown,0.46
airlines_review,concept_key_focus_points,sonnet,skill_on_e2e,operational_disruption_type,900,6,0.0067,709,0.7878,1,,0.7878
airlines_review,concept_key_focus_points,sonnet,skill_on_e2e,baggage_issue_type,900,5,0.0056,822,0.9133,1,,0.9133
airlines_review,concept_key_focus_points,sonnet,skill_on_e2e,customer_service_responsiveness,900,5,0.0056,216,0.24,1,no_response,0.3433
airlines_review,concept_key_focus_points,sonnet,skill_on_e2e,ground_service_quality,900,4,0.0044,290,0.3222,1,negative,0.3833
airlines_review,concept_key_focus_points,sonnet,skill_on_e2e,premium_product_delivery,900,4,0.0044,502,0.5578,1,not_applicable,0.5578
airlines_review,concept_key_focus_points,haiku,skill_on,primary_complaint_or_praise,900,12,0.0133,0,0.0,1,crew_service,0.2289
airlines_review,concept_key_focus_points,haiku,skill_on,sentiment_direction,900,4,0.0044,0,0.0,1,negative,0.5089
airlines_review,concept_key_focus_points,haiku,skill_on,crew_professionalism_and_warmth,900,8,0.0089,9,0.01,1,warm_attentive_exceptional,0.3333
airlines_review,concept_key_focus_points,haiku,skill_on,operational_disruption_type,900,7,0.0078,635,0.7056,1,,0.7056
airlines_review,concept_key_focus_points,haiku,skill_on,traveler_expectation_gap,900,4,0.0044,0,0.0,1,exceeded_expectations,0.33
airlines_review,concept_key_focus_points,sonnet,skill_on,crew_attitude,900,5,0.0056,37,0.0411,1,friendly_attentive,0.4178
airlines_review,concept_key_focus_points,sonnet,skill_on,flight_disruption_type,900,6,0.0067,0,0.0,1,no_disruption,0.7811
airlines_review,concept_key_focus_points,sonnet,skill_on,customer_service_resolution,900,4,0.0044,629,0.6989,1,not_applicable,0.6989
airlines_review,concept_key_focus_points,sonnet,skill_on,food_quality_sentiment,900,4,0.0044,437,0.4856,1,,0.4856
airlines_review,concept_key_focus_points,sonnet,skill_on,service_failure_type,900,6,0.0067,0,0.0,1,no_failure,0.4556
airlines_review,concept_key_focus_points,sonnet,skill_on,seat_product_class_gap,900,2,0.0022,0,0.0,1,False,0.9078
airlines_review,concept_key_focus_points,sonnet,skill_on,ground_service_quality,900,4,0.0044,366,0.4067,1,Unknown,0.4067
airlines_review,concept_key_focus_points,sonnet,skill_on,special_needs_handling,900,2,0.0022,0,0.0,1,False,0.9567
airlines_review,eda_rating_drivers,haiku,skill_off_update,seat_comfort_mentioned,900,2,0.0022,0,0.0,1,0,0.5389
airlines_review,eda_rating_drivers,haiku,skill_off_update,staff_service_mentioned,900,2,0.0022,0,0.0,1,1,0.8222
airlines_review,eda_rating_drivers,haiku,skill_off_update,food_mentioned,900,2,0.0022,0,0.0,1,1,0.6656
airlines_review,eda_rating_drivers,haiku,skill_off_update,entertainment_mentioned,900,2,0.0022,0,0.0,1,0,0.5911
airlines_review,eda_rating_drivers,haiku,skill_off_update,value_mentioned,900,2,0.0022,0,0.0,1,0,0.8089
airlines_review,eda_rating_drivers,haiku,skill_off_update,punctuality_mentioned,900,2,0.0022,0,0.0,1,0,0.72
airlines_review,eda_rating_drivers,haiku,skill_off_update,cleanliness_mentioned,900,2,0.0022,0,0.0,1,0,0.87
airlines_review,eda_rating_drivers,haiku,skill_off_update,review_length,900,670,0.7444,0,0.0,0,507,0.0067
airlines_review,eda_rating_drivers,haiku,skill_off_update,detailed_negative_review,900,2,0.0022,0,0.0,1,0,0.7722
airlines_review,eda_rating_drivers,haiku,skill_off_update,detailed_positive_review,900,2,0.0022,0,0.0,1,0,0.5478
airlines_review,eda_rating_drivers,haiku,skill_off_update,dominant_theme,900,7,0.0078,0,0.0,1,seat_comfort,0.4611
airlines_review,eda_rating_drivers,haiku,skill_off_update,theme_count,900,8,0.0089,0,0.0,1,3,0.2467
airlines_review,eda_rating_drivers,sonnet,skill_off_update,theme_seat_comfort,900,2,0.0022,0,0.0,1,1,0.5133
airlines_review,eda_rating_drivers,sonnet,skill_off_update,theme_staff_service,900,2,0.0022,0,0.0,1,1,0.6511
airlines_review,eda_rating_drivers,sonnet,skill_off_update,theme_food_quality,900,2,0.0022,0,0.0,1,1,0.6344
airlines_review,eda_rating_drivers,sonnet,skill_off_update,theme_entertainment,900,2,0.0022,0,0.0,1,0,0.6322
airlines_review,eda_rating_drivers,sonnet,skill_off_update,theme_value_for_money,900,2,0.0022,0,0.0,1,0,0.8256
airlines_review,eda_rating_drivers,sonnet,skill_off_update,theme_punctuality,900,2,0.0022,0,0.0,1,0,0.7267
airlines_review,eda_rating_drivers,sonnet,skill_off_update,theme_cleanliness,900,2,0.0022,0,0.0,1,0,0.8689
airlines_review,eda_rating_drivers,sonnet,skill_off_update,theme_boarding,900,2,0.0022,0,0.0,1,0,0.6589
airlines_review,eda_rating_drivers,sonnet,skill_off_update,review_positive_word_count,900,9,0.01,0,0.0,1,0,0.2456
airlines_review,eda_rating_drivers,sonnet,skill_off_update,review_negative_word_count,900,6,0.0067,0,0.0,1,1,0.3811
airlines_review,eda_rating_drivers,sonnet,skill_off_update,review_sentiment_ratio,900,18,0.02,0,0.0,1,1.0,0.2889
airlines_review,eda_rating_drivers,sonnet,skill_off_update,review_word_count,900,305,0.3389,0,0.0,0,50,0.0133
airlines_review,eda_rating_drivers,haiku,skill_on_e2e,seat_comfort_sentiment,900,3,0.0033,0,0.0,1,positive,0.4911
airlines_review,eda_rating_drivers,haiku,skill_on_e2e,crew_service_quality,900,5,0.0056,57,0.0633,1,attentive_warm,0.4778
airlines_review,eda_rating_drivers,haiku,skill_on_e2e,food_quality_sentiment,900,5,0.0056,134,0.1489,1,poor_disappointing,0.2633
airlines_review,eda_rating_drivers,haiku,skill_on_e2e,operational_reliability,900,5,0.0056,325,0.3611,1,on_time_flawless,0.4911
airlines_review,eda_rating_drivers,haiku,skill_on_e2e,value_for_money_perception,900,4,0.0044,1,0.0011,1,premium_justified,0.3789
airlines_review,eda_rating_drivers,haiku,skill_on_e2e,class_product_alignment,900,5,0.0056,1,0.0011,1,service_standard_met,0.4078
airlines_review,eda_rating_drivers,haiku,skill_on_e2e,aircraft_condition,900,5,0.0056,97,0.1078,1,standard_acceptable,0.5844
airlines_review,eda_rating_drivers,sonnet,skill_on_e2e,crew_service_quality,900,5,0.0056,3,0.0033,1,exceptional,0.4322
airlines_review,eda_rating_drivers,sonnet,skill_on_e2e,proactive_crew_attentiveness,900,4,0.0044,23,0.0256,1,proactive,0.4733
airlines_review,eda_rating_drivers,sonnet,skill_on_e2e,special_needs_handling,900,2,0.0022,0,0.0,1,False,0.9344
airlines_review,eda_rating_drivers,sonnet,skill_on_e2e,aircraft_cabin_condition,900,5,0.0056,236,0.2622,1,adequate,0.5522
airlines_review,eda_rating_drivers,sonnet,skill_on_e2e,food_quality,900,5,0.0056,303,0.3367,1,Unknown,0.3367
airlines_review,eda_rating_drivers,sonnet,skill_on_e2e,special_meal_fulfillment,900,2,0.0022,0,0.0,1,False,0.9811
airlines_review,eda_rating_drivers,sonnet,skill_on_e2e,service_recovery_quality,900,4,0.0044,666,0.74,1,not_applicable,0.74
airlines_review,eda_rating_drivers,sonnet,skill_on_e2e,cabin_class_expectation_gap,900,5,0.0056,1,0.0011,1,exceeded_expectations,0.3078
airlines_review,eda_rating_drivers,sonnet,skill_on_e2e,booking_customer_service_issue,900,2,0.0022,0,0.0,1,False,0.8544
airlines_review,eda_rating_drivers,haiku,skill_on,crew_service_quality,900,5,0.0056,0,0.0,1,poor_inattentive,0.3211
airlines_review,eda_rating_drivers,haiku,skill_on,seat_comfort_product,900,5,0.0056,311,0.3456,1,Unknown,0.3456
airlines_review,eda_rating_drivers,haiku,skill_on,food_beverage_quality,900,7,0.0078,262,0.2911,1,good_tasty,0.24
airlines_review,eda_rating_drivers,haiku,skill_on,aircraft_product_age_condition,900,5,0.0056,257,0.2856,1,well_maintained,0.2956
airlines_review,eda_rating_drivers,haiku,skill_on,price_value_alignment,900,5,0.0056,1,0.0011,1,good_value,0.4622
airlines_review,eda_rating_drivers,haiku,skill_on,service_consistency_across_legs,900,5,0.0056,417,0.4633,1,Unknown,0.4633
airlines_review,eda_rating_drivers,sonnet,skill_on,service_style,900,5,0.0056,34,0.0378,1,personalized_warm,0.37
airlines_review,eda_rating_drivers,sonnet,skill_on,service_consistency,900,4,0.0044,1,0.0011,1,inconsistent,0.4278
airlines_review,eda_rating_drivers,sonnet,skill_on,food_quality,900,5,0.0056,286,0.3178,1,Unknown,0.3178
airlines_review,eda_rating_drivers,sonnet,skill_on,service_amenity_cuts,900,2,0.0022,0,0.0,1,False,0.8867
airlines_review,eda_rating_drivers,sonnet,skill_on,aircraft_cabin_condition,900,5,0.0056,273,0.3033,1,adequate,0.4967
airlines_review,eda_rating_drivers,sonnet,skill_on,flight_disruption_handling,900,4,0.0044,0,0.0,1,no_disruption,0.7744
airlines_review,eda_rating_drivers,sonnet,skill_on,special_needs_handling,900,2,0.0022,0,0.0,1,False,0.9344
airlines_review,eda_rating_drivers,sonnet,skill_on,class_value_alignment,900,4,0.0044,1,0.0011,1,below_expectations,0.4322
airlines_review,eda_rating_drivers,sonnet,skill_on,value_for_money_perception,900,4,0.0044,3,0.0033,1,overpriced,0.4222
airlines_review,focus_inference,haiku,skill_off_update,avg_rating,900,18,0.02,0,0.0,1,4.0,0.1156
airlines_review,focus_inference,haiku,skill_off_update,rating_consistency,900,37,0.0411,0,0.0,1,0.8944271909999159,0.0822
airlines_review,focus_inference,haiku,skill_off_update,lowest_rated_aspect,900,5,0.0056,0,0.0,1,Seat Comfort,0.2833
airlines_review,focus_inference,haiku,skill_off_update,satisfaction_gap,900,64,0.0711,0,0.0,1,5.8,0.0489
airlines_review,focus_inference,haiku,skill_off_update,review_length,900,670,0.7444,0,0.0,0,507,0.0067
airlines_review,focus_inference,haiku,skill_off_update,is_verified,900,2,0.0022,0,0.0,1,1,0.7722
airlines_review,focus_inference,haiku,skill_off_update,traveler_type,900,4,0.0044,0,0.0,1,Solo Leisure,0.3689
airlines_review,focus_inference,haiku,skill_off_update,is_business_class,900,2,0.0022,0,0.0,1,0,0.7367
airlines_review,focus_inference,sonnet,skill_off_update,dominant_topic,900,8,0.0089,0,0.0,1,staff,0.4767
airlines_review,focus_inference,sonnet,skill_off_update,review_sentiment,900,3,0.0033,0,0.0,1,positive,0.6311
airlines_review,focus_inference,sonnet,skill_off_update,review_length_category,900,3,0.0033,0,0.0,1,long,0.5789
airlines_review,focus_inference,haiku,skill_on_e2e,product_recency_and_condition,900,5,0.0056,238,0.2644,1,well_maintained_mid_life,0.33
airlines_review,focus_inference,haiku,skill_on_e2e,seat_comfort_and_configuration,900,5,0.0056,286,0.3178,1,Unknown,0.3178
airlines_review,focus_inference,haiku,skill_on_e2e,operational_reliability_and_punctuality,900,5,0.0056,431,0.4789,1,Unknown,0.4789
airlines_review,focus_inference,haiku,skill_on_e2e,customer_service_accessibility_and_responsiveness,900,6,0.0067,34,0.0378,1,responsive_adequate,0.5133
airlines_review,focus_inference,haiku,skill_on_e2e,price_value_perception_alignment,900,6,0.0067,71,0.0789,1,premium_price_unjustified_gap,0.4311
airlines_review,focus_inference,haiku,skill_on_e2e,brand_promise_delivery_gap,900,5,0.0056,0,0.0,1,fell_short_of_expectations,0.45
airlines_review,focus_inference,sonnet,skill_on_e2e,service_quality_signal,900,5,0.0056,3,0.0033,1,proactive_attentive,0.3956
airlines_review,focus_inference,sonnet,skill_on_e2e,service_consistency_issue,900,4,0.0044,1,0.0011,1,inconsistent_variable,0.4411
airlines_review,focus_inference,sonnet,skill_on_e2e,service_decline_mentioned,900,2,0.0022,0,0.0,1,False,0.91
airlines_review,focus_inference,sonnet,skill_on_e2e,family_child_service_quality,900,2,0.0022,0,0.0,1,False,0.9133
airlines_review,focus_inference,sonnet,skill_on_e2e,wifi_connectivity_quality,900,4,0.0044,864,0.96,1,,0.96
airlines_review,focus_inference,sonnet,skill_on_e2e,food_quality_signal,900,5,0.0056,248,0.2756,1,Unknown,0.2756
airlines_review,focus_inference,sonnet,skill_on_e2e,amenity_provision,900,5,0.0056,353,0.3922,1,Unknown,0.3922
airlines_review,focus_inference,sonnet,skill_on_e2e,operational_disruption_type,900,6,0.0067,752,0.8356,1,,0.8356
airlines_review,focus_inference,sonnet,skill_on_e2e,customer_service_resolution_outcome,900,4,0.0044,0,0.0,1,no_contact_needed,0.7711
airlines_review,focus_inference,sonnet,skill_on_e2e,ground_staff_experience,900,4,0.0044,728,0.8089,1,,0.8089
airlines_review,focus_inference,sonnet,skill_on_e2e,premium_economy_value_perception,900,3,0.0033,94,0.1044,1,False,0.8711
airlines_review,focus_inference,haiku,skill_on,primary_complaint_theme,900,10,0.0111,0,0.0,1,no_complaint,0.4733
airlines_review,focus_inference,haiku,skill_on,crew_service_quality,900,5,0.0056,3,0.0033,1,exceptional,0.4789
airlines_review,focus_inference,haiku,skill_on,seat_comfort_and_product,900,5,0.0056,202,0.2244,1,comfortable_adequate,0.4856
airlines_review,focus_inference,haiku,skill_on,food_quality_specificity,900,9,0.01,28,0.0311,1,no_food_issue,0.38
airlines_review,focus_inference,haiku,skill_on,value_perception,900,5,0.0056,9,0.01,1,excellent_value,0.39
airlines_review,focus_inference,haiku,skill_on,service_consistency_trajectory,900,5,0.0056,1,0.0011,1,consistently_high,0.4233
airlines_review,focus_inference,haiku,skill_on,operational_reliability,900,4,0.0044,0,0.0,1,on_time_smooth,0.6811
airlines_review,focus_inference,sonnet,skill_on,service_quality_signal,900,5,0.0056,2,0.0022,1,poor_or_rude,0.3856
airlines_review,focus_inference,sonnet,skill_on,food_quality_signal,900,6,0.0067,311,0.3456,1,Unknown,0.3456
airlines_review,focus_inference,sonnet,skill_on,seat_hardware_condition,900,5,0.0056,440,0.4889,1,Unknown,0.4889
airlines_review,focus_inference,sonnet,skill_on,operational_disruption_type,900,6,0.0067,775,0.8611,1,,0.8611
airlines_review,focus_inference,sonnet,skill_on,cabin_class_value_gap,900,4,0.0044,1,0.0011,1,overpriced_for_product,0.4267
airlines_review,focus_inference,sonnet,skill_on,service_decline_perception,900,2,0.0022,0,0.0,1,False,0.8922
airlines_review,focus_inference,sonnet,skill_on,service_consistency_across_legs,900,3,0.0033,770,0.8556,1,,0.8556
airlines_review,prediction_cathay_rating_model,haiku,skill_off_update,Service_Quality_Score,744,9,0.0121,0,0.0,1,4.5,0.1909
airlines_review,prediction_cathay_rating_model,haiku,skill_off_update,Comfort_Quality_Score,744,9,0.0121,0,0.0,1,3.0,0.2016
airlines_review,prediction_cathay_rating_model,haiku,skill_off_update,Value_Perception_Gap,744,30,0.0403,0,0.0,1,0.25,0.078
airlines_review,prediction_cathay_rating_model,haiku,skill_off_update,Route_Is_Long_Haul,744,2,0.0027,0,0.0,1,0,0.5027
airlines_review,prediction_cathay_rating_model,haiku,skill_off_update,Premium_Class_Flown,744,2,0.0027,0,0.0,1,0,0.6102
airlines_review,prediction_cathay_rating_model,haiku,skill_off_update,Service_Consistency,744,20,0.0269,0,0.0,1,0.9574271077563381,0.1156
airlines_review,prediction_cathay_rating_model,haiku,skill_off_update,Overall_Experience_Quality,744,16,0.0215,0,0.0,1,4.0,0.1384
airlines_review,prediction_cathay_rating_model,haiku,skill_off_update,Meets_High_Rating_Threshold,744,2,0.0027,0,0.0,1,0,0.5323
airlines_review,prediction_cathay_rating_model,haiku,skill_off_update,Business_Traveler,744,2,0.0027,0,0.0,1,0,0.8266
airlines_review,prediction_cathay_rating_model,haiku,skill_off_update,Review_Is_Verified,744,2,0.0027,0,0.0,1,1,0.7594
airlines_review,prediction_cathay_rating_model,sonnet,skill_off_update,review_sentiment,744,3,0.004,0,0.0,1,positive,0.4973
airlines_review,prediction_cathay_rating_model,sonnet,skill_off_update,weakest_attribute,744,5,0.0067,0,0.0,1,Seat Comfort,0.2742
airlines_review,prediction_cathay_rating_model,sonnet,skill_off_update,service_score_gap,744,5,0.0067,0,0.0,1,4,0.3831
airlines_review,prediction_cathay_rating_model,sonnet,skill_off_update,hub_route,744,2,0.0027,0,0.0,1,1,0.9597
airlines_review,prediction_cathay_rating_model,sonnet,skill_off_update,rating_vs_class_avg,744,28,0.0376,0,0.0,1,-4.73,0.1089
airlines_review,prediction_cathay_rating_model,sonnet,skill_off_update,priority_action,744,4,0.0054,0,0.0,1,on_track,0.4677
airlines_review,prediction_cathay_rating_model,haiku,skill_on_e2e,seat_comfort_problem,744,6,0.0081,280,0.3763,1,adequate,0.4906
airlines_review,prediction_cathay_rating_model,haiku,skill_on_e2e,meal_quality_problem,744,8,0.0108,240,0.3226,1,adequate,0.4704
airlines_review,prediction_cathay_rating_model,haiku,skill_on_e2e,cabin_crew_attentiveness,744,6,0.0081,46,0.0618,1,professional_attentive,0.5242
airlines_review,prediction_cathay_rating_model,haiku,skill_on_e2e,aircraft_age_configuration,744,6,0.0081,180,0.2419,1,adequate,0.4946
airlines_review,prediction_cathay_rating_model,haiku,skill_on_e2e,ground_service_efficiency,744,4,0.0054,0,0.0,1,efficient_smooth,0.5081
airlines_review,prediction_cathay_rating_model,haiku,skill_on_e2e,service_inconsistency,744,4,0.0054,0,0.0,1,consistent_standard,0.3589
airlines_review,prediction_cathay_rating_model,haiku,skill_on_e2e,traveler_type_expectation_mismatch,744,5,0.0067,26,0.0349,1,leisure_satisfied,0.4005
airlines_review,prediction_cathay_rating_model,sonnet,skill_on_e2e,cabin_crew_attitude,744,5,0.0067,12,0.0161,1,warm_and_proactive,0.3898
airlines_review,prediction_cathay_rating_model,sonnet,skill_on_e2e,food_quality_signal,744,5,0.0067,282,0.379,1,Unknown,0.379
airlines_review,prediction_cathay_rating_model,sonnet,skill_on_e2e,seat_comfort_signal,744,5,0.0067,240,0.3226,1,adequate,0.3562
airlines_review,prediction_cathay_rating_model,sonnet,skill_on_e2e,flight_disruption_type,744,7,0.0094,46,0.0618,1,on_time,0.7446
airlines_review,prediction_cathay_rating_model,sonnet,skill_on_e2e,boarding_process_quality,744,3,0.004,641,0.8616,1,,0.8616
airlines_review,prediction_cathay_rating_model,sonnet,skill_on_e2e,baggage_handling_outcome,744,5,0.0067,329,0.4422,1,no_issue,0.5349
airlines_review,prediction_cathay_rating_model,sonnet,skill_on_e2e,premium_economy_value_gap,744,2,0.0027,0,0.0,1,False,0.9261
airlines_review,prediction_cathay_rating_model,sonnet,skill_on_e2e,lounge_quality,744,4,0.0054,653,0.8777,1,,0.8777
airlines_review,prediction_cathay_rating_model,sonnet,skill_on_e2e,route_haul_type,744,4,0.0054,0,0.0,1,long_haul_7to14h,0.3898
airlines_review,prediction_cathay_rating_model,haiku,skill_on,service_failure_type,744,6,0.0081,288,0.3871,1,cabin_crew_attentiveness,0.3696
airlines_review,prediction_cathay_rating_model,haiku,skill_on,ground_service_quality,744,4,0.0054,0,0.0,1,efficient_standard,0.3091
airlines_review,prediction_cathay_rating_model,haiku,skill_on,cabin_staff_attentiveness,744,5,0.0067,9,0.0121,1,attentive_friendly,0.461
airlines_review,prediction_cathay_rating_model,haiku,skill_on,cabin_cleanliness_maintenance,744,5,0.0067,347,0.4664,1,Unknown,0.4664
airlines_review,prediction_cathay_rating_model,haiku,skill_on,customer_service_recovery_failure,744,2,0.0027,0,0.0,1,False,0.7554
airlines_review,prediction_cathay_rating_model,haiku,skill_on,ife_and_connectivity_quality,744,5,0.0067,329,0.4422,1,Unknown,0.4422
airlines_review,prediction_cathay_rating_model,haiku,skill_on,route_length_category,744,3,0.004,0,0.0,1,long_haul_over_12hrs,0.6304
airlines_review,prediction_cathay_rating_model,haiku,skill_on,traveller_segment_expectation_match,744,4,0.0054,0,0.0,1,solo_standard_expectation,0.4597
airlines_review,prediction_cathay_rating_model,sonnet,skill_on,cabin_crew_attitude,744,5,0.0067,48,0.0645,1,warm_and_proactive,0.4194
airlines_review,prediction_cathay_rating_model,sonnet,skill_on,inflight_service_consistency,744,5,0.0067,55,0.0739,1,proactive_and_frequent,0.4301
airlines_review,prediction_cathay_rating_model,sonnet,skill_on,food_quality_rating,744,5,0.0067,257,0.3454,1,Unknown,0.3454
airlines_review,prediction_cathay_rating_model,sonnet,skill_on,special_meal_handling,744,2,0.0027,0,0.0,1,False,0.9651
airlines_review,prediction_cathay_rating_model,sonnet,skill_on,seat_comfort_issue_type,744,6,0.0081,229,0.3078,1,adequate,0.5954
airlines_review,prediction_cathay_rating_model,sonnet,skill_on,flight_disruption_type,744,5,0.0067,583,0.7836,1,,0.7836
airlines_review,prediction_cathay_rating_model,sonnet,skill_on,route_segment_type,744,5,0.0067,3,0.004,1,long_haul,0.4288
airlines_review,prediction_cathay_rating_model,sonnet,skill_on,cabin_class_value_gap,744,3,0.004,0,0.0,1,met_expectations,0.4476
airlines_review,prediction_cathay_rating_model,sonnet,skill_on,service_consistency_perception,744,3,0.004,0,0.0,1,inconsistent,0.5336
airlines_review,prediction_cathay_rating_model,sonnet,skill_on,pre_covid_quality_shift,744,2,0.0027,0,0.0,1,False,0.9153
airlines_review,prediction_satisfaction_drivers,haiku,skill_off_update,Average_Service_Rating,900,20,0.0222,0,0.0,1,3.8,0.1222
airlines_review,prediction_satisfaction_drivers,haiku,skill_off_update,Service_Consistency,900,39,0.0433,0,0.0,1,1.16619037896906,0.0733
airlines_review,prediction_satisfaction_drivers,haiku,skill_off_update,Lowest_Rated_Dimension,900,5,0.0056,0,0.0,1,Seat Comfort,0.3056
airlines_review,prediction_satisfaction_drivers,haiku,skill_off_update,Poor_Dimensions_Count,900,6,0.0067,0,0.0,1,1,0.3333
airlines_review,prediction_satisfaction_drivers,haiku,skill_off_update,Review_Length,900,666,0.74,0,0.0,0,482,0.0067
airlines_review,prediction_satisfaction_drivers,haiku,skill_off_update,Review_Word_Count,900,314,0.3489,0,0.0,0,104,0.0133
airlines_review,prediction_satisfaction_drivers,haiku,skill_off_update,Is_Premium_Class,900,2,0.0022,0,0.0,1,0,0.7111
airlines_review,prediction_satisfaction_drivers,haiku,skill_off_update,Traveler_Category,900,3,0.0033,0,0.0,1,Solo,0.4178
airlines_review,prediction_satisfaction_drivers,haiku,skill_off_update,Review_Verified,900,2,0.0022,0,0.0,1,1,0.7589
airlines_review,prediction_satisfaction_drivers,sonnet,skill_off_update,Avg_Sub_Rating,900,20,0.0222,0,0.0,1,3.8,0.1222
airlines_review,prediction_satisfaction_drivers,sonnet,skill_off_update,Satisfaction_Gap,900,62,0.0689,0,0.0,1,-3.4,0.0367
airlines_review,prediction_satisfaction_drivers,sonnet,skill_off_update,Pain_Point_Dimension,900,5,0.0056,0,0.0,1,Seat Comfort,0.3056
airlines_review,prediction_satisfaction_drivers,sonnet,skill_off_update,Delight_Driver_Dimension,900,5,0.0056,0,0.0,1,Seat Comfort,0.3767
airlines_review,prediction_satisfaction_drivers,sonnet,skill_off_update,Sub_Rating_Variance,900,26,0.0289,0,0.0,1,1.7,0.0767
airlines_review,prediction_satisfaction_drivers,sonnet,skill_off_update,Service_Tier,900,3,0.0033,0,0.0,1,High,0.4778
airlines_review,prediction_satisfaction_drivers,sonnet,skill_off_update,Value_For_Money_Class_Adjusted,900,6,0.0067,0,0.0,1,1,0.2511
airlines_review,prediction_satisfaction_drivers,haiku,skill_on_e2e,crew_service_quality,900,6,0.0067,12,0.0133,1,attentive_friendly,0.3211
airlines_review,prediction_satisfaction_drivers,haiku,skill_on_e2e,seat_comfort_adequacy,900,5,0.0056,440,0.4889,1,Unknown,0.4889
airlines_review,prediction_satisfaction_drivers,haiku,skill_on_e2e,food_beverage_quality,900,5,0.0056,402,0.4467,1,Unknown,0.4467
airlines_review,prediction_satisfaction_drivers,haiku,skill_on_e2e,flight_punctuality_reliability,900,5,0.0056,135,0.15,1,on_time_reliable,0.6244
airlines_review,prediction_satisfaction_drivers,haiku,skill_on_e2e,operational_failure_category,900,6,0.0067,0,0.0,1,no_failure,0.6578
airlines_review,prediction_satisfaction_drivers,haiku,skill_on_e2e,post_incident_service_quality,900,5,0.0056,63,0.07,1,proactive_helpful,0.3356
airlines_review,prediction_satisfaction_drivers,sonnet,skill_on_e2e,crew_service_quality,900,5,0.0056,4,0.0044,1,poor,0.4622
airlines_review,prediction_satisfaction_drivers,sonnet,skill_on_e2e,customer_service_resolution_quality,900,4,0.0044,0,0.0,1,not_contacted,0.7333
airlines_review,prediction_satisfaction_drivers,sonnet,skill_on_e2e,service_failure_type,900,6,0.0067,0,0.0,1,no_failure,0.5378
airlines_review,prediction_satisfaction_drivers,sonnet,skill_on_e2e,flight_disruption_handling,900,3,0.0033,0,0.0,1,no_disruption,0.7167
airlines_review,prediction_satisfaction_drivers,sonnet,skill_on_e2e,ground_service_quality,900,4,0.0044,318,0.3533,1,poor,0.3978
airlines_review,prediction_satisfaction_drivers,haiku,skill_on,crew_service_quality,900,7,0.0078,11,0.0122,1,professional_attentive,0.3356
airlines_review,prediction_satisfaction_drivers,haiku,skill_on,meal_food_quality,900,6,0.0067,412,0.4578,1,Unknown,0.4311
airlines_review,prediction_satisfaction_drivers,haiku,skill_on,flight_on_time_reliability,900,5,0.0056,325,0.3611,1,on_time_early,0.4278
airlines_review,prediction_satisfaction_drivers,haiku,skill_on,ground_service_airport_experience,900,6,0.0067,109,0.1211,1,poor_disorganized_confused,0.34
airlines_review,prediction_satisfaction_drivers,haiku,skill_on,customer_service_responsiveness,900,6,0.0067,7,0.0078,1,unresponsive_dismissive,0.39
airlines_review,prediction_satisfaction_drivers,haiku,skill_on,airline_reliability_trustworthiness,900,5,0.0056,1,0.0011,1,mostly_reliable_occasional_issues,0.4156
airlines_review,prediction_satisfaction_drivers,sonnet,skill_on,crew_attitude,900,5,0.0056,85,0.0944,1,positive,0.4244
airlines_review,prediction_satisfaction_drivers,sonnet,skill_on,crew_proactivity,900,3,0.0033,1,0.0011,1,False,0.62
airlines_review,prediction_satisfaction_drivers,sonnet,skill_on,ground_service_quality,900,4,0.0044,315,0.35,1,negative,0.4033
airlines_review,prediction_satisfaction_drivers,sonnet,skill_on,delay_communication_quality,900,2,0.0022,0,0.0,1,False,0.9767
airlines_review,prediction_satisfaction_drivers,sonnet,skill_on,food_quality,900,4,0.0044,424,0.4711,1,Unknown,0.4711
airlines_review,prediction_satisfaction_drivers,sonnet,skill_on,food_variety_adequacy,900,3,0.0033,248,0.2756,1,False,0.4267
airlines_review,prediction_satisfaction_drivers,sonnet,skill_on,complaint_resolution_quality,900,4,0.0044,605,0.6722,1,not_applicable,0.6722
airlines_review,prediction_satisfaction_drivers,sonnet,skill_on,service_consistency,900,2,0.0022,0,0.0,1,False,0.6144
airlines_review,prediction_satisfaction_drivers,sonnet,skill_on,value_for_money_perception,900,3,0.0033,0,0.0,1,poor_value,0.4878
airlines_review,prediction_satisfaction_drivers,sonnet,skill_on,special_needs_handling,900,2,0.0022,0,0.0,1,False,0.96
airlines_review,whatif_service_complaints,haiku,skill_off_update,Has_Common_Complaint,900,2,0.0022,0,0.0,1,0,0.5989
airlines_review,whatif_service_complaints,haiku,skill_off_update,Improved_Rating_If_Fixed,900,19,0.0211,0,0.0,1,10.0,0.2678
airlines_review,whatif_service_complaints,sonnet,skill_off_update,is_cabin_service_complaint,900,2,0.0022,0,0.0,1,0,0.7567
airlines_review,whatif_service_complaints,sonnet,skill_off_update,whatif_overall_rating,900,29,0.0322,0,0.0,1,10,0.1822
airlines_review,whatif_service_complaints,haiku,skill_on_e2e,seat_comfort_complaint,900,2,0.0022,0,0.0,1,False,0.7589
airlines_review,whatif_service_complaints,haiku,skill_on_e2e,communication_and_transparency_failure,900,6,0.0067,0,0.0,1,no_issue,0.7878
airlines_review,whatif_service_complaints,haiku,skill_on_e2e,cabin_class_tier,900,4,0.0044,0,0.0,1,economy,0.5933
airlines_review,whatif_service_complaints,haiku,skill_on_e2e,traveller_segment,900,4,0.0044,0,0.0,1,solo_leisure,0.3689
airlines_review,whatif_service_complaints,haiku,skill_on_e2e,route_geography,900,3,0.0033,0,0.0,1,long_haul_intercontinental,0.5456
airlines_review,whatif_service_complaints,haiku,skill_on_e2e,crew_friendliness_positive,900,2,0.0022,0,0.0,1,True,0.5167
airlines_review,whatif_service_complaints,haiku,skill_on_e2e,flight_delay_operational_issue,900,4,0.0044,83,0.0922,1,on_time,0.7644
airlines_review,whatif_service_complaints,sonnet,skill_on_e2e,cabin_service_complaint_type,900,7,0.0078,363,0.4033,1,,0.4033
airlines_review,whatif_service_complaints,sonnet,skill_on_e2e,complaint_severity,900,5,0.0056,0,0.0,1,1,0.3944
airlines_review,whatif_service_complaints,sonnet,skill_on_e2e,crew_service_quality,900,5,0.0056,63,0.07,1,proactive_warm,0.4456
airlines_review,whatif_service_complaints,sonnet,skill_on_e2e,food_beverage_complaint_type,900,4,0.0044,0,0.0,1,no_complaint,0.7211
airlines_review,whatif_service_complaints,sonnet,skill_on_e2e,amenity_provision_level,900,4,0.0044,59,0.0656,1,full_amenities,0.4611
airlines_review,whatif_service_complaints,sonnet,skill_on_e2e,service_consistency,900,4,0.0044,180,0.2,1,consistent_throughout,0.6322
airlines_review,whatif_service_complaints,sonnet,skill_on_e2e,ground_service_complaint,900,6,0.0067,0,0.0,1,no_complaint,0.7511
airlines_review,whatif_service_complaints,sonnet,skill_on_e2e,flight_duration_band,900,5,0.0056,9,0.01,1,ultra_long_haul_over_13h,0.41
airlines_review,whatif_service_complaints,haiku,skill_on,seat_comfort_complaint,900,2,0.0022,0,0.0,1,False,0.7422
airlines_review,whatif_service_complaints,haiku,skill_on,food_quality_complaint,900,2,0.0022,0,0.0,1,True,0.5411
airlines_review,whatif_service_complaints,haiku,skill_on,cabin_crew_service_complaint,900,2,0.0022,0,0.0,1,True,0.5122
airlines_review,whatif_service_complaints,haiku,skill_on,amenity_reduction_complaint,900,2,0.0022,0,0.0,1,False,0.5944
airlines_review,whatif_service_complaints,haiku,skill_on,inflight_entertainment_complaint,900,2,0.0022,0,0.0,1,False,0.7522
airlines_review,whatif_service_complaints,haiku,skill_on,customer_service_complaint,900,2,0.0022,0,0.0,1,True,0.5456
airlines_review,whatif_service_complaints,haiku,skill_on,communication_issue,900,2,0.0022,0,0.0,1,False,0.7633
airlines_review,whatif_service_complaints,sonnet,skill_on,complaint_severity,900,4,0.0044,337,0.3744,1,,0.3744
airlines_review,whatif_service_complaints,sonnet,skill_on,service_decline_mentioned,900,2,0.0022,0,0.0,1,False,0.9133
airlines_review,whatif_service_complaints,sonnet,skill_on,premium_economy_value_gap,900,2,0.0022,0,0.0,1,False,0.9211
airlines_review,whatif_service_complaints,sonnet,skill_on,ground_service_failure,900,2,0.0022,0,0.0,1,False,0.8267
amazon_fine_food_review,causal_low_score_attribution,haiku,skill_off_update,summary_length,10000,105,0.0105,0,0.0,1,12,0.0411
amazon_fine_food_review,causal_low_score_attribution,haiku,skill_off_update,text_length,10000,1368,0.1368,0,0.0,1,137,0.0044
amazon_fine_food_review,causal_low_score_attribution,haiku,skill_off_update,has_negative_words,10000,2,0.0002,0,0.0,1,0,0.8208
amazon_fine_food_review,causal_low_score_attribution,haiku,skill_off_update,has_positive_words,10000,2,0.0002,0,0.0,1,1,0.7772
amazon_fine_food_review,causal_low_score_attribution,haiku,skill_off_update,helpfulness_ratio,10000,145,0.0145,0,0.0,1,0.0,0.5502
amazon_fine_food_review,causal_low_score_attribution,haiku,skill_off_update,has_complaint_markers,10000,2,0.0002,0,0.0,1,1,0.6421
amazon_fine_food_review,causal_low_score_attribution,haiku,skill_off_update,uppercase_ratio,10000,3562,0.3562,0,0.0,0,0.0,0.0162
amazon_fine_food_review,causal_low_score_attribution,haiku,skill_off_update,exclamation_count,10000,23,0.0023,0,0.0,1,0,0.6453
amazon_fine_food_review,causal_low_score_attribution,haiku,skill_off_update,question_count,10000,10,0.001,0,0.0,1,0,0.9377
amazon_fine_food_review,causal_low_score_attribution,haiku,skill_off_update,is_low_score,10000,2,0.0002,0,0.0,1,0,0.8478
amazon_fine_food_review,causal_low_score_attribution,sonnet,skill_off_update,is_low_score,10000,2,0.0002,0,0.0,1,0,0.8478
amazon_fine_food_review,causal_low_score_attribution,sonnet,skill_off_update,helpfulness_ratio,10000,145,0.0145,0,0.0,1,0.0,0.5502
amazon_fine_food_review,causal_low_score_attribution,sonnet,skill_off_update,review_length,10000,1368,0.1368,0,0.0,1,137,0.0044
amazon_fine_food_review,causal_low_score_attribution,sonnet,skill_off_update,word_count,10000,400,0.04,0,0.0,1,24,0.0194
amazon_fine_food_review,causal_low_score_attribution,sonnet,skill_off_update,has_exclamation,10000,2,0.0002,0,0.0,1,0,0.6453
amazon_fine_food_review,causal_low_score_attribution,sonnet,skill_off_update,has_question,10000,2,0.0002,0,0.0,1,0,0.9377
amazon_fine_food_review,causal_low_score_attribution,sonnet,skill_off_update,negative_word_count,10000,10,0.001,0,0.0,1,0,0.8063
amazon_fine_food_review,causal_low_score_attribution,sonnet,skill_off_update,positive_word_count,10000,15,0.0015,0,0.0,1,1,0.3166
amazon_fine_food_review,causal_low_score_attribution,sonnet,skill_off_update,sentiment_ratio,10000,44,0.0044,0,0.0,1,0.6666666666666666,0.2798
amazon_fine_food_review,causal_low_score_attribution,sonnet,skill_off_update,summary_length,10000,105,0.0105,0,0.0,1,12,0.0411
amazon_fine_food_review,causal_low_score_attribution,sonnet,skill_off_update,caps_ratio,10000,3562,0.3562,0,0.0,0,0.0,0.0162
amazon_fine_food_review,causal_low_score_attribution,sonnet,skill_off_update,product_avg_score,10000,170,0.017,0,0.0,1,5.0,0.1172
amazon_fine_food_review,causal_low_score_attribution,sonnet,skill_off_update,user_avg_score,10000,27,0.0027,0,0.0,1,5.0,0.5948
amazon_fine_food_review,causal_low_score_attribution,sonnet,skill_off_update,score_vs_product_avg,10000,638,0.0638,0,0.0,1,0.0,0.1486
amazon_fine_food_review,causal_low_score_attribution,sonnet,skill_off_update,reviewer_is_harsh,10000,2,0.0002,0,0.0,1,0,0.8515
amazon_fine_food_review,causal_low_score_attribution,haiku,skill_on_e2e,health_safety_concern,10000,15,0.0015,9209,0.9209,1,,0.9208
amazon_fine_food_review,causal_low_score_attribution,sonnet,skill_on_e2e,flavor_complaint,10000,7,0.0007,4,0.0004,1,no_complaint,0.8659
amazon_fine_food_review,causal_low_score_attribution,sonnet,skill_on_e2e,product_defect,10000,7,0.0007,4,0.0004,1,no_defect,0.9438
amazon_fine_food_review,causal_low_score_attribution,haiku,skill_on,product_freshness_spoilage,10000,11,0.0011,9538,0.9538,1,,0.5735
amazon_fine_food_review,causal_low_score_attribution,haiku,skill_on,manufacturing_defect,10000,11,0.0011,9183,0.9183,1,Unknown,0.4937
amazon_fine_food_review,causal_low_score_attribution,sonnet,skill_on,flavor_quality_complaint,10000,7,0.0007,8898,0.8898,1,,0.8897
amazon_fine_food_review,causal_low_score_attribution,sonnet,skill_on,aftertaste_complaint,10000,2,0.0002,0,0.0,1,False,0.9731
amazon_fine_food_review,causal_low_score_attribution,sonnet,skill_on,product_quality_defect,10000,6,0.0006,9516,0.9516,1,,0.9516
amazon_fine_food_review,causal_low_score_attribution,sonnet,skill_on,product_efficacy,10000,5,0.0005,1130,0.113,1,works_as_claimed,0.6318
amazon_fine_food_review,causal_low_score_attribution,sonnet,skill_on,animal_child_rejection,10000,2,0.0002,0,0.0,1,False,0.9859
amazon_fine_food_review,causal_low_score_attribution,sonnet,skill_on,quality_consistency_decline,10000,2,0.0002,0,0.0,1,False,0.9731
amazon_fine_food_review,causal_low_score_attribution,sonnet,skill_on,repeat_purchase_intent,10000,5,0.0005,6341,0.6341,1,,0.5793
amazon_fine_food_review,causal_whatif_helpfulness,haiku,skill_off_update,ProductInfoCompletenessScore,10000,423,0.0423,0,0.0,1,100,0.3134
amazon_fine_food_review,causal_whatif_helpfulness,haiku,skill_off_update,HasDetailedProductInfo,10000,2,0.0002,0,0.0,1,0,0.7569
amazon_fine_food_review,causal_whatif_helpfulness,sonnet,skill_off_update,product_info_score,10000,11,0.0011,0,0.0,1,1,0.3103
amazon_fine_food_review,causal_whatif_helpfulness,sonnet,skill_off_update,product_info_detail_level,10000,4,0.0004,1933,0.1933,1,low,0.5416
amazon_fine_food_review,causal_whatif_helpfulness,sonnet,skill_off_update,counterfactual_helpfulness_numerator_high_detail,10000,64,0.0064,0,0.0,1,0.8057771331375584,0.4878
amazon_fine_food_review,causal_whatif_helpfulness,sonnet,skill_off_update,helpfulness_numerator_delta_if_high_detail,10000,246,0.0246,0,0.0,1,0.81,0.5265
amazon_fine_food_review,causal_whatif_helpfulness,haiku,skill_on_e2e,product_detail_depth,10000,4,0.0004,61,0.0061,1,moderate,0.4635
amazon_fine_food_review,causal_whatif_helpfulness,haiku,skill_on_e2e,flavor_specificity,10000,3,0.0003,774,0.0774,1,vague,0.684
amazon_fine_food_review,causal_whatif_helpfulness,haiku,skill_on_e2e,sensory_and_quality_detail,10000,3,0.0003,0,0.0,1,minimal,0.356
amazon_fine_food_review,causal_whatif_helpfulness,haiku,skill_on_e2e,comparative_product_reference,10000,3,0.0003,37,0.0037,1,False,0.6609
amazon_fine_food_review,causal_whatif_helpfulness,haiku,skill_on_e2e,usage_context_and_instructions,10000,2,0.0002,0,0.0,1,True,0.5357
amazon_fine_food_review,causal_whatif_helpfulness,haiku,skill_on_e2e,ingredient_or_nutrition_data,10000,2,0.0002,0,0.0,1,False,0.8277
amazon_fine_food_review,causal_whatif_helpfulness,haiku,skill_on_e2e,quantified_specificity,10000,2,0.0002,0,0.0,1,True,0.8109
amazon_fine_food_review,causal_whatif_helpfulness,haiku,skill_on_e2e,problem_or_defect_mentioned,10000,2,0.0002,0,0.0,1,False,0.7063
amazon_fine_food_review,causal_whatif_helpfulness,haiku,skill_on_e2e,critical_transparency,10000,2,0.0002,0,0.0,1,False,0.5553
amazon_fine_food_review,causal_whatif_helpfulness,haiku,skill_on_e2e,actionable_use_guidance,10000,2,0.0002,0,0.0,1,True,0.6462
amazon_fine_food_review,causal_whatif_helpfulness,haiku,skill_on_e2e,reviewer_expertise_or_authority_signaled,10000,5,0.0005,2,0.0002,1,casual_trier,0.4573
amazon_fine_food_review,causal_whatif_helpfulness,haiku,skill_on_e2e,personal_context_provided,10000,2,0.0002,0,0.0,1,True,0.8386
amazon_fine_food_review,causal_whatif_helpfulness,haiku,skill_on_e2e,personal_use_evidence,10000,6,0.0006,7,0.0007,1,repeated_use,0.6569
amazon_fine_food_review,causal_whatif_helpfulness,haiku,skill_on_e2e,review_tone_and_balance,10000,4,0.0004,70,0.007,1,skewed_positive,0.5895
amazon_fine_food_review,causal_whatif_helpfulness,haiku,skill_on_e2e,review_tone_certainty,10000,3,0.0003,0,0.0,1,high_confidence,0.6885
amazon_fine_food_review,causal_whatif_helpfulness,sonnet,skill_on_e2e,ingredient_or_composition_mention,10000,2,0.0002,0,0.0,1,False,0.8672
amazon_fine_food_review,causal_whatif_helpfulness,sonnet,skill_on_e2e,comparative_reference,10000,2,0.0002,0,0.0,1,False,0.794
amazon_fine_food_review,causal_whatif_helpfulness,sonnet,skill_on_e2e,usage_instruction_provided,10000,2,0.0002,0,0.0,1,False,0.8444
amazon_fine_food_review,causal_whatif_helpfulness,sonnet,skill_on_e2e,quantitative_detail,10000,2,0.0002,0,0.0,1,False,0.8574
amazon_fine_food_review,causal_whatif_helpfulness,sonnet,skill_on_e2e,negative_detail_type,10000,5,0.0005,7321,0.7321,1,,0.7321
amazon_fine_food_review,causal_whatif_helpfulness,sonnet,skill_on_e2e,label_accuracy_complaint,10000,5,0.0005,9614,0.9614,1,,0.9614
amazon_fine_food_review,causal_whatif_helpfulness,sonnet,skill_on_e2e,review_structure_type,10000,5,0.0005,0,0.0,1,narrative,0.5118
amazon_fine_food_review,causal_whatif_helpfulness,sonnet,skill_on_e2e,product_category_group,10000,10,0.001,102,0.0102,1,coffee_tea_pod,0.2455
amazon_fine_food_review,causal_whatif_helpfulness,sonnet,skill_on_e2e,reviewer_expertise_signal,10000,5,0.0005,0,0.0,1,regular_consumer,0.7016
amazon_fine_food_review,causal_whatif_helpfulness,sonnet,skill_on_e2e,review_sentiment_direction,10000,5,0.0005,0,0.0,1,strongly_positive,0.6074
amazon_fine_food_review,causal_whatif_helpfulness,haiku,skill_on,product_information_specificity,10000,4,0.0004,2,0.0002,1,minimal,0.413
amazon_fine_food_review,causal_whatif_helpfulness,haiku,skill_on,ingredient_nutrition_mention,10000,2,0.0002,0,0.0,1,False,0.7659
amazon_fine_food_review,causal_whatif_helpfulness,haiku,skill_on,flavor_profile_articulation,10000,2,0.0002,0,0.0,1,True,0.5804
amazon_fine_food_review,causal_whatif_helpfulness,haiku,skill_on,comparative_evidence_present,10000,2,0.0002,0,0.0,1,True,0.5786
amazon_fine_food_review,causal_whatif_helpfulness,haiku,skill_on,usage_context_specification,10000,2,0.0002,0,0.0,1,True,0.7301
amazon_fine_food_review,causal_whatif_helpfulness,haiku,skill_on,quantitative_detail_present,10000,2,0.0002,0,0.0,1,True,0.5697
amazon_fine_food_review,causal_whatif_helpfulness,haiku,skill_on,problem_solution_narrative,10000,2,0.0002,0,0.0,1,False,0.6743
amazon_fine_food_review,causal_whatif_helpfulness,haiku,skill_on,negative_or_tradeoff_mentioned,10000,2,0.0002,0,0.0,1,False,0.6286
amazon_fine_food_review,causal_whatif_helpfulness,haiku,skill_on,actionable_guidance_provided,10000,5,0.0005,6610,0.661,1,,0.661
amazon_fine_food_review,causal_whatif_helpfulness,haiku,skill_on,sentiment_balance,10000,5,0.0005,14,0.0014,1,positive_only,0.6088
amazon_fine_food_review,causal_whatif_helpfulness,haiku,skill_on,sentiment_tone,10000,7,0.0007,1,0.0001,1,strongly_positive,0.4109
amazon_fine_food_review,causal_whatif_helpfulness,haiku,skill_on,reviewer_expertise_signal,10000,6,0.0006,0,0.0,1,casual_consumer,0.6532
amazon_fine_food_review,causal_whatif_helpfulness,haiku,skill_on,review_length_indicator,10000,3,0.0003,0,0.0,1,short,0.4074
amazon_fine_food_review,causal_whatif_helpfulness,haiku,skill_on,quality_defect_or_consistency_issue,10000,3,0.0003,1,0.0001,1,False,0.811
amazon_fine_food_review,causal_whatif_helpfulness,sonnet,skill_on,ingredient_or_nutrition_mention,10000,2,0.0002,0,0.0,1,False,0.8662
amazon_fine_food_review,causal_whatif_helpfulness,sonnet,skill_on,comparison_to_alternatives,10000,2,0.0002,0,0.0,1,False,0.8048
amazon_fine_food_review,causal_whatif_helpfulness,sonnet,skill_on,usage_instruction_or_tip,10000,2,0.0002,0,0.0,1,False,0.8143
amazon_fine_food_review,causal_whatif_helpfulness,sonnet,skill_on,quantitative_claim_present,10000,2,0.0002,0,0.0,1,False,0.813
amazon_fine_food_review,causal_whatif_helpfulness,sonnet,skill_on,health_or_dietary_claim,10000,2,0.0002,0,0.0,1,False,0.824
amazon_fine_food_review,causal_whatif_helpfulness,sonnet,skill_on,product_labeling_accuracy_issue,10000,2,0.0002,0,0.0,1,False,0.9547
amazon_fine_food_review,causal_whatif_helpfulness,sonnet,skill_on,use_case_context,10000,7,0.0007,5,0.0005,1,general_use,0.5751
amazon_fine_food_review,causal_whatif_helpfulness,sonnet,skill_on,review_sentiment_polarity,10000,5,0.0005,9,0.0009,1,strongly_positive,0.5929
amazon_fine_food_review,causal_whatif_helpfulness,sonnet,skill_on,reviewer_expertise_signal,10000,4,0.0004,0,0.0,1,casual_user,0.5658
amazon_fine_food_review,causal_whatif_helpfulness,sonnet,skill_on,product_category,10000,7,0.0007,0,0.0,1,food_snack,0.4394
amazon_fine_food_review,causal_whatif_helpfulness,sonnet,skill_on,review_length_tier,10000,5,0.0005,0,0.0,1,2,0.3618
amazon_fine_food_review,concept_focus_inference,haiku,skill_off_update,helpfulness_ratio,10000,145,0.0145,0,0.0,1,0.0,0.5502
amazon_fine_food_review,concept_focus_inference,haiku,skill_off_update,review_length,10000,400,0.04,0,0.0,1,24,0.0194
amazon_fine_food_review,concept_focus_inference,haiku,skill_off_update,mentions_quality_issues,10000,2,0.0002,0,0.0,1,0,0.9119
amazon_fine_food_review,concept_focus_inference,haiku,skill_off_update,mentions_value_price,10000,2,0.0002,0,0.0,1,0,0.7505
amazon_fine_food_review,concept_focus_inference,haiku,skill_off_update,mentions_delivery,10000,2,0.0002,0,0.0,1,0,0.8727
amazon_fine_food_review,concept_focus_inference,haiku,skill_off_update,low_score_with_issue,10000,2,0.0002,0,0.0,1,0,0.9681
amazon_fine_food_review,concept_focus_inference,haiku,skill_off_update,high_satisfaction_indicator,10000,2,0.0002,0,0.0,1,1,0.7616
amazon_fine_food_review,concept_focus_inference,sonnet,skill_off_update,sentiment,10000,3,0.0003,0,0.0,1,positive,0.7616
amazon_fine_food_review,concept_focus_inference,sonnet,skill_off_update,product_avg_score,10000,136,0.0136,0,0.0,1,5.00,0.1172
amazon_fine_food_review,concept_focus_inference,sonnet,skill_off_update,score_vs_product_avg,10000,418,0.0418,0,0.0,1,0.00,0.1486
amazon_fine_food_review,concept_focus_inference,sonnet,skill_off_update,helpfulness_ratio,10000,144,0.0144,4878,0.4878,1,,0.4878
amazon_fine_food_review,concept_focus_inference,sonnet,skill_off_update,review_length,10000,3,0.0003,0,0.0,1,medium,0.7448
amazon_fine_food_review,concept_focus_inference,sonnet,skill_off_update,flag_quality,10000,2,0.0002,0,0.0,1,0,0.919
amazon_fine_food_review,concept_focus_inference,sonnet,skill_off_update,flag_taste,10000,2,0.0002,0,0.0,1,0,0.5785
amazon_fine_food_review,concept_focus_inference,sonnet,skill_off_update,flag_misleading,10000,2,0.0002,0,0.0,1,0,0.9951
amazon_fine_food_review,concept_focus_inference,sonnet,skill_off_update,flag_shipping,10000,2,0.0002,0,0.0,1,0,0.9594
amazon_fine_food_review,concept_focus_inference,sonnet,skill_off_update,flag_value,10000,2,0.0002,0,0.0,1,0,0.9193
amazon_fine_food_review,concept_focus_inference,haiku,skill_on_e2e,product_quality_defect,10000,8,0.0008,27,0.0027,1,no_defect,0.7538
amazon_fine_food_review,concept_focus_inference,haiku,skill_on_e2e,taste_satisfaction,10000,9,0.0009,3,0.0003,1,appealing_taste,0.6704
amazon_fine_food_review,concept_focus_inference,haiku,skill_on_e2e,expectation_gap,10000,10,0.001,80,0.008,1,exceeded,0.5455
amazon_fine_food_review,concept_focus_inference,haiku,skill_on_e2e,price_value_perception,10000,9,0.0009,2061,0.2061,1,acceptable_value,0.422
amazon_fine_food_review,concept_focus_inference,haiku,skill_on_e2e,fulfillment_integrity,10000,8,0.0008,8823,0.8823,1,,0.8822
amazon_fine_food_review,concept_focus_inference,sonnet,skill_on_e2e,ingredient_concern,10000,8,0.0008,9139,0.9139,1,,0.9138
amazon_fine_food_review,concept_focus_inference,sonnet,skill_on_e2e,safety_health_adverse_event,10000,6,0.0006,9781,0.9781,1,,0.9781
amazon_fine_food_review,concept_focus_inference,sonnet,skill_on_e2e,labeling_description_accuracy,10000,3,0.0003,988,0.0988,1,True,0.6973
amazon_fine_food_review,concept_focus_inference,sonnet,skill_on_e2e,health_dietary_fit,10000,8,0.0008,1,0.0001,1,not_relevant,0.7555
amazon_fine_food_review,concept_focus_inference,sonnet,skill_on_e2e,product_effectiveness,10000,5,0.0005,958,0.0958,1,confirmed_effective,0.6399
amazon_fine_food_review,concept_focus_inference,sonnet,skill_on_e2e,customer_service_response,10000,5,0.0005,9831,0.9831,1,,0.9831
amazon_fine_food_review,concept_focus_inference,sonnet,skill_on_e2e,usage_context,10000,8,0.0008,105,0.0105,1,personal_consumption,0.4747
amazon_fine_food_review,concept_focus_inference,sonnet,skill_on_e2e,purchase_channel_advantage,10000,6,0.0006,2569,0.2569,1,no_channel_preference,0.6305
amazon_fine_food_review,concept_focus_inference,haiku,skill_on,flavor_quality,10000,6,0.0006,6,0.0006,1,excellent,0.5318
amazon_fine_food_review,concept_focus_inference,haiku,skill_on,expectation_mismatch,10000,9,0.0009,42,0.0042,1,no_mismatch,0.7617
amazon_fine_food_review,concept_focus_inference,haiku,skill_on,ingredient_concern,10000,12,0.0012,2,0.0002,1,no_concern,0.7071
amazon_fine_food_review,concept_focus_inference,sonnet,skill_on,taste_quality,10000,4,0.0004,481,0.0481,1,positive,0.6879
amazon_fine_food_review,concept_focus_inference,sonnet,skill_on,ingredient_quality_concern,10000,7,0.0007,9392,0.9392,1,,0.9392
amazon_fine_food_review,concept_focus_inference,sonnet,skill_on,product_quality_consistency,10000,6,0.0006,24,0.0024,1,consistent_positive,0.5543
amazon_fine_food_review,concept_focus_inference,sonnet,skill_on,functional_efficacy,10000,5,0.0005,1131,0.1131,1,works_as_claimed,0.6364
amazon_fine_food_review,concept_focus_inference,sonnet,skill_on,palatability_acceptance,10000,5,0.0005,427,0.0427,1,enthusiastic_acceptance,0.7204
amazon_fine_food_review,concept_focus_inference,sonnet,skill_on,repeat_purchase_intent,10000,4,0.0004,3187,0.3187,1,Unknown,0.3187
amazon_fine_food_review,concept_focus_inference,sonnet,skill_on,adverse_reaction,10000,2,0.0002,0,0.0,1,False,0.9851
amazon_fine_food_review,concept_focus_inference,sonnet,skill_on,use_context,10000,8,0.0008,29,0.0029,1,personal_use,0.6899
amazon_fine_food_review,concept_focus_inference,sonnet,skill_on,seller_service_quality,10000,4,0.0004,9813,0.9813,1,,0.9813
amazon_fine_food_review,concept_food_quality_facets,haiku,skill_off_update,facet_taste_flavor,10000,2,0.0002,0,0.0,1,1,0.5632
amazon_fine_food_review,concept_food_quality_facets,haiku,skill_off_update,facet_texture,10000,2,0.0002,0,0.0,1,0,0.8775
amazon_fine_food_review,concept_food_quality_facets,haiku,skill_off_update,facet_freshness,10000,2,0.0002,0,0.0,1,0,0.7201
amazon_fine_food_review,concept_food_quality_facets,haiku,skill_off_update,facet_packaging,10000,2,0.0002,0,0.0,1,0,0.7708
amazon_fine_food_review,concept_food_quality_facets,haiku,skill_off_update,facet_value_price,10000,2,0.0002,0,0.0,1,0,0.7517
amazon_fine_food_review,concept_food_quality_facets,haiku,skill_off_update,facet_health_nutrition,10000,2,0.0002,0,0.0,1,0,0.8012
amazon_fine_food_review,concept_food_quality_facets,haiku,skill_off_update,facet_product_variety,10000,2,0.0002,0,0.0,1,0,0.8642
amazon_fine_food_review,concept_food_quality_facets,haiku,skill_off_update,facet_consistency_reliability,10000,2,0.0002,0,0.0,1,0,0.9153
amazon_fine_food_review,concept_food_quality_facets,haiku,skill_off_update,facet_comparison_brand,10000,2,0.0002,0,0.0,1,0,0.802
amazon_fine_food_review,concept_food_quality_facets,haiku,skill_off_update,facet_delivery_service,10000,2,0.0002,0,0.0,1,0,0.7383
amazon_fine_food_review,concept_food_quality_facets,sonnet,skill_off_update,facet_taste,10000,2,0.0002,0,0.0,1,1,0.5607
amazon_fine_food_review,concept_food_quality_facets,sonnet,skill_off_update,facet_texture,10000,2,0.0002,0,0.0,1,0,0.7991
amazon_fine_food_review,concept_food_quality_facets,sonnet,skill_off_update,facet_freshness,10000,2,0.0002,0,0.0,1,0,0.8876
amazon_fine_food_review,concept_food_quality_facets,sonnet,skill_off_update,facet_smell_aroma,10000,2,0.0002,0,0.0,1,0,0.9522
amazon_fine_food_review,concept_food_quality_facets,sonnet,skill_off_update,facet_appearance,10000,2,0.0002,0,0.0,1,0,0.8354
amazon_fine_food_review,concept_food_quality_facets,sonnet,skill_off_update,facet_ingredients_nutrition,10000,2,0.0002,0,0.0,1,0,0.7402
amazon_fine_food_review,concept_food_quality_facets,sonnet,skill_off_update,facet_packaging_quantity,10000,2,0.0002,0,0.0,1,0,0.5166
amazon_fine_food_review,concept_food_quality_facets,sonnet,skill_off_update,facet_consistency_brand,10000,2,0.0002,0,0.0,1,0,0.8667
amazon_fine_food_review,concept_food_quality_facets,sonnet,skill_off_update,primary_quality_facet,10000,9,0.0009,1222,0.1222,1,taste,0.3065
amazon_fine_food_review,concept_food_quality_facets,haiku,skill_on_e2e,taste_flavor_quality,10000,13,0.0013,309,0.0309,1,excellent,0.4211
amazon_fine_food_review,concept_food_quality_facets,sonnet,skill_on_e2e,flavor_intensity,10000,4,0.0004,3402,0.3402,1,balanced,0.5332
amazon_fine_food_review,concept_food_quality_facets,sonnet,skill_on_e2e,flavor_authenticity,10000,4,0.0004,680,0.068,1,matches_expectation,0.6805
amazon_fine_food_review,concept_food_quality_facets,sonnet,skill_on_e2e,functional_performance,10000,5,0.0005,2346,0.2346,1,works_as_claimed,0.5262
amazon_fine_food_review,concept_food_quality_facets,sonnet,skill_on_e2e,product_description_accuracy,10000,4,0.0004,809,0.0809,1,accurately_described,0.7004
amazon_fine_food_review,concept_food_quality_facets,haiku,skill_on,freshness_condition,10000,18,0.0018,8741,0.8741,1,Unknown,0.6584
amazon_fine_food_review,concept_food_quality_facets,haiku,skill_on,value_for_price,10000,16,0.0016,7892,0.7892,1,Unknown,0.5281
amazon_fine_food_review,concept_food_quality_facets,sonnet,skill_on,taste_quality,10000,4,0.0004,543,0.0543,1,positive,0.6798
amazon_fine_food_review,concept_food_quality_facets,sonnet,skill_on,ingredient_quality,10000,5,0.0005,4588,0.4588,1,Unknown,0.4588
amazon_fine_food_review,concept_food_quality_facets,sonnet,skill_on,health_dietary_fit,10000,4,0.0004,0,0.0,1,neutral_or_not_mentioned,0.7211
amazon_fine_food_review,concept_food_quality_facets,sonnet,skill_on,functional_performance,10000,5,0.0005,269,0.0269,1,performs_as_intended,0.7069
amazon_fine_food_review,eda_product_attributes,haiku,skill_off_update,review_text_length,10000,1368,0.1368,0,0.0,1,137,0.0044
amazon_fine_food_review,eda_product_attributes,haiku,skill_off_update,summary_length,10000,105,0.0105,0,0.0,1,12,0.0411
amazon_fine_food_review,eda_product_attributes,haiku,skill_off_update,exclamation_count,10000,23,0.0023,0,0.0,1,0,0.6453
amazon_fine_food_review,eda_product_attributes,haiku,skill_off_update,positive_words_count,10000,10,0.001,0,0.0,1,0,0.4032
amazon_fine_food_review,eda_product_attributes,haiku,skill_off_update,negative_words_count,10000,8,0.0008,0,0.0,1,0,0.8889
amazon_fine_food_review,eda_product_attributes,haiku,skill_off_update,helpfulness_ratio,10000,145,0.0145,0,0.0,1,0.0,0.5502
amazon_fine_food_review,eda_product_attributes,haiku,skill_off_update,sentiment_score,10000,17,0.0017,0,0.0,1,0,0.3773
amazon_fine_food_review,eda_product_attributes,haiku,skill_off_update,review_quality,10000,6,0.0006,0,0.0,1,0.67,0.4054
amazon_fine_food_review,eda_product_attributes,haiku,skill_off_update,high_satisfaction,10000,2,0.0002,0,0.0,1,1,0.7616
amazon_fine_food_review,eda_product_attributes,sonnet,skill_off_update,mentioned_attributes,10000,585,0.0585,961,0.0961,1,none,0.0961
amazon_fine_food_review,eda_product_attributes,sonnet,skill_off_update,attribute_count,10000,10,0.001,0,0.0,1,2,0.2388
amazon_fine_food_review,eda_product_attributes,sonnet,skill_off_update,attr_taste_flavor,10000,2,0.0002,0,0.0,1,1,0.5628
amazon_fine_food_review,eda_product_attributes,sonnet,skill_off_update,attr_texture,10000,2,0.0002,0,0.0,1,0,0.8343
amazon_fine_food_review,eda_product_attributes,sonnet,skill_off_update,attr_smell_aroma,10000,2,0.0002,0,0.0,1,0,0.953
amazon_fine_food_review,eda_product_attributes,sonnet,skill_off_update,attr_quality,10000,2,0.0002,0,0.0,1,0,0.7695
amazon_fine_food_review,eda_product_attributes,sonnet,skill_off_update,attr_packaging,10000,2,0.0002,0,0.0,1,0,0.6239
amazon_fine_food_review,eda_product_attributes,sonnet,skill_off_update,attr_value_price,10000,2,0.0002,0,0.0,1,0,0.759
amazon_fine_food_review,eda_product_attributes,sonnet,skill_off_update,attr_ingredients,10000,2,0.0002,0,0.0,1,0,0.7276
amazon_fine_food_review,eda_product_attributes,sonnet,skill_off_update,attr_health_nutrition,10000,2,0.0002,0,0.0,1,0,0.8185
amazon_fine_food_review,eda_product_attributes,sonnet,skill_off_update,attr_size_quantity,10000,2,0.0002,0,0.0,1,0,0.7183
amazon_fine_food_review,eda_product_attributes,sonnet,skill_off_update,attr_shipping_delivery,10000,2,0.0002,0,0.0,1,0,0.8408
amazon_fine_food_review,eda_product_attributes,sonnet,skill_off_update,positive_word_count,10000,15,0.0015,0,0.0,1,2,0.2519
amazon_fine_food_review,eda_product_attributes,sonnet,skill_off_update,negative_word_count,10000,10,0.001,0,0.0,1,0,0.8291
amazon_fine_food_review,eda_product_attributes,sonnet,skill_off_update,sentiment_ratio,10000,44,0.0044,0,0.0,1,0.6667,0.2303
amazon_fine_food_review,eda_product_attributes,sonnet,skill_off_update,review_length_bucket,10000,3,0.0003,0,0.0,1,medium,0.5701
amazon_fine_food_review,eda_product_attributes,haiku,skill_on_e2e,product_quality_reliability,10000,6,0.0006,62,0.0062,1,reliable_no_issues,0.7295
amazon_fine_food_review,eda_product_attributes,haiku,skill_on_e2e,comparison_to_alternatives,10000,6,0.0006,10,0.001,1,superior_to_alternatives,0.5353
amazon_fine_food_review,eda_product_attributes,sonnet,skill_on_e2e,taste_flavor_sentiment,10000,5,0.0005,978,0.0978,1,positive,0.6565
amazon_fine_food_review,eda_product_attributes,sonnet,skill_on_e2e,aftertaste_presence,10000,4,0.0004,9579,0.9579,1,,0.9579
amazon_fine_food_review,eda_product_attributes,sonnet,skill_on_e2e,sweetness_level_judgment,10000,4,0.0004,9489,0.9489,1,,0.9489
amazon_fine_food_review,eda_product_attributes,sonnet,skill_on_e2e,texture_quality,10000,3,0.0003,8271,0.8271,1,,0.8271
amazon_fine_food_review,eda_product_attributes,sonnet,skill_on_e2e,dietary_restriction_buyer,10000,2,0.0002,0,0.0,1,False,0.9142
amazon_fine_food_review,eda_product_attributes,sonnet,skill_on_e2e,repeat_purchase_intent,10000,3,0.0003,189,0.0189,1,False,0.5869
amazon_fine_food_review,eda_product_attributes,sonnet,skill_on_e2e,ease_of_use_preparation,10000,4,0.0004,5818,0.5818,1,not_applicable,0.5818
amazon_fine_food_review,eda_product_attributes,sonnet,skill_on_e2e,seller_customer_service_experience,10000,4,0.0004,9095,0.9095,1,,0.9095
amazon_fine_food_review,eda_product_attributes,haiku,skill_on,flavor_quality,10000,6,0.0006,39,0.0039,1,excellent,0.5826
amazon_fine_food_review,eda_product_attributes,haiku,skill_on,texture_mouthfeel,10000,6,0.0006,1032,0.1032,1,excellent,0.3739
amazon_fine_food_review,eda_product_attributes,haiku,skill_on,product_quality_perception,10000,5,0.0005,16,0.0016,1,high_quality,0.6625
amazon_fine_food_review,eda_product_attributes,haiku,skill_on,health_wellness_benefit,10000,5,0.0005,48,0.0048,1,health_neutral,0.4904
amazon_fine_food_review,eda_product_attributes,haiku,skill_on,value_for_price_perception,10000,6,0.0006,3604,0.3604,1,good_value,0.4047
amazon_fine_food_review,eda_product_attributes,haiku,skill_on,product_consistency_reliability,10000,6,0.0006,156,0.0156,1,consistent_reliable,0.6108
amazon_fine_food_review,eda_product_attributes,haiku,skill_on,functional_efficacy,10000,5,0.0005,102,0.0102,1,works_as_advertised,0.7071
amazon_fine_food_review,eda_product_attributes,haiku,skill_on,repeat_purchase_intent,10000,3,0.0003,3,0.0003,1,True,0.6897
amazon_fine_food_review,eda_product_attributes,haiku,skill_on,use_case_fit_suitability,10000,6,0.0006,131,0.0131,1,ideal_for_use_case,0.5349
amazon_fine_food_review,eda_product_attributes,haiku,skill_on,ingredient_transparency_trust,10000,6,0.0006,3338,0.3338,1,transparent_labeled,0.4176
amazon_fine_food_review,eda_product_attributes,sonnet,skill_on,flavor_quality,10000,5,0.0005,651,0.0651,1,excellent,0.415
amazon_fine_food_review,eda_product_attributes,sonnet,skill_on,product_consistency,10000,4,0.0004,1769,0.1769,1,consistent_quality,0.7401
amazon_fine_food_review,eda_product_attributes,sonnet,skill_on,ingredient_quality_perception,10000,4,0.0004,606,0.0606,1,high,0.6487
amazon_fine_food_review,eda_product_attributes,sonnet,skill_on,product_description_accuracy,10000,3,0.0003,443,0.0443,1,True,0.7605
amazon_fine_food_review,eda_product_attributes,sonnet,skill_on,palatability_acceptance,10000,6,0.0006,176,0.0176,1,enthusiastic,0.657
amazon_fine_food_review,eda_product_attributes,sonnet,skill_on,repeat_purchase_intent,10000,3,0.0003,390,0.039,1,False,0.6102
amazon_fine_food_review,eda_product_attributes,sonnet,skill_on,use_case_context,10000,7,0.0007,386,0.0386,1,beverage_standalone,0.3272
amazon_fine_food_review,focus_inference,haiku,skill_off_update,review_length,10000,1368,0.1368,0,0.0,1,137,0.0044
amazon_fine_food_review,focus_inference,haiku,skill_off_update,sentiment,10000,3,0.0003,0,0.0,1,Positive,0.7616
amazon_fine_food_review,focus_inference,haiku,skill_off_update,helpfulness_ratio,10000,78,0.0078,0,0.0,1,0.0,0.5502
amazon_fine_food_review,focus_inference,haiku,skill_off_update,has_criticism,10000,2,0.0002,0,0.0,1,True,0.5473
amazon_fine_food_review,focus_inference,haiku,skill_off_update,engagement_level,10000,3,0.0003,0,0.0,1,Medium,0.5698
amazon_fine_food_review,focus_inference,sonnet,skill_off_update,sentiment_label,10000,3,0.0003,0,0.0,1,positive,0.7616
amazon_fine_food_review,focus_inference,sonnet,skill_off_update,helpfulness_ratio,10000,146,0.0146,4878,0.4878,1,,0.4878
amazon_fine_food_review,focus_inference,sonnet,skill_off_update,review_length_bucket,10000,3,0.0003,0,0.0,1,medium,0.6523
amazon_fine_food_review,focus_inference,sonnet,skill_off_update,issue_flags,10000,60,0.006,1034,0.1034,1,taste,0.3735
amazon_fine_food_review,focus_inference,sonnet,skill_off_update,repeat_buy_signal,10000,2,0.0002,0,0.0,1,0,0.8174
amazon_fine_food_review,focus_inference,sonnet,skill_off_update,exclamation_count,10000,23,0.0023,0,0.0,1,0,0.6453
amazon_fine_food_review,focus_inference,sonnet,skill_off_update,caps_ratio,10000,1017,0.1017,0,0.0,1,0.0,0.0162
amazon_fine_food_review,focus_inference,haiku,skill_on_e2e,overall_satisfaction,10000,5,0.0005,3,0.0003,1,positive,0.7009
amazon_fine_food_review,focus_inference,haiku,skill_on_e2e,product_category,10000,9,0.0009,0,0.0,1,snack_confection,0.2264
amazon_fine_food_review,focus_inference,haiku,skill_on_e2e,primary_issue_or_benefit,10000,11,0.0011,1,0.0001,1,taste_flavor,0.4663
amazon_fine_food_review,focus_inference,haiku,skill_on_e2e,taste_or_flavor_profile,10000,7,0.0007,596,0.0596,1,strong_distinctive,0.539
amazon_fine_food_review,focus_inference,haiku,skill_on_e2e,product_quality_issue,10000,11,0.0011,7639,0.7639,1,,0.7601
amazon_fine_food_review,focus_inference,haiku,skill_on_e2e,repeat_purchase_intent,10000,4,0.0004,35,0.0035,1,will_repurchase,0.6943
amazon_fine_food_review,focus_inference,haiku,skill_on_e2e,price_value_perception,10000,7,0.0007,3864,0.3864,1,unknown,0.3729
amazon_fine_food_review,focus_inference,haiku,skill_on_e2e,health_or_dietary_claim,10000,9,0.0009,3,0.0003,1,no_claim,0.7289
amazon_fine_food_review,focus_inference,haiku,skill_on_e2e,comparison_to_alternative,10000,6,0.0006,1,0.0001,1,no_comparison_mentioned,0.6806
amazon_fine_food_review,focus_inference,sonnet,skill_on_e2e,product_category,10000,9,0.0009,0,0.0,1,snack_candy,0.2314
amazon_fine_food_review,focus_inference,sonnet,skill_on_e2e,taste_flavor_assessment,10000,10,0.001,1209,0.1209,1,excellent,0.3555
amazon_fine_food_review,focus_inference,sonnet,skill_on_e2e,texture_quality,10000,9,0.0009,966,0.0966,1,no_issue,0.7747
amazon_fine_food_review,focus_inference,sonnet,skill_on_e2e,health_dietary_driver,10000,9,0.0009,0,0.0,1,none_mentioned,0.7833
amazon_fine_food_review,focus_inference,sonnet,skill_on_e2e,price_value_sentiment,10000,5,0.0005,8364,0.8364,1,,0.8364
amazon_fine_food_review,focus_inference,sonnet,skill_on_e2e,repeat_purchase_intent,10000,5,0.0005,1740,0.174,1,uncertain,0.4365
amazon_fine_food_review,focus_inference,sonnet,skill_on_e2e,use_context,10000,11,0.0011,31,0.0031,1,everyday_personal,0.5457
amazon_fine_food_review,focus_inference,sonnet,skill_on_e2e,safety_harm_mentioned,10000,2,0.0002,0,0.0,1,False,0.9713
amazon_fine_food_review,focus_inference,sonnet,skill_on_e2e,seller_service_quality,10000,3,0.0003,8715,0.8715,1,,0.8715
amazon_fine_food_review,focus_inference,haiku,skill_on,product_category,10000,14,0.0014,1,0.0001,1,coffee_k_cup,0.132
amazon_fine_food_review,focus_inference,haiku,skill_on,sentiment_polarity,10000,4,0.0004,0,0.0,1,positive_satisfied,0.6896
amazon_fine_food_review,focus_inference,haiku,skill_on,primary_concern_type,10000,12,0.0012,8,0.0008,1,taste_flavor_quality,0.4158
amazon_fine_food_review,focus_inference,haiku,skill_on,product_quality_issue,10000,11,0.0011,12,0.0012,1,no_issue,0.7513
amazon_fine_food_review,focus_inference,haiku,skill_on,repeat_purchase_signal,10000,5,0.0005,60,0.006,1,will_repurchase,0.5963
amazon_fine_food_review,focus_inference,haiku,skill_on,health_or_ingredient_concern,10000,12,0.0012,30,0.003,1,no_concern,0.6509
amazon_fine_food_review,focus_inference,haiku,skill_on,comparison_to_alternatives,10000,2,0.0002,0,0.0,1,False,0.6085
amazon_fine_food_review,focus_inference,sonnet,skill_on,product_category,10000,11,0.0011,4,0.0004,1,coffee_tea,0.2208
amazon_fine_food_review,focus_inference,sonnet,skill_on,review_sentiment_polarity,10000,4,0.0004,11,0.0011,1,positive,0.6764
amazon_fine_food_review,focus_inference,sonnet,skill_on,flavor_quality,10000,6,0.0006,1328,0.1328,1,excellent,0.4245
amazon_fine_food_review,focus_inference,sonnet,skill_on,texture_consistency_issue,10000,7,0.0007,9100,0.91,1,,0.9099
amazon_fine_food_review,focus_inference,sonnet,skill_on,primary_complaint_type,10000,9,0.0009,2,0.0002,1,no_complaint,0.7105
amazon_fine_food_review,focus_inference,sonnet,skill_on,primary_praise_type,10000,10,0.001,26,0.0026,1,taste_flavor,0.5507
amazon_fine_food_review,focus_inference,sonnet,skill_on,product_quality_issue,10000,7,0.0007,9363,0.9363,1,,0.9363
amazon_fine_food_review,focus_inference,sonnet,skill_on,safety_health_concern,10000,2,0.0002,0,0.0,1,False,0.9425
amazon_fine_food_review,focus_inference,sonnet,skill_on,repeat_purchase_intent,10000,4,0.0004,1450,0.145,1,will_repurchase,0.4627
amazon_fine_food_review,focus_inference,sonnet,skill_on,product_use_context,10000,9,0.0009,37,0.0037,1,personal_daily_use,0.6087
amazon_fine_food_review,focus_inference,sonnet,skill_on,ingredient_or_formulation_concern,10000,8,0.0008,8616,0.8616,1,,0.8616
amazon_fine_food_review,focus_inference,sonnet,skill_on,product_effectiveness_verdict,10000,5,0.0005,895,0.0895,1,worked_as_advertised,0.6367
amazon_fine_food_review,focus_inference,sonnet,skill_on,label_description_accuracy,10000,3,0.0003,424,0.0424,1,True,0.8146
amazon_fine_food_review,predictive_score_features,haiku,skill_off_update,avg_word_length,10000,3938,0.3938,0,0.0,0,4.0,0.0221
amazon_fine_food_review,predictive_score_features,haiku,skill_off_update,capitalized_word_count,10000,102,0.0102,0,0.0,1,3,0.1079
amazon_fine_food_review,predictive_score_features,haiku,skill_off_update,exclamation_count,10000,23,0.0023,0,0.0,1,0,0.6453
amazon_fine_food_review,predictive_score_features,haiku,skill_off_update,has_product_mention,10000,2,0.0002,0,0.0,1,0,0.9934
amazon_fine_food_review,predictive_score_features,haiku,skill_off_update,helpfulness_ratio,10000,145,0.0145,0,0.0,1,0.0,0.5502
amazon_fine_food_review,predictive_score_features,haiku,skill_off_update,negative_word_count,10000,13,0.0013,0,0.0,1,0,0.5316
amazon_fine_food_review,predictive_score_features,haiku,skill_off_update,positive_word_count,10000,15,0.0015,0,0.0,1,1,0.3159
amazon_fine_food_review,predictive_score_features,haiku,skill_off_update,question_mark_count,10000,10,0.001,0,0.0,1,0,0.9377
amazon_fine_food_review,predictive_score_features,haiku,skill_off_update,summary_length,10000,105,0.0105,0,0.0,1,12,0.0411
amazon_fine_food_review,predictive_score_features,haiku,skill_off_update,text_length,10000,1368,0.1368,0,0.0,1,137,0.0044
amazon_fine_food_review,predictive_score_features,haiku,skill_off_update,word_count,10000,418,0.0418,0,0.0,1,22,0.0206
amazon_fine_food_review,predictive_score_features,sonnet,skill_off_update,text_length,10000,1368,0.1368,0,0.0,1,137,0.0044
amazon_fine_food_review,predictive_score_features,sonnet,skill_off_update,word_count,10000,400,0.04,0,0.0,1,24,0.0194
amazon_fine_food_review,predictive_score_features,sonnet,skill_off_update,helpfulness_ratio,10000,145,0.0145,0,0.0,1,0.0,0.5502
amazon_fine_food_review,predictive_score_features,sonnet,skill_off_update,summary_length,10000,105,0.0105,0,0.0,1,12,0.0411
amazon_fine_food_review,predictive_score_features,sonnet,skill_off_update,exclamation_count,10000,23,0.0023,0,0.0,1,0,0.6453
amazon_fine_food_review,predictive_score_features,sonnet,skill_off_update,question_count,10000,10,0.001,0,0.0,1,0,0.9377
amazon_fine_food_review,predictive_score_features,sonnet,skill_off_update,uppercase_ratio,10000,762,0.0762,0,0.0,1,0.0,0.7228
amazon_fine_food_review,predictive_score_features,sonnet,skill_off_update,positive_keyword_count,10000,9,0.0009,0,0.0,1,0,0.4491
amazon_fine_food_review,predictive_score_features,sonnet,skill_off_update,negative_keyword_count,10000,8,0.0008,0,0.0,1,0,0.8836
amazon_fine_food_review,predictive_score_features,sonnet,skill_off_update,review_year,10000,10,0.001,0,0.0,1,2012,0.3246
amazon_fine_food_review,predictive_score_features,haiku,skill_on_e2e,sentiment_polarity,10000,5,0.0005,1,0.0001,1,positive,0.7054
amazon_fine_food_review,predictive_score_features,haiku,skill_on_e2e,product_quality_assessment,10000,7,0.0007,48,0.0048,1,excellent,0.5663
amazon_fine_food_review,predictive_score_features,haiku,skill_on_e2e,flavor_satisfaction,10000,7,0.0007,1049,0.1049,1,excellent_flavor,0.4102
amazon_fine_food_review,predictive_score_features,haiku,skill_on_e2e,repeat_purchase_intent,10000,4,0.0004,34,0.0034,1,will_repurchase,0.7027
amazon_fine_food_review,predictive_score_features,haiku,skill_on_e2e,product_defect,10000,3,0.0003,1,0.0001,1,False,0.8488
amazon_fine_food_review,predictive_score_features,haiku,skill_on_e2e,price_value_perception,10000,6,0.0006,2862,0.2862,1,good_value,0.4953
amazon_fine_food_review,predictive_score_features,haiku,skill_on_e2e,comparison_to_alternatives,10000,2,0.0002,0,0.0,1,False,0.6152
amazon_fine_food_review,predictive_score_features,sonnet,skill_on_e2e,overall_sentiment,10000,4,0.0004,0,0.0,1,positive,0.6749
amazon_fine_food_review,predictive_score_features,sonnet,skill_on_e2e,review_emotional_intensity,10000,5,0.0005,0,0.0,1,moderate_positive,0.4179
amazon_fine_food_review,predictive_score_features,sonnet,skill_on_e2e,summary_tone,10000,5,0.0005,0,0.0,1,enthusiastic_positive,0.468
amazon_fine_food_review,predictive_score_features,sonnet,skill_on_e2e,flavor_strength_assessment,10000,5,0.0005,3191,0.3191,1,just_right,0.5878
amazon_fine_food_review,predictive_score_features,sonnet,skill_on_e2e,flavor_authenticity,10000,6,0.0006,312,0.0312,1,flavor_as_expected,0.6847
amazon_fine_food_review,predictive_score_features,sonnet,skill_on_e2e,texture_judgment,10000,4,0.0004,8467,0.8467,1,,0.8467
amazon_fine_food_review,predictive_score_features,sonnet,skill_on_e2e,aroma_quality,10000,4,0.0004,9480,0.948,1,,0.948
amazon_fine_food_review,predictive_score_features,sonnet,skill_on_e2e,repurchase_intent,10000,4,0.0004,7914,0.7914,1,,0.7914
amazon_fine_food_review,predictive_score_features,sonnet,skill_on_e2e,recommendation_signal,10000,3,0.0003,392,0.0392,1,True,0.7464
amazon_fine_food_review,predictive_score_features,sonnet,skill_on_e2e,value_for_price_judgment,10000,4,0.0004,8380,0.838,1,,0.838
amazon_fine_food_review,predictive_score_features,sonnet,skill_on_e2e,product_defect_or_quality_issue,10000,7,0.0007,9394,0.9394,1,,0.9394
amazon_fine_food_review,predictive_score_features,sonnet,skill_on_e2e,product_description_accuracy,10000,3,0.0003,931,0.0931,1,True,0.7674
amazon_fine_food_review,predictive_score_features,sonnet,skill_on_e2e,product_effectiveness_judgment,10000,5,0.0005,28,0.0028,1,works_as_claimed,0.6981
amazon_fine_food_review,predictive_score_features,sonnet,skill_on_e2e,health_dietary_relevance,10000,5,0.0005,7967,0.7967,1,,0.7967
amazon_fine_food_review,predictive_score_features,sonnet,skill_on_e2e,use_case_context,10000,9,0.0009,2466,0.2466,1,beverage_consumption,0.3623
amazon_fine_food_review,predictive_score_features,sonnet,skill_on_e2e,product_category,10000,11,0.0011,236,0.0236,1,food_human,0.2387
amazon_fine_food_review,predictive_score_features,sonnet,skill_on_e2e,reviewer_preference_experience,10000,5,0.0005,0,0.0,1,casual_user,0.541
amazon_fine_food_review,predictive_score_features,sonnet,skill_on_e2e,review_specificity,10000,3,0.0003,0,0.0,1,moderately_specific,0.6355
amazon_fine_food_review,predictive_score_features,haiku,skill_on,sentiment_polarity,10000,5,0.0005,1,0.0001,1,positive,0.7051
amazon_fine_food_review,predictive_score_features,haiku,skill_on,taste_satisfaction,10000,8,0.0008,469,0.0469,1,excellent_taste,0.3972
amazon_fine_food_review,predictive_score_features,haiku,skill_on,value_perception,10000,6,0.0006,1251,0.1251,1,good_value,0.4602
amazon_fine_food_review,predictive_score_features,sonnet,skill_on,sentiment_polarity,10000,4,0.0004,12,0.0012,1,positive,0.6799
amazon_fine_food_review,predictive_score_features,sonnet,skill_on,emotional_intensity,10000,5,0.0005,0,0.0,1,high_positive,0.4458
amazon_fine_food_review,predictive_score_features,sonnet,skill_on,repurchase_intent,10000,4,0.0004,7996,0.7996,1,,0.7996
amazon_fine_food_review,predictive_score_features,sonnet,skill_on,taste_quality_judgment,10000,5,0.0005,316,0.0316,1,excellent,0.466
amazon_fine_food_review,predictive_score_features,sonnet,skill_on,aftertaste_quality,10000,4,0.0004,9567,0.9567,1,,0.9567
amazon_fine_food_review,predictive_score_features,sonnet,skill_on,texture_quality_judgment,10000,3,0.0003,8349,0.8349,1,,0.8349
amazon_fine_food_review,predictive_score_features,sonnet,skill_on,expectation_mismatch,10000,3,0.0003,4,0.0004,1,False,0.7812
amazon_fine_food_review,predictive_score_features,sonnet,skill_on,shipping_packaging_issue,10000,2,0.0002,0,0.0,1,False,0.9662
amazon_fine_food_review,predictive_score_features,sonnet,skill_on,product_category,10000,9,0.0009,3,0.0003,1,human_food_snack,0.3617
amazon_fine_food_review,predictive_score_features,sonnet,skill_on,use_case_context,10000,9,0.0009,1,0.0001,1,personal_consumption,0.6694
amazon_fine_food_review,predictive_score_features,sonnet,skill_on,health_dietary_relevance,10000,7,0.0007,0,0.0,1,none_mentioned,0.7718
amazon_fine_food_review,predictive_score_features,sonnet,skill_on,comparison_to_alternative,10000,4,0.0004,0,0.0,1,no_comparison,0.7999
amazon_fine_food_review,predictive_score_features,sonnet,skill_on,review_specificity,10000,3,0.0003,0,0.0,1,moderately_specific,0.6071
amazon_fine_food_review,predictive_score_features,sonnet,skill_on,long_term_loyalty,10000,2,0.0002,0,0.0,1,False,0.8621
amazon_fine_food_review,predictive_score_features,sonnet,skill_on,flavor_taste_satisfaction,10000,6,0.0006,560,0.056,1,highly_satisfied,0.514
amazon_fine_food_review,predictive_score_features,sonnet,skill_on,reviewer_expertise_signal,10000,4,0.0004,5475,0.5475,1,,0.5475
amazon_polarity_reviews,causal_improve,haiku,skill_off_update,primary_issue_category,250,7,0.028,0,0.0,1,no_specific_issue,0.68
amazon_polarity_reviews,causal_improve,haiku,skill_off_update,improvement_focus,250,8,0.032,0,0.0,1,satisfaction_drivers,0.5
amazon_polarity_reviews,causal_improve,haiku,skill_off_update,issue_count,250,5,0.02,0,0.0,1,0,0.68
amazon_polarity_reviews,causal_improve,sonnet,skill_off_update,sentiment,250,2,0.008,0,0.0,1,negative,0.5
amazon_polarity_reviews,causal_improve,sonnet,skill_off_update,mentioned_topics,250,54,0.216,0,0.0,1,general_experience,0.316
amazon_polarity_reviews,causal_improve,sonnet,skill_off_update,seller_improvement_signal,250,8,0.032,0,0.0,1,maintain_current_quality,0.5
amazon_polarity_reviews,causal_improve,sonnet,skill_off_update,review_length_bucket,250,3,0.012,0,0.0,1,medium,0.584
amazon_polarity_reviews,causal_improve,haiku,skill_on_e2e,defect_or_failure_type,250,6,0.024,0,0.0,1,none_mentioned,0.788
amazon_polarity_reviews,causal_improve,haiku,skill_on_e2e,product_description_accuracy,250,5,0.02,0,0.0,1,accurate_as_described,0.412
amazon_polarity_reviews,causal_improve,haiku,skill_on_e2e,value_for_price_judgment,250,3,0.012,2,0.008,1,True,0.548
amazon_polarity_reviews,causal_improve,haiku,skill_on_e2e,design_limitation_or_flaw,250,6,0.024,0,0.0,1,none_mentioned,0.696
amazon_polarity_reviews,causal_improve,haiku,skill_on_e2e,intended_use_case,250,6,0.024,0,0.0,1,personal_use,0.7
amazon_polarity_reviews,causal_improve,sonnet,skill_on_e2e,complaint_type,250,7,0.028,0,0.0,1,no_complaint,0.74
amazon_polarity_reviews,causal_improve,sonnet,skill_on_e2e,functionality_works_as_advertised,250,3,0.012,57,0.228,1,True,0.44
amazon_polarity_reviews,causal_improve,sonnet,skill_on_e2e,durability_concern,250,2,0.008,0,0.0,1,False,0.92
amazon_polarity_reviews,causal_improve,sonnet,skill_on_e2e,value_for_money_sentiment,250,5,0.02,18,0.072,1,good_value,0.424
amazon_polarity_reviews,causal_improve,sonnet,skill_on_e2e,expectation_gap_source,250,5,0.02,0,0.0,1,no_gap,0.748
amazon_polarity_reviews,causal_improve,sonnet,skill_on_e2e,product_category,250,9,0.036,7,0.028,1,book,0.332
amazon_polarity_reviews,causal_improve,haiku,skill_on,product_quality_issue,250,5,0.02,198,0.792,1,,0.792
amazon_polarity_reviews,causal_improve,haiku,skill_on,defect_type,250,6,0.024,205,0.82,1,,0.82
amazon_polarity_reviews,causal_improve,haiku,skill_on,functionality_complaint,250,5,0.02,177,0.708,1,,0.708
amazon_polarity_reviews,causal_improve,haiku,skill_on,usability_barrier,250,5,0.02,219,0.876,1,,0.876
amazon_polarity_reviews,causal_improve,haiku,skill_on,description_reality_gap,250,2,0.008,0,0.0,1,False,0.708
amazon_polarity_reviews,causal_improve,haiku,skill_on,value_for_money_concern,250,2,0.008,0,0.0,1,False,0.852
amazon_polarity_reviews,causal_improve,haiku,skill_on,product_category_type,250,9,0.036,0,0.0,1,books_media,0.644
amazon_polarity_reviews,causal_improve,sonnet,skill_on,product_quality_issue_type,250,5,0.02,200,0.8,1,,0.8
amazon_polarity_reviews,causal_improve,sonnet,skill_on,description_accuracy,250,5,0.02,142,0.568,1,not_applicable,0.568
amazon_polarity_reviews,causal_improve,sonnet,skill_on,durability_concern,250,2,0.008,0,0.0,1,False,0.916
amazon_polarity_reviews,causal_improve,sonnet,skill_on,functionality_problem_type,250,5,0.02,202,0.808,1,,0.808
amazon_polarity_reviews,causal_improve,sonnet,skill_on,packaging_shipping_issue,250,2,0.008,0,0.0,1,False,0.984
amazon_polarity_reviews,causal_improve,sonnet,skill_on,price_value_sentiment,250,4,0.016,222,0.888,1,,0.888
amazon_polarity_reviews,causal_negative_drivers,haiku,skill_off_update,content_word_count,250,95,0.38,0,0.0,0,107,0.024
amazon_polarity_reviews,causal_negative_drivers,haiku,skill_off_update,has_complaint_language,250,2,0.008,0,0.0,1,0,0.712
amazon_polarity_reviews,causal_negative_drivers,haiku,skill_off_update,has_praise_language,250,2,0.008,0,0.0,1,1,0.568
amazon_polarity_reviews,causal_negative_drivers,haiku,skill_off_update,has_negation_language,250,2,0.008,0,0.0,1,1,0.684
amazon_polarity_reviews,causal_negative_drivers,sonnet,skill_off_update,negative_theme_product_defect,250,2,0.008,0,0.0,1,0,0.916
amazon_polarity_reviews,causal_negative_drivers,sonnet,skill_off_update,negative_theme_poor_quality,250,2,0.008,0,0.0,1,0,0.924
amazon_polarity_reviews,causal_negative_drivers,sonnet,skill_off_update,negative_theme_misleading,250,2,0.008,0,0.0,1,0,0.988
amazon_polarity_reviews,causal_negative_drivers,sonnet,skill_off_update,negative_theme_shipping_issues,250,2,0.008,0,0.0,1,0,0.896
amazon_polarity_reviews,causal_negative_drivers,sonnet,skill_off_update,negative_theme_customer_service,250,2,0.008,0,0.0,1,0,0.94
amazon_polarity_reviews,causal_negative_drivers,sonnet,skill_off_update,negative_theme_disappointment,250,2,0.008,0,0.0,1,0,0.9
amazon_polarity_reviews,causal_negative_drivers,sonnet,skill_off_update,negative_theme_pricing,250,2,0.008,0,0.0,1,0,0.948
amazon_polarity_reviews,causal_negative_drivers,sonnet,skill_off_update,negative_theme_count,250,5,0.02,0,0.0,1,0,0.616
amazon_polarity_reviews,causal_negative_drivers,sonnet,skill_off_update,negative_intensity_score,250,18,0.072,0,0.0,1,1,0.264
amazon_polarity_reviews,causal_negative_drivers,sonnet,skill_off_update,review_length_bucket,250,3,0.012,0,0.0,1,medium,0.584
amazon_polarity_reviews,causal_negative_drivers,haiku,skill_on_e2e,product_quality_defect,250,5,0.02,205,0.82,1,,0.82
amazon_polarity_reviews,causal_negative_drivers,haiku,skill_on_e2e,durability_failure,250,5,0.02,239,0.956,1,,0.956
amazon_polarity_reviews,causal_negative_drivers,haiku,skill_on_e2e,unmet_expectation,250,6,0.024,183,0.732,1,,0.724
amazon_polarity_reviews,causal_negative_drivers,haiku,skill_on_e2e,performance_shortfall,250,6,0.024,185,0.74,1,,0.74
amazon_polarity_reviews,causal_negative_drivers,haiku,skill_on_e2e,design_usability_issue,250,6,0.024,212,0.848,1,,0.848
amazon_polarity_reviews,causal_negative_drivers,haiku,skill_on_e2e,customer_support_failure,250,6,0.024,241,0.964,1,,0.964
amazon_polarity_reviews,causal_negative_drivers,haiku,skill_on_e2e,product_category_or_type,250,9,0.036,0,0.0,1,book_media,0.336
amazon_polarity_reviews,causal_negative_drivers,haiku,skill_on_e2e,function_performance_gap,250,7,0.028,183,0.732,1,,0.724
amazon_polarity_reviews,causal_negative_drivers,haiku,skill_on_e2e,product_quality_or_defect,250,5,0.02,196,0.784,1,,0.784
amazon_polarity_reviews,causal_negative_drivers,haiku,skill_on_e2e,customer_support_or_warranty_issue,250,6,0.024,243,0.972,1,,0.972
amazon_polarity_reviews,causal_negative_drivers,haiku,skill_on_e2e,design_or_usability_flaw,250,6,0.024,205,0.82,1,,0.82
amazon_polarity_reviews,causal_negative_drivers,haiku,skill_on_e2e,price_quality_value_mismatch,250,5,0.02,232,0.928,1,,0.928
amazon_polarity_reviews,causal_negative_drivers,haiku,skill_on_e2e,unmet_or_false_expectation,250,5,0.02,173,0.692,1,,0.692
amazon_polarity_reviews,causal_negative_drivers,sonnet,skill_on_e2e,durability_concern,250,2,0.008,0,0.0,1,False,0.88
amazon_polarity_reviews,causal_negative_drivers,sonnet,skill_on_e2e,content_quality_complaint,250,5,0.02,0,0.0,1,no_complaint,0.74
amazon_polarity_reviews,causal_negative_drivers,sonnet,skill_on_e2e,expectation_mismatch_type,250,5,0.02,0,0.0,1,no_mismatch,0.788
amazon_polarity_reviews,causal_negative_drivers,sonnet,skill_on_e2e,customer_support_failure,250,2,0.008,0,0.0,1,False,0.98
amazon_polarity_reviews,causal_negative_drivers,sonnet,skill_on_e2e,review_product_category,250,6,0.024,1,0.004,1,physical_product,0.348
amazon_polarity_reviews,causal_negative_drivers,sonnet,skill_on_e2e,sentiment_intensity,250,5,0.02,0,0.0,1,5,0.328
amazon_polarity_reviews,causal_negative_drivers,haiku,skill_on,product_defect_or_malfunction,250,2,0.008,0,0.0,1,False,0.792
amazon_polarity_reviews,causal_negative_drivers,haiku,skill_on,poor_durability_or_build_quality,250,2,0.008,0,0.0,1,False,0.804
amazon_polarity_reviews,causal_negative_drivers,haiku,skill_on,unmet_or_misleading_expectations,250,2,0.008,0,0.0,1,False,0.572
amazon_polarity_reviews,causal_negative_drivers,haiku,skill_on,usability_or_design_flaw,250,2,0.008,0,0.0,1,False,0.76
amazon_polarity_reviews,causal_negative_drivers,haiku,skill_on,product_category_type,250,13,0.052,0,0.0,1,books,0.332
amazon_polarity_reviews,causal_negative_drivers,sonnet,skill_on,product_defect_type,250,6,0.024,205,0.82,1,,0.82
amazon_polarity_reviews,causal_negative_drivers,sonnet,skill_on,durability_issue,250,2,0.008,0,0.0,1,False,0.888
amazon_polarity_reviews,causal_negative_drivers,sonnet,skill_on,content_or_creative_quality,250,7,0.028,203,0.812,1,,0.812
amazon_polarity_reviews,causal_negative_drivers,sonnet,skill_on,customer_support_failure,250,2,0.008,0,0.0,1,False,0.98
amazon_polarity_reviews,causal_negative_drivers,sonnet,skill_on,design_or_usability_flaw,250,6,0.024,235,0.94,1,,0.94
amazon_polarity_reviews,causal_negative_drivers,sonnet,skill_on,product_category,250,10,0.04,0,0.0,1,book_nonfiction,0.196
amazon_polarity_reviews,causal_negative_drivers,sonnet,skill_on,reviewer_sentiment_intensity,250,5,0.02,0,0.0,1,5,0.32
amazon_polarity_reviews,concept_attribute_praise,haiku,skill_off_update,praise_word_count,250,7,0.028,0,0.0,1,1,0.356
amazon_polarity_reviews,concept_attribute_praise,haiku,skill_off_update,complaint_word_count,250,6,0.024,0,0.0,1,0,0.68
amazon_polarity_reviews,concept_attribute_praise,haiku,skill_off_update,review_detail_level,250,7,0.028,0,0.0,1,5,0.248
amazon_polarity_reviews,concept_attribute_praise,haiku,skill_off_update,emotional_intensity,250,199,0.796,0,0.0,0,10,0.032
amazon_polarity_reviews,concept_attribute_praise,haiku,skill_off_update,aspects_discussed,250,5,0.02,0,0.0,1,0,0.508
amazon_polarity_reviews,concept_attribute_praise,sonnet,skill_off_update,praise_signal_count,250,5,0.02,0,0.0,1,0,0.56
amazon_polarity_reviews,concept_attribute_praise,sonnet,skill_off_update,complaint_signal_count,250,3,0.012,0,0.0,1,0,0.796
amazon_polarity_reviews,concept_attribute_praise,sonnet,skill_off_update,dominant_driver,250,4,0.016,0,0.0,1,neutral,0.408
amazon_polarity_reviews,concept_attribute_praise,sonnet,skill_off_update,mentioned_aspects,250,20,0.08,0,0.0,1,general,0.704
amazon_polarity_reviews,concept_attribute_praise,sonnet,skill_off_update,review_length_bucket,250,3,0.012,0,0.0,1,medium,0.584
amazon_polarity_reviews,concept_attribute_praise,sonnet,skill_off_update,exclamation_count,250,12,0.048,0,0.0,1,0,0.664
amazon_polarity_reviews,concept_attribute_praise,sonnet,skill_off_update,has_comparison,250,2,0.008,0,0.0,1,0,0.94
amazon_polarity_reviews,concept_attribute_praise,sonnet,skill_off_update,repeat_purchase_signal,250,2,0.008,0,0.0,1,0,0.94
amazon_polarity_reviews,concept_attribute_praise,haiku,skill_on_e2e,quality_defect_or_failure,250,6,0.024,199,0.796,1,,0.796
amazon_polarity_reviews,concept_attribute_praise,haiku,skill_on_e2e,durability_concern,250,2,0.008,0,0.0,1,False,0.836
amazon_polarity_reviews,concept_attribute_praise,haiku,skill_on_e2e,usability_or_ease_of_use_issue,250,5,0.02,226,0.904,1,,0.904
amazon_polarity_reviews,concept_attribute_praise,haiku,skill_on_e2e,design_or_feature_gap,250,6,0.024,179,0.716,1,,0.716
amazon_polarity_reviews,concept_attribute_praise,haiku,skill_on_e2e,expectation_misalignment,250,6,0.024,180,0.72,1,,0.72
amazon_polarity_reviews,concept_attribute_praise,haiku,skill_on_e2e,standout_strength,250,8,0.032,121,0.484,1,,0.484
amazon_polarity_reviews,concept_attribute_praise,haiku,skill_on_e2e,customer_service_quality,250,6,0.024,241,0.964,1,,0.964
amazon_polarity_reviews,concept_attribute_praise,haiku,skill_on_e2e,competitive_or_alternative_mention,250,2,0.008,0,0.0,1,False,0.776
amazon_polarity_reviews,concept_attribute_praise,sonnet,skill_on_e2e,product_category,250,7,0.028,1,0.004,1,physical_product,0.34
amazon_polarity_reviews,concept_attribute_praise,sonnet,skill_on_e2e,primary_aspect,250,10,0.04,1,0.004,1,audio_visual_quality,0.268
amazon_polarity_reviews,concept_attribute_praise,sonnet,skill_on_e2e,build_quality_signal,250,4,0.016,165,0.66,1,,0.66
amazon_polarity_reviews,concept_attribute_praise,sonnet,skill_on_e2e,content_creative_quality,250,4,0.016,20,0.08,1,negative,0.388
amazon_polarity_reviews,concept_attribute_praise,sonnet,skill_on_e2e,functional_failure_present,250,2,0.008,0,0.0,1,False,0.824
amazon_polarity_reviews,concept_attribute_praise,sonnet,skill_on_e2e,value_for_money_perception,250,3,0.012,213,0.852,1,,0.852
amazon_polarity_reviews,concept_attribute_praise,sonnet,skill_on_e2e,expectation_mismatch,250,4,0.016,3,0.012,1,fell_short,0.492
amazon_polarity_reviews,concept_attribute_praise,sonnet,skill_on_e2e,sentiment_intensity,250,5,0.02,0,0.0,1,5,0.316
amazon_polarity_reviews,concept_attribute_praise,sonnet,skill_on_e2e,explicit_recommendation_stance,250,3,0.012,0,0.0,1,recommends,0.452
amazon_polarity_reviews,concept_attribute_praise,sonnet,skill_on_e2e,support_or_return_experience,250,3,0.012,239,0.956,1,,0.956
amazon_polarity_reviews,concept_attribute_praise,haiku,skill_on,primary_object,250,11,0.044,1,0.004,1,user_experience,0.396
amazon_polarity_reviews,concept_attribute_praise,haiku,skill_on,quality_judgment,250,12,0.048,55,0.22,1,high_value,0.26
amazon_polarity_reviews,concept_attribute_praise,haiku,skill_on,design_flaw_vs_usage,250,6,0.024,6,0.024,1,working_as_intended,0.476
amazon_polarity_reviews,concept_attribute_praise,haiku,skill_on,user_impact_scope,250,8,0.032,121,0.484,1,,0.484
amazon_polarity_reviews,concept_attribute_praise,haiku,skill_on,comparison_context,250,6,0.024,0,0.0,1,no_comparison,0.5
amazon_polarity_reviews,concept_attribute_praise,sonnet,skill_on,primary_product_aspect,250,9,0.036,0,0.0,1,content_quality,0.3
amazon_polarity_reviews,concept_attribute_praise,sonnet,skill_on,has_physical_quality_defect,250,2,0.008,0,0.0,1,False,0.836
amazon_polarity_reviews,concept_attribute_praise,sonnet,skill_on,has_functional_performance_failure,250,2,0.008,0,0.0,1,False,0.82
amazon_polarity_reviews,concept_attribute_praise,sonnet,skill_on,price_value_sentiment,250,4,0.016,227,0.908,1,,0.908
amazon_polarity_reviews,concept_attribute_praise,sonnet,skill_on,complaint_severity,250,6,0.024,113,0.452,1,,0.452
amazon_polarity_reviews,concept_attribute_praise,sonnet,skill_on,narrative_content_praise_type,250,7,0.028,153,0.612,1,,0.612
amazon_polarity_reviews,concept_attribute_praise,sonnet,skill_on,emotional_intensity,250,6,0.024,0,0.0,1,enthusiastic_praise,0.284
amazon_polarity_reviews,concept_attribute_praise,sonnet,skill_on,has_competitor_or_alternative_comparison,250,2,0.008,0,0.0,1,False,0.816
amazon_polarity_reviews,concept_attribute_praise,sonnet,skill_on,purchase_context,250,5,0.02,157,0.628,1,not_specified,0.628
amazon_polarity_reviews,focus_inference,haiku,skill_off_update,primary_aspect,250,7,0.028,0,0.0,1,quality,0.508
amazon_polarity_reviews,focus_inference,haiku,skill_off_update,has_complaint,250,2,0.008,0,0.0,1,no,0.804
amazon_polarity_reviews,focus_inference,haiku,skill_off_update,comparison_mentions,250,5,0.02,0,0.0,1,0,0.732
amazon_polarity_reviews,focus_inference,sonnet,skill_off_update,aspect_product_quality,250,2,0.008,0,0.0,1,0,0.568
amazon_polarity_reviews,focus_inference,sonnet,skill_off_update,aspect_price_value,250,2,0.008,0,0.0,1,0,0.812
amazon_polarity_reviews,focus_inference,sonnet,skill_off_update,aspect_shipping_delivery,250,2,0.008,0,0.0,1,0,0.956
amazon_polarity_reviews,focus_inference,sonnet,skill_off_update,aspect_customer_service,250,2,0.008,0,0.0,1,0,0.928
amazon_polarity_reviews,focus_inference,sonnet,skill_off_update,aspect_features_functionality,250,2,0.008,0,0.0,1,0,0.612
amazon_polarity_reviews,focus_inference,sonnet,skill_off_update,aspect_ease_of_use,250,2,0.008,0,0.0,1,0,0.84
amazon_polarity_reviews,focus_inference,sonnet,skill_off_update,aspect_aesthetics_design,250,2,0.008,0,0.0,1,0,0.876
amazon_polarity_reviews,focus_inference,sonnet,skill_off_update,aspect_content_narrative,250,2,0.008,0,0.0,1,1,0.604
amazon_polarity_reviews,focus_inference,sonnet,skill_off_update,primary_aspect,250,8,0.032,0,0.0,1,content_narrative,0.568
amazon_polarity_reviews,focus_inference,haiku,skill_on_e2e,quality_durability_concern,250,2,0.008,0,0.0,1,False,0.7
amazon_polarity_reviews,focus_inference,haiku,skill_on_e2e,functionality_performance_issue,250,2,0.008,0,0.0,1,False,0.792
amazon_polarity_reviews,focus_inference,haiku,skill_on_e2e,design_usability_feedback,250,2,0.008,0,0.0,1,False,0.572
amazon_polarity_reviews,focus_inference,haiku,skill_on_e2e,value_for_money_assessment,250,2,0.008,0,0.0,1,False,0.888
amazon_polarity_reviews,focus_inference,haiku,skill_on_e2e,comparison_or_alternative_mention,250,2,0.008,0,0.0,1,False,0.644
amazon_polarity_reviews,focus_inference,sonnet,skill_on_e2e,product_category,250,8,0.032,1,0.004,1,book,0.332
amazon_polarity_reviews,focus_inference,sonnet,skill_on_e2e,primary_reviewed_aspect,250,11,0.044,2,0.008,1,content_narrative,0.516
amazon_polarity_reviews,focus_inference,sonnet,skill_on_e2e,content_creative_quality,250,5,0.02,98,0.392,1,not_applicable,0.392
amazon_polarity_reviews,focus_inference,sonnet,skill_on_e2e,value_for_money_sentiment,250,4,0.016,216,0.864,1,,0.864
amazon_polarity_reviews,focus_inference,sonnet,skill_on_e2e,safety_or_suitability_concern,250,2,0.008,0,0.0,1,False,0.924
amazon_polarity_reviews,focus_inference,sonnet,skill_on_e2e,comparison_to_alternative_mentioned,250,2,0.008,0,0.0,1,False,0.784
amazon_polarity_reviews,focus_inference,haiku,skill_on,mentions_performance_functionality,250,2,0.008,0,0.0,1,False,0.56
amazon_polarity_reviews,focus_inference,haiku,skill_on,mentions_quality_durability,250,2,0.008,0,0.0,1,False,0.668
amazon_polarity_reviews,focus_inference,haiku,skill_on,mentions_design_aesthetics,250,2,0.008,0,0.0,1,False,0.812
amazon_polarity_reviews,focus_inference,haiku,skill_on,mentions_ease_of_use,250,2,0.008,0,0.0,1,False,0.788
amazon_polarity_reviews,focus_inference,haiku,skill_on,mentions_content_quality,250,2,0.008,0,0.0,1,True,0.78
amazon_polarity_reviews,focus_inference,sonnet,skill_on,product_category,250,6,0.024,2,0.008,1,physical_product,0.344
amazon_polarity_reviews,focus_inference,sonnet,skill_on,primary_review_aspect,250,10,0.04,2,0.008,1,content_narrative,0.604
amazon_polarity_reviews,focus_inference,sonnet,skill_on,content_quality_dimension,250,7,0.028,111,0.444,1,,0.444
amazon_polarity_reviews,focus_inference,sonnet,skill_on,value_for_money_sentiment,250,4,0.016,211,0.844,1,,0.844
amazon_polarity_reviews,focus_inference,sonnet,skill_on,usability_complaint_mentioned,250,2,0.008,0,0.0,1,False,0.736
amazon_polarity_reviews,focus_inference,sonnet,skill_on,shipping_arrival_condition,250,4,0.016,239,0.956,1,,0.956
amazon_polarity_reviews,focus_inference,sonnet,skill_on,overall_sentiment_tone,250,3,0.012,0,0.0,1,positive,0.432
amazon_polarity_reviews,focus_inference,sonnet,skill_on,shipping_or_condition_on_arrival,250,4,0.016,238,0.952,1,,0.952
amazon_polarity_reviews,predictive_negative,haiku,skill_off_update,negative_sentiment_words,250,6,0.024,0,0.0,1,0,0.644
amazon_polarity_reviews,predictive_negative,haiku,skill_off_update,positive_sentiment_words,250,5,0.02,0,0.0,1,0,0.488
amazon_polarity_reviews,predictive_negative,haiku,skill_off_update,allcaps_word_count,250,10,0.04,0,0.0,1,0,0.644
amazon_polarity_reviews,predictive_negative,haiku,skill_off_update,exclamation_mark_count,250,12,0.048,0,0.0,1,0,0.664
amazon_polarity_reviews,predictive_negative,haiku,skill_off_update,question_mark_count,250,4,0.016,0,0.0,1,0,0.928
amazon_polarity_reviews,predictive_negative,haiku,skill_off_update,repeated_punctuation_count,250,10,0.04,0,0.0,1,0,0.632
amazon_polarity_reviews,predictive_negative,haiku,skill_off_update,title_word_count,250,13,0.052,0,0.0,1,2,0.188
amazon_polarity_reviews,predictive_negative,haiku,skill_off_update,content_word_count,250,95,0.38,0,0.0,0,107,0.024
amazon_polarity_reviews,predictive_negative,haiku,skill_off_update,comparative_language_count,250,4,0.016,0,0.0,1,0,0.844
amazon_polarity_reviews,predictive_negative,haiku,skill_off_update,investment_complaint_words,250,3,0.012,0,0.0,1,0,0.864
amazon_polarity_reviews,predictive_negative,haiku,skill_off_update,product_failure_words,250,4,0.016,0,0.0,1,0,0.9
amazon_polarity_reviews,predictive_negative,haiku,skill_off_update,durability_complaint_words,250,4,0.016,0,0.0,1,0,0.908
amazon_polarity_reviews,predictive_negative,sonnet,skill_off_update,neg_word_count,250,10,0.04,0,0.0,1,0,0.344
amazon_polarity_reviews,predictive_negative,sonnet,skill_off_update,pos_word_count,250,8,0.032,0,0.0,1,0,0.344
amazon_polarity_reviews,predictive_negative,sonnet,skill_off_update,neg_phrase_count,250,3,0.012,0,0.0,1,0,0.896
amazon_polarity_reviews,predictive_negative,sonnet,skill_off_update,negated_pos_count,250,3,0.012,0,0.0,1,0,0.944
amazon_polarity_reviews,predictive_negative,sonnet,skill_off_update,intensified_neg_count,250,3,0.012,0,0.0,1,0,0.956
amazon_polarity_reviews,predictive_negative,sonnet,skill_off_update,sentiment_ratio,250,157,0.628,0,0.0,0,0.0,0.228
amazon_polarity_reviews,predictive_negative,sonnet,skill_off_update,exclamation_count,250,12,0.048,0,0.0,1,0,0.664
amazon_polarity_reviews,predictive_negative,sonnet,skill_off_update,caps_word_count,250,10,0.04,0,0.0,1,0,0.644
amazon_polarity_reviews,predictive_negative,sonnet,skill_off_update,question_count,250,4,0.016,0,0.0,1,0,0.928
amazon_polarity_reviews,predictive_negative,sonnet,skill_off_update,short_title_flag,250,2,0.008,0,0.0,1,1,0.612
amazon_polarity_reviews,predictive_negative,sonnet,skill_off_update,composite_neg_score,250,89,0.356,0,0.0,0,1.0,0.128
amazon_polarity_reviews,predictive_negative,haiku,skill_on_e2e,durability_defect_signal,250,2,0.008,0,0.0,1,False,0.808
amazon_polarity_reviews,predictive_negative,haiku,skill_on_e2e,functional_failure_malfunction,250,2,0.008,0,0.0,1,False,0.808
amazon_polarity_reviews,predictive_negative,haiku,skill_on_e2e,quality_construction_criticism,250,2,0.008,0,0.0,1,False,0.756
amazon_polarity_reviews,predictive_negative,haiku,skill_on_e2e,strong_negative_emotion,250,2,0.008,0,0.0,1,False,0.556
amazon_polarity_reviews,predictive_negative,haiku,skill_on_e2e,disappointment_regret,250,2,0.008,0,0.0,1,False,0.576
amazon_polarity_reviews,predictive_negative,haiku,skill_on_e2e,expectation_reality_gap,250,3,0.012,2,0.008,1,False,0.5
amazon_polarity_reviews,predictive_negative,haiku,skill_on_e2e,negative_product_comparison,250,2,0.008,0,0.0,1,False,0.608
amazon_polarity_reviews,predictive_negative,haiku,skill_on_e2e,return_avoid_nonrecommendation,250,2,0.008,0,0.0,1,False,0.576
amazon_polarity_reviews,predictive_negative,haiku,skill_on_e2e,durability_or_defect_signal,250,2,0.008,0,0.0,1,False,0.8
amazon_polarity_reviews,predictive_negative,haiku,skill_on_e2e,functional_failure_or_malfunction,250,2,0.008,0,0.0,1,False,0.824
amazon_polarity_reviews,predictive_negative,haiku,skill_on_e2e,poor_quality_or_construction_criticism,250,2,0.008,0,0.0,1,False,0.788
amazon_polarity_reviews,predictive_negative,haiku,skill_on_e2e,return_avoid_or_non_recommendation,250,2,0.008,0,0.0,1,False,0.596
amazon_polarity_reviews,predictive_negative,haiku,skill_on_e2e,strong_negative_emotion_expression,250,2,0.008,0,0.0,1,False,0.592
amazon_polarity_reviews,predictive_negative,haiku,skill_on_e2e,waste_of_money_or_value_signal,250,2,0.008,0,0.0,1,False,0.876
amazon_polarity_reviews,predictive_negative,haiku,skill_on_e2e,disappointment_or_regret_signal,250,2,0.008,0,0.0,1,False,0.56
amazon_polarity_reviews,predictive_negative,haiku,skill_on_e2e,expectation_vs_reality_gap,250,2,0.008,0,0.0,1,False,0.596
amazon_polarity_reviews,predictive_negative,haiku,skill_on_e2e,negative_comparison_alternative_or_prior,250,2,0.008,0,0.0,1,False,0.74
amazon_polarity_reviews,predictive_negative,sonnet,skill_on_e2e,complaint_domain,250,5,0.02,125,0.5,1,,0.5
amazon_polarity_reviews,predictive_negative,sonnet,skill_on_e2e,defect_type,250,6,0.024,197,0.788,1,,0.788
amazon_polarity_reviews,predictive_negative,sonnet,skill_on_e2e,failure_timing,250,5,0.02,234,0.936,1,,0.936
amazon_polarity_reviews,predictive_negative,sonnet,skill_on_e2e,content_or_media_quality_issue,250,5,0.02,202,0.808,1,,0.808
amazon_polarity_reviews,predictive_negative,sonnet,skill_on_e2e,expectation_mismatch,250,2,0.008,0,0.0,1,False,0.54
amazon_polarity_reviews,predictive_negative,sonnet,skill_on_e2e,value_for_money_signal,250,5,0.02,3,0.012,1,good_value,0.416
amazon_polarity_reviews,predictive_negative,sonnet,skill_on_e2e,emotional_intensity,250,4,0.016,0,0.0,1,3,0.492
amazon_polarity_reviews,predictive_negative,sonnet,skill_on_e2e,purchase_regret_signal,250,2,0.008,0,0.0,1,False,0.708
amazon_polarity_reviews,predictive_negative,haiku,skill_on,strong_negative_emotion,250,2,0.008,0,0.0,1,False,0.548
amazon_polarity_reviews,predictive_negative,haiku,skill_on,waste_or_regret_language,250,2,0.008,0,0.0,1,False,0.616
amazon_polarity_reviews,predictive_negative,haiku,skill_on,product_misrepresented,250,2,0.008,0,0.0,1,False,0.804
amazon_polarity_reviews,predictive_negative,haiku,skill_on,ineffective_or_poor_performance,250,3,0.012,1,0.004,1,False,0.712
amazon_polarity_reviews,predictive_negative,haiku,skill_on,poor_design_or_conception,250,2,0.008,0,0.0,1,False,0.788
amazon_polarity_reviews,predictive_negative,haiku,skill_on,difficult_or_impractical_use,250,2,0.008,0,0.0,1,False,0.8
amazon_polarity_reviews,predictive_negative,haiku,skill_on,poor_durability,250,2,0.008,0,0.0,1,False,0.808
amazon_polarity_reviews,predictive_negative,sonnet,skill_on,defect_type,250,6,0.024,0,0.0,1,none_mentioned,0.776
amazon_polarity_reviews,predictive_negative,sonnet,skill_on,durability_signal,250,2,0.008,0,0.0,1,False,0.88
amazon_polarity_reviews,predictive_negative,sonnet,skill_on,performance_failure_mode,250,5,0.02,0,0.0,1,no_failure_mentioned,0.796
amazon_polarity_reviews,predictive_negative,sonnet,skill_on,misleading_claim,250,2,0.008,0,0.0,1,False,0.912
amazon_polarity_reviews,predictive_negative,sonnet,skill_on,negative_intensity,250,5,0.02,0,0.0,1,1,0.452
amazon_polarity_reviews,predictive_negative,sonnet,skill_on,dissatisfaction_explicitness,250,2,0.008,0,0.0,1,False,0.536
amazon_polarity_reviews,predictive_negative,sonnet,skill_on,purchase_regret,250,3,0.012,2,0.008,1,False,0.744
amazon_polarity_reviews,predictive_negative,sonnet,skill_on,product_category_domain,250,8,0.032,3,0.012,1,media_book,0.332
amazon_polarity_reviews,predictive_negative,sonnet,skill_on,use_duration_before_complaint,250,6,0.024,216,0.864,1,,0.864
amazon_polarity_reviews,predictive_sentiment,haiku,skill_off_update,exclamation_count,250,9,0.036,0,0.0,1,0,0.776
amazon_polarity_reviews,predictive_sentiment,haiku,skill_off_update,question_count,250,4,0.016,0,0.0,1,0,0.928
amazon_polarity_reviews,predictive_sentiment,haiku,skill_off_update,caps_words_count,250,10,0.04,0,0.0,1,0,0.688
amazon_polarity_reviews,predictive_sentiment,haiku,skill_off_update,avg_sentence_length,250,153,0.612,0,0.0,0,10.5,0.028
amazon_polarity_reviews,predictive_sentiment,haiku,skill_off_update,criticism_words_count,250,4,0.016,0,0.0,1,0,0.784
amazon_polarity_reviews,predictive_sentiment,haiku,skill_off_update,praise_words_count,250,5,0.02,0,0.0,1,0,0.572
amazon_polarity_reviews,predictive_sentiment,haiku,skill_off_update,review_length_chars,250,157,0.628,0,0.0,0,600,0.232
amazon_polarity_reviews,predictive_sentiment,sonnet,skill_off_update,review_word_count,250,95,0.38,0,0.0,0,107,0.024
amazon_polarity_reviews,predictive_sentiment,sonnet,skill_off_update,review_sentence_count,250,13,0.052,0,0.0,1,3,0.176
amazon_polarity_reviews,predictive_sentiment,sonnet,skill_off_update,exclamation_count,250,9,0.036,0,0.0,1,0,0.776
amazon_polarity_reviews,predictive_sentiment,sonnet,skill_off_update,question_count,250,4,0.016,0,0.0,1,0,0.928
amazon_polarity_reviews,predictive_sentiment,sonnet,skill_off_update,caps_word_count,250,10,0.04,0,0.0,1,0,0.688
amazon_polarity_reviews,predictive_sentiment,sonnet,skill_off_update,positive_word_count,250,7,0.028,0,0.0,1,0,0.328
amazon_polarity_reviews,predictive_sentiment,sonnet,skill_off_update,negative_word_count,250,7,0.028,0,0.0,1,0,0.66
amazon_polarity_reviews,predictive_sentiment,sonnet,skill_off_update,has_personal_pronoun,250,2,0.008,0,0.0,1,1,0.812
amazon_polarity_reviews,predictive_sentiment,sonnet,skill_off_update,avg_word_length,250,119,0.476,0,0.0,0,4.46,0.032
amazon_polarity_reviews,predictive_sentiment,haiku,skill_on_e2e,primary_issue_or_strength,250,16,0.064,124,0.496,1,Unknown,0.496
amazon_polarity_reviews,predictive_sentiment,haiku,skill_on_e2e,severity_or_scope_of_issue,250,8,0.032,122,0.488,1,Unknown,0.488
amazon_polarity_reviews,predictive_sentiment,haiku,skill_on_e2e,quality_consistency,250,2,0.008,0,0.0,1,True,0.636
amazon_polarity_reviews,predictive_sentiment,haiku,skill_on_e2e,failure_root_cause_type,250,11,0.044,183,0.732,1,,0.596
amazon_polarity_reviews,predictive_sentiment,haiku,skill_on_e2e,use_context_or_setting,250,11,0.044,0,0.0,1,general_purpose,0.556
amazon_polarity_reviews,predictive_sentiment,haiku,skill_on_e2e,product_expectation_vs_reality,250,8,0.032,2,0.008,1,disappointing_mismatch,0.396
amazon_polarity_reviews,predictive_sentiment,haiku,skill_on_e2e,recommendation_stance,250,6,0.024,0,0.0,1,strong_recommend,0.384
amazon_polarity_reviews,predictive_sentiment,haiku,skill_on_e2e,value_perception,250,7,0.028,58,0.232,1,good_value,0.316
amazon_polarity_reviews,predictive_sentiment,sonnet,skill_on_e2e,product_category,250,8,0.032,3,0.012,1,book,0.332
amazon_polarity_reviews,predictive_sentiment,sonnet,skill_on_e2e,primary_review_aspect,250,9,0.036,1,0.004,1,content_narrative,0.6
amazon_polarity_reviews,predictive_sentiment,sonnet,skill_on_e2e,sentiment_intensity,250,5,0.02,0,0.0,1,5,0.324
amazon_polarity_reviews,predictive_sentiment,sonnet,skill_on_e2e,complaint_type,250,9,0.036,116,0.464,1,,0.464
amazon_polarity_reviews,predictive_sentiment,sonnet,skill_on_e2e,praise_type,250,8,0.032,107,0.428,1,,0.428
amazon_polarity_reviews,predictive_sentiment,sonnet,skill_on_e2e,has_quality_defect,250,2,0.008,0,0.0,1,False,0.784
amazon_polarity_reviews,predictive_sentiment,sonnet,skill_on_e2e,has_content_critique,250,2,0.008,0,0.0,1,True,0.656
amazon_polarity_reviews,predictive_sentiment,sonnet,skill_on_e2e,recommendation_stance,250,6,0.024,2,0.008,1,recommends,0.336
amazon_polarity_reviews,predictive_sentiment,sonnet,skill_on_e2e,durability_signal,250,4,0.016,231,0.924,1,,0.924
amazon_polarity_reviews,predictive_sentiment,haiku,skill_on,primary_domain,250,3,0.012,0,0.0,1,media,0.632
amazon_polarity_reviews,predictive_sentiment,haiku,skill_on,has_defect_or_failure,250,2,0.008,0,0.0,1,False,0.784
amazon_polarity_reviews,predictive_sentiment,haiku,skill_on,has_performance_or_usability_issue,250,2,0.008,0,0.0,1,False,0.704
amazon_polarity_reviews,predictive_sentiment,haiku,skill_on,expectation_fulfillment,250,5,0.02,2,0.008,1,unmet,0.42
amazon_polarity_reviews,predictive_sentiment,haiku,skill_on,recommendation_stance,250,5,0.02,2,0.008,1,do_not_recommend,0.42
amazon_polarity_reviews,predictive_sentiment,sonnet,skill_on,review_domain,250,8,0.032,0,0.0,1,book,0.332
amazon_polarity_reviews,predictive_sentiment,sonnet,skill_on,content_focus,250,12,0.048,0,0.0,1,product_functionality,0.22
amazon_polarity_reviews,predictive_sentiment,sonnet,skill_on,primary_complaint_type,250,8,0.032,127,0.508,1,,0.508
amazon_polarity_reviews,predictive_sentiment,sonnet,skill_on,primary_praise_type,250,7,0.028,120,0.48,1,,0.48
amazon_polarity_reviews,predictive_sentiment,sonnet,skill_on,quality_failure_mode,250,6,0.024,216,0.864,1,,0.864
amazon_polarity_reviews,predictive_sentiment,sonnet,skill_on,sentiment_intensity,250,5,0.02,0,0.0,1,5,0.304
amazon_polarity_reviews,predictive_sentiment,sonnet,skill_on,expectation_gap,250,5,0.02,3,0.012,1,exceeded_expectations,0.296
amazon_polarity_reviews,predictive_sentiment,sonnet,skill_on,reviewer_expertise,250,4,0.016,0,0.0,1,casual_user,0.624
amazon_polarity_reviews,predictive_sentiment,sonnet,skill_on,recommendation_stance,250,6,0.024,1,0.004,1,strongly_recommends,0.24
company_profile_location,causal_regional_clustering,haiku,skill_off_update,Industry,199,10,0.0503,0,0.0,1,Other,0.3568
company_profile_location,causal_regional_clustering,haiku,skill_off_update,Region_Cluster,199,5,0.0251,0,0.0,1,Peninsula,0.4422
company_profile_location,causal_regional_clustering,haiku,skill_off_update,Is_VC_Firm,199,2,0.0101,0,0.0,1,No,0.9648
company_profile_location,causal_regional_clustering,haiku,skill_off_update,Global_Presence,199,2,0.0101,0,0.0,1,No,0.9246
company_profile_location,causal_regional_clustering,sonnet,skill_off_update,industry_sector,199,8,0.0402,0,0.0,1,Other Tech,0.593
company_profile_location,causal_regional_clustering,sonnet,skill_off_update,is_venture_capital,199,2,0.0101,0,0.0,1,0,0.9749
company_profile_location,causal_regional_clustering,sonnet,skill_off_update,is_life_science,199,2,0.0101,0,0.0,1,0,0.9648
company_profile_location,causal_regional_clustering,sonnet,skill_off_update,talent_density_proxy,199,3,0.0151,0,0.0,1,Medium,0.7085
company_profile_location,causal_regional_clustering,sonnet,skill_off_update,founding_stage_focus,199,3,0.0151,0,0.0,1,Mixed,0.8643
company_profile_location,causal_regional_clustering,sonnet,skill_off_update,proximity_cluster,199,5,0.0251,0,0.0,1,Peninsula-North,0.4221
company_profile_location,causal_regional_clustering,haiku,skill_on_e2e,primary_industry_sector,199,14,0.0704,0,0.0,1,enterprise_software,0.3266
company_profile_location,causal_regional_clustering,haiku,skill_on_e2e,serves_enterprise_or_consumer,199,3,0.0151,0,0.0,1,enterprise_only,0.7889
company_profile_location,causal_regional_clustering,haiku,skill_on_e2e,has_specialized_local_talent_requirement,199,2,0.0101,0,0.0,1,False,0.8794
company_profile_location,causal_regional_clustering,haiku,skill_on_e2e,company_maturity_stage,199,6,0.0302,0,0.0,1,growth_stage,0.603
company_profile_location,causal_regional_clustering,haiku,skill_on_e2e,business_model_localization_need,199,5,0.0251,0,0.0,1,platform_neutral,0.7588
company_profile_location,causal_regional_clustering,haiku,skill_on_e2e,regulatory_compliance_driver,199,2,0.0101,0,0.0,1,False,0.8492
company_profile_location,causal_regional_clustering,sonnet,skill_on_e2e,industry_sector,199,10,0.0503,0,0.0,1,enterprise_software,0.3869
company_profile_location,causal_regional_clustering,sonnet,skill_on_e2e,company_stage,199,6,0.0302,13,0.0653,1,growth_stage,0.4221
company_profile_location,causal_regional_clustering,sonnet,skill_on_e2e,venture_capital_orientation,199,4,0.0201,14,0.0704,1,vc_backed_startup,0.5176
company_profile_location,causal_regional_clustering,sonnet,skill_on_e2e,talent_model,199,5,0.0251,14,0.0704,1,engineering_research_heavy,0.5879
company_profile_location,causal_regional_clustering,sonnet,skill_on_e2e,cloud_data_infrastructure_focus,199,2,0.0101,0,0.0,1,False,0.8141
company_profile_location,causal_regional_clustering,sonnet,skill_on_e2e,company_size_type,199,4,0.0201,0,0.0,1,small_startup,0.4221
company_profile_location,causal_regional_clustering,haiku,skill_on,primary_industry_sector,199,11,0.0553,0,0.0,1,software_services,0.5729
company_profile_location,causal_regional_clustering,haiku,skill_on,technology_focus_area,199,11,0.0553,0,0.0,1,enterprise_software,0.3367
company_profile_location,causal_regional_clustering,haiku,skill_on,customer_market_proximity,199,6,0.0302,0,0.0,1,enterprise_multinational,0.5528
company_profile_location,causal_regional_clustering,haiku,skill_on,specialized_talent_clustering,199,3,0.0151,0,0.0,1,strong_presence,0.7688
company_profile_location,causal_regional_clustering,haiku,skill_on,company_maturity_stage,199,6,0.0302,0,0.0,1,growth_stage,0.5578
company_profile_location,causal_regional_clustering,sonnet,skill_on,industry_sector,199,10,0.0503,4,0.0201,1,software_and_saas,0.4472
company_profile_location,causal_regional_clustering,sonnet,skill_on,company_stage,199,5,0.0251,0,0.0,1,growth_stage,0.5226
company_profile_location,causal_regional_clustering,sonnet,skill_on,ecosystem_cluster,199,5,0.0251,0,0.0,1,silicon_valley_core,0.5075
company_profile_location,causal_regional_clustering,sonnet,skill_on,business_model_type,199,6,0.0302,0,0.0,1,b2b_enterprise_software,0.5276
company_profile_location,causal_regional_clustering,sonnet,skill_on,infrastructure_need,199,4,0.0201,0,0.0,1,none_primarily_software,0.7538
company_profile_location,causal_regional_clustering,sonnet,skill_on,talent_dependency,199,1,0.005,0,0.0,1,True,1.0
company_profile_location,causal_regional_clustering,sonnet,skill_on,capital_dependency,199,2,0.0101,176,0.8844,1,,0.8844
company_profile_location,causal_regional_clustering,sonnet,skill_on,remote_or_distributed,199,1,0.005,0,0.0,1,False,1.0
company_profile_location,concept_attribute_business,haiku,skill_off_update,Business Model,199,11,0.0553,0,0.0,1,SaaS,0.4322
company_profile_location,concept_attribute_business,haiku,skill_off_update,Primary Customer,199,6,0.0302,0,0.0,1,B2B/Other,0.5829
company_profile_location,concept_attribute_business,sonnet,skill_off_update,Business Model,199,23,0.1156,0,0.0,1,Software / Platform,0.0955
company_profile_location,concept_attribute_business,sonnet,skill_off_update,Primary Customer Segment,199,9,0.0452,0,0.0,1,B2B,0.6131
company_profile_location,concept_attribute_business,haiku,skill_on_e2e,primary_business_model,199,10,0.0503,0,0.0,1,software_as_service,0.4774
company_profile_location,concept_attribute_business,haiku,skill_on_e2e,primary_customer_segment,199,7,0.0352,0,0.0,1,enterprise,0.6533
company_profile_location,concept_attribute_business,haiku,skill_on_e2e,industry_domain,199,14,0.0704,71,0.3568,1,Unknown,0.3568
company_profile_location,concept_attribute_business,haiku,skill_on_e2e,go_to_market_mechanism,199,8,0.0402,0,0.0,1,direct_saas_subscription,0.5477
company_profile_location,concept_attribute_business,haiku,skill_on_e2e,value_proposition_type,199,7,0.0352,0,0.0,1,revenue_growth,0.2814
company_profile_location,concept_attribute_business,sonnet,skill_on_e2e,business_model_type,199,9,0.0452,2,0.0101,1,SaaS,0.5779
company_profile_location,concept_attribute_business,sonnet,skill_on_e2e,primary_customer_segment,199,5,0.0251,0,0.0,1,Enterprise_B2B,0.6382
company_profile_location,concept_attribute_business,sonnet,skill_on_e2e,industry_vertical,199,11,0.0553,81,0.407,1,Unknown,0.407
company_profile_location,concept_attribute_business,sonnet,skill_on_e2e,product_category,199,11,0.0553,5,0.0251,1,Application_Software,0.3869
company_profile_location,concept_attribute_business,sonnet,skill_on_e2e,delivery_model,199,6,0.0302,2,0.0101,1,Cloud_SaaS,0.6131
company_profile_location,concept_attribute_business,sonnet,skill_on_e2e,company_stage_type,199,6,0.0302,1,0.005,1,Growth_Stage,0.4925
company_profile_location,concept_attribute_business,haiku,skill_on,business_model_type,199,9,0.0452,0,0.0,1,SaaS,0.6533
company_profile_location,concept_attribute_business,haiku,skill_on,primary_customer_segment,199,5,0.0251,0,0.0,1,Enterprise,0.7136
company_profile_location,concept_attribute_business,haiku,skill_on,value_delivery_mechanism,199,7,0.0352,0,0.0,1,Software,0.5578
company_profile_location,concept_attribute_business,sonnet,skill_on,company_sector,199,16,0.0804,0,0.0,1,enterprise_software,0.2312
company_profile_location,concept_attribute_business,sonnet,skill_on,business_model_type,199,10,0.0503,0,0.0,1,SaaS,0.4975
company_profile_location,concept_attribute_business,sonnet,skill_on,primary_customer_segment,199,6,0.0302,0,0.0,1,enterprise_B2B,0.608
company_profile_location,concept_attribute_business,sonnet,skill_on,product_delivery_mode,199,7,0.0352,2,0.0101,1,cloud_based,0.6583
company_profile_location,concept_attribute_business,sonnet,skill_on,company_stage_or_role,199,6,0.0302,0,0.0,1,growth_stage,0.4623
company_profile_location,concept_attribute_business,sonnet,skill_on,ai_ml_centrality,199,3,0.0151,178,0.8945,1,,0.8945
company_profile_location,concept_attribute_business,sonnet,skill_on,revenue_mechanism,199,9,0.0452,2,0.0101,1,subscription_or_SaaS_fee,0.4975
company_profile_location,concept_attribute_focus,haiku,skill_off_update,Industry_Focus,199,44,0.2211,0,0.0,1,Enterprise Software,0.1307
company_profile_location,concept_attribute_focus,haiku,skill_off_update,Geographic_Region,199,3,0.0151,0,0.0,1,Silicon Valley,0.5226
company_profile_location,concept_attribute_focus,haiku,skill_off_update,Market_Expansion_Stage,199,9,0.0452,0,0.0,1,Established,0.5126
company_profile_location,concept_attribute_focus,sonnet,skill_off_update,Industry Sector,199,15,0.0754,0,0.0,1,Cloud & Enterprise Software,0.3216
company_profile_location,concept_attribute_focus,sonnet,skill_off_update,Geographic Cluster,199,5,0.0251,0,0.0,1,Menlo Park / Palo Alto Corridor,0.2714
company_profile_location,concept_attribute_focus,sonnet,skill_off_update,Market Expansion Potential,199,3,0.0151,0,0.0,1,Low,0.4171
company_profile_location,concept_attribute_focus,haiku,skill_on_e2e,industry_vertical,199,12,0.0603,1,0.005,1,enterprise_software,0.5327
company_profile_location,concept_attribute_focus,haiku,skill_on_e2e,technology_domain,199,10,0.0503,14,0.0704,1,saas_platforms,0.5377
company_profile_location,concept_attribute_focus,haiku,skill_on_e2e,business_model_type,199,9,0.0452,0,0.0,1,b2b_saas,0.5578
company_profile_location,concept_attribute_focus,haiku,skill_on_e2e,customer_segment_focus,199,6,0.0302,0,0.0,1,enterprise,0.6131
company_profile_location,concept_attribute_focus,haiku,skill_on_e2e,growth_stage_target,199,5,0.0251,0,0.0,1,growth_stage,0.608
company_profile_location,concept_attribute_focus,sonnet,skill_on_e2e,industry_vertical,199,10,0.0503,0,0.0,1,enterprise_software,0.4221
company_profile_location,concept_attribute_focus,sonnet,skill_on_e2e,company_stage,199,5,0.0251,15,0.0754,1,established_enterprise,0.397
company_profile_location,concept_attribute_focus,sonnet,skill_on_e2e,business_model,199,7,0.0352,0,0.0,1,saas_cloud,0.5427
company_profile_location,concept_attribute_focus,sonnet,skill_on_e2e,customer_segment,199,5,0.0251,0,0.0,1,enterprise_b2b,0.7136
company_profile_location,concept_attribute_focus,sonnet,skill_on_e2e,technology_focus_area,199,10,0.0503,14,0.0704,1,other_tech,0.5276
company_profile_location,concept_attribute_focus,sonnet,skill_on_e2e,geographic_reach,199,4,0.0201,30,0.1508,1,global,0.6281
company_profile_location,concept_attribute_focus,sonnet,skill_on_e2e,expansion_lever,199,7,0.0352,24,0.1206,1,product_led_growth,0.593
company_profile_location,concept_attribute_focus,haiku,skill_on,primary_market_segment,199,5,0.0251,0,0.0,1,enterprise,0.7337
company_profile_location,concept_attribute_focus,haiku,skill_on,growth_stage_indicator,199,5,0.0251,0,0.0,1,scaling_platform,0.5628
company_profile_location,concept_attribute_focus,haiku,skill_on,go_to_market_model,199,5,0.0251,0,0.0,1,direct_sales,0.4724
company_profile_location,concept_attribute_focus,haiku,skill_on,differentiation_vector,199,6,0.0302,0,0.0,1,domain_expertise,0.407
company_profile_location,concept_attribute_focus,sonnet,skill_on,industry_vertical,199,16,0.0804,3,0.0151,1,enterprise_software,0.3015
company_profile_location,concept_attribute_focus,sonnet,skill_on,company_stage,199,6,0.0302,15,0.0754,1,growth_stage,0.4623
company_profile_location,concept_attribute_focus,sonnet,skill_on,business_model,199,8,0.0402,0,0.0,1,SaaS_cloud_platform,0.598
company_profile_location,concept_attribute_focus,sonnet,skill_on,customer_segment,199,5,0.0251,0,0.0,1,enterprise_B2B,0.7136
company_profile_location,concept_attribute_focus,sonnet,skill_on,geographic_scope,199,4,0.0201,97,0.4874,1,Unknown,0.4874
company_profile_location,concept_attribute_focus,sonnet,skill_on,expansion_lever,199,7,0.0352,18,0.0905,1,platform_ecosystem,0.598
company_profile_location,predictive_region,haiku,skill_off_update,dominant_industry,199,10,0.0503,0,0.0,1,other,0.3216
company_profile_location,predictive_region,haiku,skill_off_update,description_length,199,3,0.0151,0,0.0,1,medium,0.7487
company_profile_location,predictive_region,haiku,skill_off_update,is_b2b,199,2,0.0101,0,0.0,1,no,0.8141
company_profile_location,predictive_region,haiku,skill_off_update,has_rd_focus,199,2,0.0101,0,0.0,1,no,0.9698
company_profile_location,predictive_region,haiku,skill_off_update,tech_depth_score,199,4,0.0201,0,0.0,1,0,0.6884
company_profile_location,predictive_region,sonnet,skill_off_update,desc_word_count,199,46,0.2312,0,0.0,1,21,0.1005
company_profile_location,predictive_region,sonnet,skill_off_update,desc_avg_word_length,199,161,0.809,0,0.0,0,6.0,0.0251
company_profile_location,predictive_region,sonnet,skill_off_update,desc_sentence_count,199,6,0.0302,0,0.0,1,1,0.6482
company_profile_location,predictive_region,sonnet,skill_off_update,tech_density,199,69,0.3467,0,0.0,0,0.0,0.2864
company_profile_location,predictive_region,sonnet,skill_off_update,primary_industry,199,10,0.0503,0,0.0,1,enterprise_sw,0.392
company_profile_location,predictive_region,sonnet,skill_off_update,industry_tag_count,199,6,0.0302,0,0.0,1,2,0.3216
company_profile_location,predictive_region,sonnet,skill_off_update,is_fintech,199,2,0.0101,0,0.0,1,0,0.8844
company_profile_location,predictive_region,sonnet,skill_off_update,is_healthcare,199,2,0.0101,0,0.0,1,0,0.9045
company_profile_location,predictive_region,sonnet,skill_off_update,is_enterprise_sw,199,2,0.0101,0,0.0,1,1,0.5126
company_profile_location,predictive_region,sonnet,skill_off_update,is_consumer,199,2,0.0101,0,0.0,1,0,0.6131
company_profile_location,predictive_region,sonnet,skill_off_update,is_security,199,2,0.0101,0,0.0,1,0,0.8844
company_profile_location,predictive_region,sonnet,skill_off_update,is_ai_ml,199,2,0.0101,0,0.0,1,0,0.7387
company_profile_location,predictive_region,sonnet,skill_off_update,is_hardware_iot,199,2,0.0101,0,0.0,1,0,0.8744
company_profile_location,predictive_region,sonnet,skill_off_update,is_education,199,2,0.0101,0,0.0,1,0,0.9447
company_profile_location,predictive_region,sonnet,skill_off_update,mentions_b2b,199,2,0.0101,0,0.0,1,0,0.8492
company_profile_location,predictive_region,sonnet,skill_off_update,mentions_b2c,199,2,0.0101,0,0.0,1,0,0.8643
company_profile_location,predictive_region,sonnet,skill_off_update,has_funding_language,199,2,0.0101,0,0.0,1,0,0.9196
company_profile_location,predictive_region,sonnet,skill_off_update,action_verb_score,199,6,0.0302,0,0.0,1,0,0.4523
company_profile_location,predictive_region,haiku,skill_on_e2e,primary_industry,199,14,0.0704,0,0.0,1,software,0.5176
company_profile_location,predictive_region,haiku,skill_on_e2e,company_stage,199,5,0.0251,0,0.0,1,growth_stage,0.4171
company_profile_location,predictive_region,haiku,skill_on_e2e,business_model_type,199,6,0.0302,0,0.0,1,software_solution,0.5276
company_profile_location,predictive_region,haiku,skill_on_e2e,geographic_reach,199,3,0.0151,0,0.0,1,national,0.6884
company_profile_location,predictive_region,haiku,skill_on_e2e,customer_segment,199,4,0.0201,0,0.0,1,enterprise,0.7538
company_profile_location,predictive_region,haiku,skill_on_e2e,technology_focus,199,9,0.0452,95,0.4774,1,Unknown,0.4774
company_profile_location,predictive_region,sonnet,skill_on_e2e,industry_sector,199,15,0.0754,3,0.0151,1,enterprise_software,0.2764
company_profile_location,predictive_region,sonnet,skill_on_e2e,company_type,199,8,0.0402,1,0.005,1,startup,0.3467
company_profile_location,predictive_region,sonnet,skill_on_e2e,company_stage,199,4,0.0201,14,0.0704,1,growth_stage,0.4472
company_profile_location,predictive_region,sonnet,skill_on_e2e,employee_scale_signal,199,4,0.0201,32,0.1608,1,mid_size,0.4271
company_profile_location,predictive_region,sonnet,skill_on_e2e,primary_tech_domain,199,11,0.0553,90,0.4523,1,Unknown,0.4523
company_profile_location,predictive_region,sonnet,skill_on_e2e,ai_ml_emphasis,199,2,0.0101,0,0.0,1,False,0.8995
company_profile_location,predictive_region,sonnet,skill_on_e2e,cloud_deployment_model,199,5,0.0251,0,0.0,1,none_mentioned,0.593
company_profile_location,predictive_region,sonnet,skill_on_e2e,target_customer_segment,199,6,0.0302,2,0.0101,1,enterprise_b2b,0.6281
company_profile_location,predictive_region,sonnet,skill_on_e2e,product_delivery_mode,199,7,0.0352,2,0.0101,1,software_platform,0.598
company_profile_location,predictive_region,sonnet,skill_on_e2e,innovation_orientation,199,6,0.0302,1,0.005,1,product_commercialization,0.5779
company_profile_location,predictive_region,haiku,skill_on,primary_technology_domain,199,12,0.0603,0,0.0,1,enterprise_software,0.2814
company_profile_location,predictive_region,haiku,skill_on,service_delivery_model,199,5,0.0251,0,0.0,1,cloud_saas,0.6533
company_profile_location,predictive_region,haiku,skill_on,primary_customer_segment,199,8,0.0402,0,0.0,1,enterprise,0.6583
company_profile_location,predictive_region,haiku,skill_on,infrastructure_and_physical_footprint,199,6,0.0302,0,0.0,1,office_light,0.6935
company_profile_location,predictive_region,sonnet,skill_on,industry_sector,199,10,0.0503,0,0.0,1,software_and_saas,0.4573
company_profile_location,predictive_region,sonnet,skill_on,org_type,199,8,0.0402,4,0.0201,1,scaleup_or_growth,0.4121
company_profile_location,predictive_region,sonnet,skill_on,primary_tech_focus,199,8,0.0402,0,0.0,1,none_or_non_tech,0.3216
company_profile_location,predictive_region,sonnet,skill_on,cloud_infra_signal,199,2,0.0101,0,0.0,1,False,0.7437
company_profile_location,predictive_region,sonnet,skill_on,company_stage,199,5,0.0251,10,0.0503,1,growth_stage,0.5327
company_profile_location,predictive_region,sonnet,skill_on,target_customer,199,6,0.0302,1,0.005,1,enterprise_b2b,0.6633
company_profile_location,predictive_region,sonnet,skill_on,delivery_model,199,6,0.0302,2,0.0101,1,saas_or_cloud_platform,0.593
company_profile_location,predictive_regional,haiku,skill_off_update,industry_ai_ml,199,2,0.0101,0,0.0,1,0,0.8241
company_profile_location,predictive_regional,haiku,skill_off_update,industry_cybersecurity,199,2,0.0101,0,0.0,1,0,0.9196
company_profile_location,predictive_regional,haiku,skill_off_update,industry_cloud_infrastructure,199,2,0.0101,0,0.0,1,0,0.6834
company_profile_location,predictive_regional,haiku,skill_off_update,industry_healthcare_biotech,199,2,0.0101,0,0.0,1,0,0.9548
company_profile_location,predictive_regional,haiku,skill_off_update,industry_fintech_payments,199,2,0.0101,0,0.0,1,0,0.9799
company_profile_location,predictive_regional,haiku,skill_off_update,industry_data_analytics,199,2,0.0101,0,0.0,1,0,0.7839
company_profile_location,predictive_regional,haiku,skill_off_update,industry_enterprise_software,199,2,0.0101,0,0.0,1,0,0.8945
company_profile_location,predictive_regional,haiku,skill_off_update,industry_semiconductors,199,2,0.0101,0,0.0,1,0,0.9698
company_profile_location,predictive_regional,haiku,skill_off_update,industry_consumer_media,199,2,0.0101,0,0.0,1,0,0.8744
company_profile_location,predictive_regional,haiku,skill_off_update,industry_venture_capital,199,2,0.0101,0,0.0,1,0,0.9146
company_profile_location,predictive_regional,haiku,skill_off_update,geographic_region,199,8,0.0402,0,0.0,1,palo_alto_area,0.3266
company_profile_location,predictive_regional,haiku,skill_off_update,region_industry_concentration,199,8,0.0402,0,0.0,1,82,0.3266
company_profile_location,predictive_regional,haiku,skill_off_update,regional_industry_penetration,199,43,0.2161,0,0.0,1,0,0.3116
company_profile_location,predictive_regional,haiku,skill_off_update,industry_ai_ml,199,2,0.0101,0,0.0,1,0,0.8241
company_profile_location,predictive_regional,haiku,skill_off_update,industry_cybersecurity,199,2,0.0101,0,0.0,1,0,0.9196
company_profile_location,predictive_regional,haiku,skill_off_update,industry_cloud_infrastructure,199,2,0.0101,0,0.0,1,0,0.6834
company_profile_location,predictive_regional,haiku,skill_off_update,industry_healthcare_biotech,199,2,0.0101,0,0.0,1,0,0.9548
company_profile_location,predictive_regional,haiku,skill_off_update,industry_fintech_payments,199,2,0.0101,0,0.0,1,0,0.9799
company_profile_location,predictive_regional,haiku,skill_off_update,industry_data_analytics,199,2,0.0101,0,0.0,1,0,0.7839
company_profile_location,predictive_regional,haiku,skill_off_update,industry_enterprise_software,199,2,0.0101,0,0.0,1,0,0.8945
company_profile_location,predictive_regional,haiku,skill_off_update,industry_semiconductors,199,2,0.0101,0,0.0,1,0,0.9698
company_profile_location,predictive_regional,haiku,skill_off_update,industry_consumer_media,199,2,0.0101,0,0.0,1,0,0.8744
company_profile_location,predictive_regional,haiku,skill_off_update,industry_venture_capital,199,2,0.0101,0,0.0,1,0,0.9146
company_profile_location,predictive_regional,haiku,skill_off_update,geographic_region,199,8,0.0402,0,0.0,1,palo_alto_area,0.3266
company_profile_location,predictive_regional,haiku,skill_off_update,region_industry_concentration,199,8,0.0402,0,0.0,1,82,0.3266
company_profile_location,predictive_regional,haiku,skill_off_update,regional_industry_penetration,199,43,0.2161,0,0.0,1,0,0.3116
company_profile_location,predictive_regional,sonnet,skill_off_update,industry_sector,199,15,0.0754,0,0.0,1,Cloud / Enterprise Software,0.3367
company_profile_location,predictive_regional,sonnet,skill_off_update,company_type,199,5,0.0251,0,0.0,1,Private Company,0.8492
company_profile_location,predictive_regional,sonnet,skill_off_update,geo_cluster,199,7,0.0352,0,0.0,1,South Bay (Sunnyvale/Santa Clara/Mountain View),0.3618
company_profile_location,predictive_regional,sonnet,skill_off_update,tech_focus_level,199,3,0.0151,0,0.0,1,Medium,0.5427
company_profile_location,predictive_regional,sonnet,skill_off_update,description_length,199,3,0.0151,0,0.0,1,Medium,0.804
company_profile_location,predictive_regional,haiku,skill_on_e2e,primary_industry,199,8,0.0402,0,0.0,1,software,0.6382
company_profile_location,predictive_regional,haiku,skill_on_e2e,revenue_model,199,7,0.0352,0,0.0,1,saas,0.6985
company_profile_location,predictive_regional,haiku,skill_on_e2e,ai_ml_enabled,199,2,0.0101,0,0.0,1,False,0.7889
company_profile_location,predictive_regional,haiku,skill_on_e2e,enterprise_focus,199,2,0.0101,0,0.0,1,True,0.608
company_profile_location,predictive_regional,sonnet,skill_on_e2e,industry_sector,199,10,0.0503,0,0.0,1,software,0.402
company_profile_location,predictive_regional,sonnet,skill_on_e2e,company_stage,199,5,0.0251,0,0.0,1,growth_stage,0.6131
company_profile_location,predictive_regional,sonnet,skill_on_e2e,primary_tech_domain,199,10,0.0503,56,0.2814,1,Unknown,0.2814
company_profile_location,predictive_regional,sonnet,skill_on_e2e,customer_segment,199,5,0.0251,1,0.005,1,B2B_enterprise,0.6734
company_profile_location,predictive_regional,sonnet,skill_on_e2e,product_category,199,10,0.0503,0,0.0,1,platform_software,0.4874
company_profile_location,predictive_regional,sonnet,skill_on_e2e,is_hardware,199,2,0.0101,0,0.0,1,False,0.8744
company_profile_location,predictive_regional,sonnet,skill_on_e2e,is_ai_ml,199,2,0.0101,0,0.0,1,False,0.8894
company_profile_location,predictive_regional,haiku,skill_on,primary_business_function,199,7,0.0352,0,0.0,1,software_and_saas,0.5427
company_profile_location,predictive_regional,haiku,skill_on,investment_focus,199,4,0.0201,0,0.0,1,growth_stage_company,0.6181
company_profile_location,predictive_regional,haiku,skill_on,market_segment,199,6,0.0302,0,0.0,1,enterprise_b2b,0.4573
company_profile_location,predictive_regional,haiku,skill_on,operational_scale,199,3,0.0151,0,0.0,1,silicon_valley_local,0.7286
company_profile_location,predictive_regional,haiku,skill_on,innovation_domain,199,7,0.0352,0,0.0,1,cloud_and_infrastructure,0.397
company_profile_location,predictive_regional,haiku,skill_on,company_lifecycle_stage,199,4,0.0201,0,0.0,1,growth_stage_company,0.5578
company_profile_location,predictive_regional,haiku,skill_on,technology_domain,199,8,0.0402,64,0.3216,1,Unknown,0.3216
company_profile_location,predictive_regional,haiku,skill_on,geographic_operational_scope,199,3,0.0151,0,0.0,1,silicon_valley_local,0.7487
company_profile_location,predictive_regional,haiku,skill_on,market_segment_focus,199,6,0.0302,0,0.0,1,enterprise_b2b,0.4372
company_profile_location,predictive_regional,sonnet,skill_on,industry_sector,199,12,0.0603,1,0.005,1,enterprise_software,0.4171
company_profile_location,predictive_regional,sonnet,skill_on,org_type,199,6,0.0302,0,0.0,1,startup,0.5226
company_profile_location,predictive_regional,sonnet,skill_on,company_stage,199,4,0.0201,14,0.0704,1,growth_stage,0.3869
company_profile_location,predictive_regional,sonnet,skill_on,primary_tech_domain,199,9,0.0452,24,0.1206,1,SaaS_applications,0.4422
company_profile_location,predictive_regional,sonnet,skill_on,ai_ml_focus,199,2,0.0101,0,0.0,1,False,0.8894
company_profile_location,predictive_regional,sonnet,skill_on,cloud_deployment_model,199,3,0.0151,83,0.4171,1,cloud_native,0.5025
company_profile_location,predictive_regional,sonnet,skill_on,market_segment,199,3,0.0151,0,0.0,1,enterprise_b2b,0.7487
company_profile_location,predictive_regional,sonnet,skill_on,customer_type,199,6,0.0302,15,0.0754,1,large_enterprise,0.6231
company_profile_location,whatif_business_model,haiku,skill_off_update,Business_Model_Orientation,199,3,0.0151,0,0.0,1,Mixed,0.4623
company_profile_location,whatif_business_model,haiku,skill_off_update,Localization_Potential_Score,199,8,0.0402,0,0.0,1,5,0.6281
company_profile_location,whatif_business_model,haiku,skill_off_update,Regional_Fit_Improvement_With_Service_Model,199,15,0.0754,0,0.0,1,1.8,0.3869
company_profile_location,whatif_business_model,sonnet,skill_off_update,Current_Business_Model_Type,199,7,0.0352,0,0.0,1,General,0.5327
company_profile_location,whatif_business_model,sonnet,skill_off_update,Service_Orientation_Score,199,10,0.0503,0,0.0,1,3,0.4874
company_profile_location,whatif_business_model,sonnet,skill_off_update,Localization_Potential_Score,199,15,0.0754,0,0.0,1,3,0.5126
company_profile_location,whatif_business_model,sonnet,skill_off_update,Regional_Fit_Impact_If_Service_Localized,199,4,0.0201,0,0.0,1,Moderate Increase,0.7085
company_profile_location,whatif_business_model,sonnet,skill_off_update,Recommended_Region_Type_After_Shift,199,9,0.0452,0,0.0,1,Emerging mid-tier cities with underserved demand,0.4422
company_profile_location,whatif_business_model,haiku,skill_on_e2e,primary_business_model,199,5,0.0251,0,0.0,1,platform,0.4673
company_profile_location,whatif_business_model,haiku,skill_on_e2e,regional_presence_requirement,199,4,0.0201,0,0.0,1,local_operations_needed,0.6834
company_profile_location,whatif_business_model,haiku,skill_on_e2e,customer_interaction_modality,199,6,0.0302,0,0.0,1,digital_support,0.4874
company_profile_location,whatif_business_model,haiku,skill_on_e2e,infrastructure_asset_type,199,5,0.0251,0,0.0,1,cloud_delivered,0.5678
company_profile_location,whatif_business_model,haiku,skill_on_e2e,current_geographic_expansion,199,3,0.0151,0,0.0,1,multi_region_us,0.5126
company_profile_location,whatif_business_model,haiku,skill_on_e2e,strategic_market_positioning,199,6,0.0302,0,0.0,1,enterprise_premium,0.4874
company_profile_location,whatif_business_model,sonnet,skill_on_e2e,business_model_type,199,7,0.0352,0,0.0,1,product_software,0.4925
company_profile_location,whatif_business_model,sonnet,skill_on_e2e,delivery_modality,199,7,0.0352,2,0.0101,1,cloud_saas,0.6332
company_profile_location,whatif_business_model,sonnet,skill_on_e2e,geographic_scope,199,4,0.0201,25,0.1256,1,global,0.6281
company_profile_location,whatif_business_model,sonnet,skill_on_e2e,customer_segment,199,5,0.0251,0,0.0,1,enterprise_b2b,0.6884
company_profile_location,whatif_business_model,sonnet,skill_on_e2e,localization_barrier,199,5,0.0251,0,0.0,1,none_apparent,0.2965
company_profile_location,whatif_business_model,sonnet,skill_on_e2e,industry_vertical,199,13,0.0653,10,0.0503,1,enterprise_software,0.2513
company_profile_location,whatif_business_model,sonnet,skill_on_e2e,service_orientation_gap,199,3,0.0151,0,0.0,1,2,0.6784
company_profile_location,whatif_business_model,haiku,skill_on,primary_business_model,199,5,0.0251,0,0.0,1,platform_hybrid,0.3869
company_profile_location,whatif_business_model,haiku,skill_on,service_delivery_dependency,199,2,0.0101,0,0.0,1,False,0.7236
company_profile_location,whatif_business_model,haiku,skill_on,customer_proximity_criticality,199,3,0.0151,0,0.0,1,remote_capable,0.7437
company_profile_location,whatif_business_model,haiku,skill_on,infrastructure_centralization_dependency,199,3,0.0151,0,0.0,1,highly_centralized,0.7085
company_profile_location,whatif_business_model,haiku,skill_on,current_market_footprint_pattern,199,3,0.0151,0,0.0,1,single_headquarters_hub,0.7286
company_profile_location,whatif_business_model,sonnet,skill_on,business_model_type,199,9,0.0452,1,0.005,1,product_software,0.4925
company_profile_location,whatif_business_model,sonnet,skill_on,service_orientation_level,199,5,0.0251,1,0.005,1,product_with_services,0.5729
company_profile_location,whatif_business_model,sonnet,skill_on,delivery_modality,199,7,0.0352,2,0.0101,1,digital_platform,0.3317
company_profile_location,whatif_business_model,sonnet,skill_on,primary_customer_segment,199,5,0.0251,0,0.0,1,enterprise_b2b,0.6683
company_profile_location,whatif_business_model,sonnet,skill_on,localization_barrier,199,6,0.0302,0,0.0,1,none_apparent,0.2965
company_profile_location,whatif_business_model,sonnet,skill_on,physical_presence_required,199,2,0.0101,0,0.0,1,False,0.8945
company_profile_location,whatif_business_model,sonnet,skill_on,industry_vertical,199,12,0.0603,87,0.4372,1,Unknown,0.4372
company_profile_location,whatif_business_model,sonnet,skill_on,regulatory_compliance_sensitivity,199,4,0.0201,2,0.0101,1,medium,0.6683
customer_support_tickets,causal_handling,haiku,skill_off_update,issue_complexity,250,3,0.012,0,0.0,1,Low,0.628
customer_support_tickets,causal_handling,haiku,skill_off_update,urgency_factor,250,4,0.016,0,0.0,1,Blocking,0.424
customer_support_tickets,causal_handling,haiku,skill_off_update,channel_communication_mode,250,2,0.008,0,0.0,1,Async,0.6
customer_support_tickets,causal_handling,sonnet,skill_off_update,issue_type,250,7,0.028,0,0.0,1,other,0.208
customer_support_tickets,causal_handling,sonnet,skill_off_update,is_async_channel,250,2,0.008,0,0.0,1,1,0.6
customer_support_tickets,causal_handling,sonnet,skill_off_update,priority_numeric,250,4,0.016,0,0.0,1,2,0.304
customer_support_tickets,causal_handling,sonnet,skill_off_update,expected_resolution_minutes,250,11,0.044,0,0.0,1,132.8,0.196
customer_support_tickets,causal_handling,sonnet,skill_off_update,resolution_deviation_pct,250,90,0.36,0,0.0,0,-5.9,0.036
customer_support_tickets,causal_handling,haiku,skill_on_e2e,issue_type,250,12,0.048,21,0.084,1,feature_request,0.204
customer_support_tickets,causal_handling,haiku,skill_on_e2e,issue_severity,250,5,0.02,0,0.0,1,3,0.284
customer_support_tickets,causal_handling,haiku,skill_on_e2e,incident_scope,250,4,0.016,0,0.0,1,team_or_workspace,0.572
customer_support_tickets,causal_handling,haiku,skill_on_e2e,backend_system_involved,250,9,0.036,4,0.016,1,ui_only,0.316
customer_support_tickets,causal_handling,haiku,skill_on_e2e,issue_severity_signal,250,5,0.02,0,0.0,1,2,0.34
customer_support_tickets,causal_handling,sonnet,skill_on_e2e,issue_category,250,8,0.032,0,0.0,1,bug_or_defect,0.364
customer_support_tickets,causal_handling,sonnet,skill_on_e2e,technical_complexity,250,5,0.02,0,0.0,1,2,0.276
customer_support_tickets,causal_handling,sonnet,skill_on_e2e,urgency_signal,250,6,0.024,26,0.104,1,low_or_cosmetic,0.268
customer_support_tickets,causal_handling,sonnet,skill_on_e2e,scope_blast_radius,250,4,0.016,0,0.0,1,single_user,0.612
customer_support_tickets,causal_handling,sonnet,skill_on_e2e,escalation_need,250,5,0.02,0,0.0,1,engineering,0.432
customer_support_tickets,causal_handling,sonnet,skill_on_e2e,self_service_feasibility,250,4,0.016,0,0.0,1,requires_engineering,0.576
customer_support_tickets,causal_handling,sonnet,skill_on_e2e,integration_dependency,250,2,0.008,0,0.0,1,False,0.924
customer_support_tickets,causal_handling,sonnet,skill_on_e2e,repro_reliability,250,4,0.016,75,0.3,1,consistent_repro,0.652
customer_support_tickets,causal_handling,haiku,skill_on,issue_type,250,15,0.06,0,0.0,1,feature_request,0.204
customer_support_tickets,causal_handling,haiku,skill_on,urgency_drivers,250,7,0.028,0,0.0,1,team_productivity_impacted,0.356
customer_support_tickets,causal_handling,haiku,skill_on,user_capability,250,5,0.02,0,0.0,1,system_automation_no_user_action,0.432
customer_support_tickets,causal_handling,haiku,skill_on,infrastructure_state,250,8,0.032,0,0.0,1,expected_behavior_user_misunderstanding,0.332
customer_support_tickets,causal_handling,sonnet,skill_on,issue_type_category,250,10,0.04,0,0.0,1,ui_bug,0.22
customer_support_tickets,causal_handling,sonnet,skill_on,technical_complexity,250,5,0.02,0,0.0,1,4,0.304
customer_support_tickets,causal_handling,sonnet,skill_on,blast_radius,250,4,0.016,0,0.0,1,single_user,0.528
customer_support_tickets,causal_handling,sonnet,skill_on,escalation_need,250,6,0.024,54,0.216,1,engineering,0.428
customer_support_tickets,causal_handling,sonnet,skill_on,immediate_action_available,250,2,0.008,0,0.0,1,False,0.788
customer_support_tickets,causal_handling,sonnet,skill_on,external_dependency,250,5,0.02,219,0.876,1,,0.876
customer_support_tickets,causal_handling,sonnet,skill_on,repro_reliability,250,3,0.012,77,0.308,1,consistent,0.632
customer_support_tickets,causal_handling,sonnet,skill_on,diagnostic_info_completeness,250,2,0.008,0,0.0,1,complete,0.7
customer_support_tickets,causal_handling,sonnet,skill_on,request_nature,250,6,0.024,0,0.0,1,incident_break_fix,0.58
customer_support_tickets,causal_handling,sonnet,skill_on,security_or_compliance_flag,250,2,0.008,0,0.0,1,False,0.824
customer_support_tickets,causal_handling,sonnet,skill_on,affected_scope,250,10,0.04,28,0.112,1,ui_ux,0.232
customer_support_tickets,causal_reduce,haiku,skill_off_update,issue_category,250,3,0.012,0,0.0,1,Technical,0.672
customer_support_tickets,causal_reduce,haiku,skill_off_update,technical_complexity,250,3,0.012,0,0.0,1,Low,0.456
customer_support_tickets,causal_reduce,haiku,skill_off_update,resolution_efficiency_index,250,109,0.436,0,0.0,0,1.00,0.104
customer_support_tickets,causal_reduce,sonnet,skill_off_update,issue_category,250,9,0.036,0,0.0,1,feature_request,0.2
customer_support_tickets,causal_reduce,sonnet,skill_off_update,estimated_complexity,250,3,0.012,0,0.0,1,medium,0.664
customer_support_tickets,causal_reduce,sonnet,skill_off_update,routing_recommendation,250,6,0.024,0,0.0,1,escalate_to_senior,0.336
customer_support_tickets,causal_reduce,sonnet,skill_off_update,self_service_candidate,250,2,0.008,0,0.0,1,no,0.624
customer_support_tickets,causal_reduce,haiku,skill_on_e2e,issue_severity_class,250,4,0.016,0,0.0,1,P2_degraded_major_feature,0.436
customer_support_tickets,causal_reduce,haiku,skill_on_e2e,issue_category,250,7,0.028,0,0.0,1,feature_bug,0.464
customer_support_tickets,causal_reduce,haiku,skill_on_e2e,has_customer_blocker,250,2,0.008,0,0.0,1,True,0.684
customer_support_tickets,causal_reduce,haiku,skill_on_e2e,issue_complexity_scale,250,5,0.02,0,0.0,1,requires_investigation_or_rollback,0.556
customer_support_tickets,causal_reduce,haiku,skill_on_e2e,required_resolution_path,250,8,0.032,0,0.0,1,engineering_investigation,0.504
customer_support_tickets,causal_reduce,haiku,skill_on_e2e,customer_financial_or_compliance_pressure,250,2,0.008,0,0.0,1,False,0.756
customer_support_tickets,causal_reduce,sonnet,skill_on_e2e,issue_category,250,10,0.04,0,0.0,1,bug_regression,0.436
customer_support_tickets,causal_reduce,sonnet,skill_on_e2e,operational_severity,250,5,0.02,0,0.0,1,moderate_impairment,0.348
customer_support_tickets,causal_reduce,sonnet,skill_on_e2e,technical_complexity,250,5,0.02,0,0.0,1,single_service_fix,0.564
customer_support_tickets,causal_reduce,sonnet,skill_on_e2e,scope_of_impact,250,4,0.016,0,0.0,1,single_user,0.684
customer_support_tickets,causal_reduce,sonnet,skill_on_e2e,escalation_signal,250,6,0.024,206,0.824,1,,0.824
customer_support_tickets,causal_reduce,sonnet,skill_on_e2e,requires_third_party_coordination,250,2,0.008,0,0.0,1,False,0.92
customer_support_tickets,causal_reduce,sonnet,skill_on_e2e,requires_data_or_config_remediation,250,2,0.008,0,0.0,1,False,0.584
customer_support_tickets,causal_reduce,sonnet,skill_on_e2e,triggered_by_recent_change,250,2,0.008,0,0.0,1,False,0.816
customer_support_tickets,causal_reduce,sonnet,skill_on_e2e,workaround_available,250,2,0.008,0,0.0,1,False,0.936
customer_support_tickets,causal_reduce,sonnet,skill_on_e2e,customer_urgency_context,250,6,0.024,228,0.912,1,,0.912
customer_support_tickets,causal_reduce,haiku,skill_on,issue_type,250,12,0.048,0,0.0,1,bug,0.296
customer_support_tickets,causal_reduce,haiku,skill_on,requires_code_fix,250,2,0.008,0,0.0,1,True,0.676
customer_support_tickets,causal_reduce,haiku,skill_on,escalation_required,250,2,0.008,0,0.0,1,True,0.632
customer_support_tickets,causal_reduce,haiku,skill_on,data_recovery_needed,250,2,0.008,0,0.0,1,False,0.872
customer_support_tickets,causal_reduce,haiku,skill_on,system_stability,250,2,0.008,0,0.0,1,False,0.732
customer_support_tickets,causal_reduce,haiku,skill_on,third_party_dependency,250,2,0.008,0,0.0,1,False,0.884
customer_support_tickets,causal_reduce,haiku,skill_on,customer_config_error,250,2,0.008,0,0.0,1,False,0.776
customer_support_tickets,causal_reduce,haiku,skill_on,documentation_gap,250,2,0.008,0,0.0,1,False,0.836
customer_support_tickets,causal_reduce,haiku,skill_on,feature_enhancement_needed,250,2,0.008,0,0.0,1,False,0.652
customer_support_tickets,causal_reduce,sonnet,skill_on,issue_category,250,11,0.044,9,0.036,1,bug,0.312
customer_support_tickets,causal_reduce,sonnet,skill_on,operational_severity,250,4,0.016,0,0.0,1,cosmetic_or_minor,0.372
customer_support_tickets,causal_reduce,sonnet,skill_on,scope_of_impact,250,4,0.016,0,0.0,1,single_user,0.48
customer_support_tickets,causal_reduce,sonnet,skill_on,root_cause_type,250,9,0.036,76,0.304,1,regression_from_release,0.312
customer_support_tickets,causal_reduce,sonnet,skill_on,issue_complexity,250,5,0.02,0,0.0,1,2,0.352
customer_support_tickets,causal_reduce,sonnet,skill_on,requires_escalation,250,2,0.008,0,0.0,1,False,0.76
customer_support_tickets,causal_reduce,sonnet,skill_on,reproduction_difficulty,250,4,0.016,77,0.308,1,always_reproducible,0.624
customer_support_tickets,causal_reduce,sonnet,skill_on,external_dependency,250,2,0.008,0,0.0,1,False,0.9
customer_support_tickets,causal_reduce,sonnet,skill_on,security_or_compliance_flag,250,5,0.02,219,0.876,1,,0.876
customer_support_tickets,causal_reduce,sonnet,skill_on,customer_impact_type,250,7,0.028,0,0.0,1,productivity_friction,0.372
customer_support_tickets,concept_attribute_operational,haiku,skill_off_update,severity_score,250,4,0.016,0,0.0,1,1,0.304
customer_support_tickets,concept_attribute_operational,haiku,skill_off_update,issue_category,250,15,0.06,0,0.0,1,feature_request,0.152
customer_support_tickets,concept_attribute_operational,haiku,skill_off_update,customer_impact_level,250,4,0.016,0,0.0,1,medium,0.304
customer_support_tickets,concept_attribute_operational,sonnet,skill_off_update,issue_category,250,11,0.044,0,0.0,1,feature_request,0.228
customer_support_tickets,concept_attribute_operational,sonnet,skill_off_update,burden_score,250,92,0.368,0,0.0,0,33.47,0.032
customer_support_tickets,concept_attribute_operational,haiku,skill_on_e2e,issue_category,250,11,0.044,0,0.0,1,bug_defect,0.312
customer_support_tickets,concept_attribute_operational,haiku,skill_on_e2e,customer_impact,250,5,0.02,0,0.0,1,medium_impact_workflow,0.4
customer_support_tickets,concept_attribute_operational,haiku,skill_on_e2e,issue_source,250,5,0.02,76,0.304,1,platform_bug_or_defect,0.444
customer_support_tickets,concept_attribute_operational,haiku,skill_on_e2e,action_required,250,6,0.024,0,0.0,1,engineering_investigation,0.412
customer_support_tickets,concept_attribute_operational,sonnet,skill_on_e2e,issue_category,250,10,0.04,0,0.0,1,bug_or_functional_defect,0.336
customer_support_tickets,concept_attribute_operational,sonnet,skill_on_e2e,incident_severity,250,5,0.02,0,0.0,1,3,0.292
customer_support_tickets,concept_attribute_operational,sonnet,skill_on_e2e,scope_of_impact,250,5,0.02,0,0.0,1,single_user,0.648
customer_support_tickets,concept_attribute_operational,sonnet,skill_on_e2e,product_area,250,13,0.052,3,0.012,1,ui_and_ux,0.252
customer_support_tickets,concept_attribute_operational,sonnet,skill_on_e2e,root_cause_type,250,9,0.036,82,0.328,1,Unknown,0.328
customer_support_tickets,concept_attribute_operational,sonnet,skill_on_e2e,requires_escalation,250,2,0.008,0,0.0,1,False,0.676
customer_support_tickets,concept_attribute_operational,sonnet,skill_on_e2e,data_or_security_risk,250,2,0.008,0,0.0,1,False,0.824
customer_support_tickets,concept_attribute_operational,sonnet,skill_on_e2e,customer_urgency_signal,250,4,0.016,0,0.0,1,no_urgency_signal,0.724
customer_support_tickets,concept_attribute_operational,sonnet,skill_on_e2e,regression_flag,250,2,0.008,0,0.0,1,False,0.876
customer_support_tickets,concept_attribute_operational,haiku,skill_on,issue_category,250,14,0.056,0,0.0,1,defect,0.324
customer_support_tickets,concept_attribute_operational,haiku,skill_on,customer_impact_scope,250,6,0.024,0,0.0,1,single_workspace_subset,0.54
customer_support_tickets,concept_attribute_operational,haiku,skill_on,is_operationally_blocking,250,2,0.008,0,0.0,1,True,0.624
customer_support_tickets,concept_attribute_operational,haiku,skill_on,system_component_affected,250,16,0.064,0,0.0,1,dashboard_ui,0.244
customer_support_tickets,concept_attribute_operational,haiku,skill_on,multi_tenant_or_regional_impact,250,2,0.008,0,0.0,1,False,0.872
customer_support_tickets,concept_attribute_operational,haiku,skill_on,root_cause_clarity,250,5,0.02,0,0.0,1,self_evident,0.58
customer_support_tickets,concept_attribute_operational,haiku,skill_on,diagnostic_data_provided,250,4,0.016,0,0.0,1,logs_or_ids_provided,0.396
customer_support_tickets,concept_attribute_operational,haiku,skill_on,request_type,250,9,0.036,0,0.0,1,bug_report,0.388
customer_support_tickets,concept_attribute_operational,haiku,skill_on,escalation_required,250,7,0.028,85,0.34,1,engineering_review_required,0.384
customer_support_tickets,concept_attribute_operational,sonnet,skill_on,issue_category,250,9,0.036,0,0.0,1,bug,0.364
customer_support_tickets,concept_attribute_operational,sonnet,skill_on,product_area,250,13,0.052,1,0.004,1,ui_and_ux,0.236
customer_support_tickets,concept_attribute_operational,sonnet,skill_on,is_outage_or_data_loss,250,2,0.008,0,0.0,1,False,0.78
customer_support_tickets,concept_attribute_operational,sonnet,skill_on,blast_radius,250,4,0.016,0,0.0,1,single_user,0.656
customer_support_tickets,concept_attribute_operational,sonnet,skill_on,time_pressure,250,4,0.016,0,0.0,1,moderate_urgency,0.396
customer_support_tickets,concept_attribute_operational,sonnet,skill_on,root_cause_mechanism,250,8,0.032,82,0.328,1,Unknown,0.328
customer_support_tickets,concept_attribute_operational,sonnet,skill_on,regression_trigger,250,3,0.012,29,0.116,1,False,0.704
customer_support_tickets,concept_attribute_operational,sonnet,skill_on,escalation_signal,250,4,0.016,0,0.0,1,engineering_escalation_required,0.596
customer_support_tickets,concept_attribute_operational,sonnet,skill_on,workaround_available,250,2,0.008,0,0.0,1,False,0.952
customer_support_tickets,eda_resolution,haiku,skill_off_update,issue_theme,250,10,0.04,0,0.0,1,UI/UX,0.212
customer_support_tickets,eda_resolution,sonnet,skill_off_update,issue_theme,250,9,0.036,0,0.0,1,feature,0.22
customer_support_tickets,eda_resolution,sonnet,skill_off_update,theme_avg_resolution_minutes,250,9,0.036,0,0.0,1,39.4,0.22
customer_support_tickets,eda_resolution,sonnet,skill_off_update,channel_avg_resolution_minutes,250,4,0.016,0,0.0,1,98.3,0.4
customer_support_tickets,eda_resolution,sonnet,skill_off_update,priority_avg_resolution_minutes,250,4,0.016,0,0.0,1,41.6,0.304
customer_support_tickets,eda_resolution,sonnet,skill_off_update,resolution_vs_theme_avg,250,154,0.616,0,0.0,0,-31.5,0.028
customer_support_tickets,eda_resolution,sonnet,skill_off_update,priority_numeric,250,4,0.016,0,0.0,1,2,0.304
customer_support_tickets,eda_resolution,haiku,skill_on_e2e,issue_type,250,12,0.048,0,0.0,1,bug,0.328
customer_support_tickets,eda_resolution,haiku,skill_on_e2e,impact_scope,250,7,0.028,0,0.0,1,single_feature,0.516
customer_support_tickets,eda_resolution,haiku,skill_on_e2e,root_cause_category,250,15,0.06,64,0.256,1,Unknown,0.256
customer_support_tickets,eda_resolution,haiku,skill_on_e2e,resolution_path,250,10,0.04,0,0.0,1,hotfix_required,0.308
customer_support_tickets,eda_resolution,sonnet,skill_on_e2e,issue_theme,250,11,0.044,0,0.0,1,bug_and_regression,0.348
customer_support_tickets,eda_resolution,sonnet,skill_on_e2e,outage_scope,250,4,0.016,0,0.0,1,single_user,0.792
customer_support_tickets,eda_resolution,sonnet,skill_on_e2e,affected_component,250,12,0.048,18,0.072,1,ui_and_frontend,0.248
customer_support_tickets,eda_resolution,sonnet,skill_on_e2e,customer_impact_type,250,7,0.028,0,0.0,1,blocked_workflow,0.484
customer_support_tickets,eda_resolution,sonnet,skill_on_e2e,escalation_signal,250,6,0.024,226,0.904,1,,0.904
customer_support_tickets,eda_resolution,sonnet,skill_on_e2e,requires_engineering,250,2,0.008,0,0.0,1,True,0.68
customer_support_tickets,eda_resolution,sonnet,skill_on_e2e,data_integrity_risk,250,2,0.008,0,0.0,1,False,0.7
customer_support_tickets,eda_resolution,sonnet,skill_on_e2e,security_flag,250,2,0.008,0,0.0,1,False,0.856
customer_support_tickets,eda_resolution,haiku,skill_on,issue_category,250,10,0.04,11,0.044,1,feature_request,0.208
customer_support_tickets,eda_resolution,haiku,skill_on,urgency_signal,250,2,0.008,0,0.0,1,True,0.544
customer_support_tickets,eda_resolution,haiku,skill_on,customer_impact_scope,250,4,0.016,0,0.0,1,organization_wide,0.54
customer_support_tickets,eda_resolution,haiku,skill_on,operational_blocker,250,2,0.008,0,0.0,1,True,0.612
customer_support_tickets,eda_resolution,haiku,skill_on,root_cause_type,250,10,0.04,80,0.32,1,unknown,0.32
customer_support_tickets,eda_resolution,haiku,skill_on,system_layer_affected,250,13,0.052,23,0.092,1,frontend_ui,0.344
customer_support_tickets,eda_resolution,haiku,skill_on,resolution_type,250,10,0.04,0,0.0,1,backend_hotfix,0.58
customer_support_tickets,eda_resolution,haiku,skill_on,escalation_required,250,2,0.008,0,0.0,1,True,0.608
customer_support_tickets,eda_resolution,sonnet,skill_on,issue_theme,250,10,0.04,0,0.0,1,feature_request,0.228
customer_support_tickets,eda_resolution,sonnet,skill_on,ticket_subtype,250,5,0.02,0,0.0,1,bug_report,0.424
customer_support_tickets,eda_resolution,sonnet,skill_on,scope_impact,250,4,0.016,0,0.0,1,single_user,0.66
customer_support_tickets,eda_resolution,sonnet,skill_on,root_cause_category,250,8,0.032,78,0.312,1,regression_after_deploy,0.368
customer_support_tickets,eda_resolution,sonnet,skill_on,requires_escalation,250,2,0.008,0,0.0,1,False,0.792
customer_support_tickets,eda_resolution,sonnet,skill_on,requires_third_party,250,2,0.008,0,0.0,1,False,0.92
customer_support_tickets,eda_resolution,sonnet,skill_on,data_integrity_risk,250,2,0.008,0,0.0,1,False,0.776
customer_support_tickets,eda_resolution,sonnet,skill_on,security_flag,250,2,0.008,0,0.0,1,False,0.868
customer_support_tickets,focus_inference,haiku,skill_off_update,issue_category,250,8,0.032,0,0.0,1,Bug,0.34
customer_support_tickets,focus_inference,haiku,skill_off_update,issue_type,250,170,0.68,0,0.0,0,UX Enhancement,0.04
customer_support_tickets,focus_inference,sonnet,skill_off_update,issue_category,250,9,0.036,0,0.0,1,Feature Request,0.276
customer_support_tickets,focus_inference,sonnet,skill_off_update,issue_keywords,250,143,0.572,0,0.0,0,ach,0.052
customer_support_tickets,focus_inference,haiku,skill_on_e2e,primary_domain,250,8,0.032,0,0.0,1,feature_request,0.22
customer_support_tickets,focus_inference,haiku,skill_on_e2e,issue_type,250,7,0.028,0,0.0,1,defect,0.424
customer_support_tickets,focus_inference,haiku,skill_on_e2e,scope_impact,250,4,0.016,0,0.0,1,workspace_or_tenant,0.744
customer_support_tickets,focus_inference,sonnet,skill_on_e2e,issue_category,250,10,0.04,0,0.0,1,bug,0.288
customer_support_tickets,focus_inference,sonnet,skill_on_e2e,product_area,250,13,0.052,0,0.0,1,ui_and_ux,0.268
customer_support_tickets,focus_inference,sonnet,skill_on_e2e,urgency_signal,250,5,0.02,0,0.0,1,users_blocked,0.5
customer_support_tickets,focus_inference,sonnet,skill_on_e2e,root_cause_type,250,8,0.032,0,0.0,1,product_gap,0.416
customer_support_tickets,focus_inference,sonnet,skill_on_e2e,blast_radius_scope,250,4,0.016,0,0.0,1,single_user,0.524
customer_support_tickets,focus_inference,sonnet,skill_on_e2e,is_regression,250,2,0.008,0,0.0,1,False,0.884
customer_support_tickets,focus_inference,sonnet,skill_on_e2e,requires_escalation,250,2,0.008,0,0.0,1,False,0.68
customer_support_tickets,focus_inference,haiku,skill_on,primary_domain,250,13,0.052,0,0.0,1,ui_ux,0.268
customer_support_tickets,focus_inference,haiku,skill_on,issue_category,250,10,0.04,0,0.0,1,bug,0.4
customer_support_tickets,focus_inference,haiku,skill_on,root_cause_or_mechanism,250,12,0.048,75,0.3,1,code_defect,0.392
customer_support_tickets,focus_inference,sonnet,skill_on,issue_category,250,6,0.024,0,0.0,1,bug,0.44
customer_support_tickets,focus_inference,sonnet,skill_on,issue_subcategory,250,11,0.044,0,0.0,1,feature_enhancement,0.216
customer_support_tickets,focus_inference,sonnet,skill_on,affected_component,250,13,0.052,60,0.24,1,Unknown,0.24
customer_support_tickets,focus_inference,sonnet,skill_on,impact_scope,250,4,0.016,0,0.0,1,single_user,0.508
customer_support_tickets,focus_inference,sonnet,skill_on,urgency_signal,250,4,0.016,0,0.0,1,business_operation_blocked,0.424
customer_support_tickets,focus_inference,sonnet,skill_on,root_cause_type,250,8,0.032,37,0.148,1,missing_or_broken_feature,0.376
customer_support_tickets,focus_inference,sonnet,skill_on,action_needed,250,7,0.028,0,0.0,1,escalation_to_engineering,0.452
customer_support_tickets,predictive_long,haiku,skill_off_update,has_technical_issue,250,2,0.008,0,0.0,1,0,0.812
customer_support_tickets,predictive_long,haiku,skill_off_update,is_customer_blocked,250,2,0.008,0,0.0,1,0,0.768
customer_support_tickets,predictive_long,haiku,skill_off_update,needs_investigation,250,2,0.008,0,0.0,1,0,0.844
customer_support_tickets,predictive_long,haiku,skill_off_update,has_external_integration,250,2,0.008,0,0.0,1,0,0.832
customer_support_tickets,predictive_long,haiku,skill_off_update,affects_multiple_users,250,2,0.008,0,0.0,1,0,0.54
customer_support_tickets,predictive_long,sonnet,skill_off_update,priority_rank,250,4,0.016,0,0.0,1,2,0.304
customer_support_tickets,predictive_long,sonnet,skill_off_update,description_word_count,250,21,0.084,0,0.0,1,35,0.16
customer_support_tickets,predictive_long,sonnet,skill_off_update,urgency_keyword_count,250,5,0.02,0,0.0,1,0,0.604
customer_support_tickets,predictive_long,sonnet,skill_off_update,multi_system_keyword_count,250,5,0.02,0,0.0,1,0,0.668
customer_support_tickets,predictive_long,sonnet,skill_off_update,investigation_keyword_count,250,4,0.016,0,0.0,1,0,0.936
customer_support_tickets,predictive_long,sonnet,skill_off_update,scope_keyword_count,250,4,0.016,0,0.0,1,0,0.852
customer_support_tickets,predictive_long,sonnet,skill_off_update,has_error_code,250,2,0.008,0,0.0,1,0,0.948
customer_support_tickets,predictive_long,sonnet,skill_off_update,channel_complexity,250,3,0.012,0,0.0,1,2,0.4
customer_support_tickets,predictive_long,sonnet,skill_off_update,composite_complexity_score,250,13,0.052,0,0.0,1,5,0.172
customer_support_tickets,predictive_long,haiku,skill_on_e2e,issue_type,250,9,0.036,1,0.004,1,bug,0.384
customer_support_tickets,predictive_long,haiku,skill_on_e2e,customer_impact_scope,250,3,0.012,0,0.0,1,single_tenant_many_users,0.668
customer_support_tickets,predictive_long,haiku,skill_on_e2e,time_critical,250,2,0.008,0,0.0,1,True,0.5
customer_support_tickets,predictive_long,haiku,skill_on_e2e,root_cause_type,250,9,0.036,61,0.244,1,unknown_mechanism,0.304
customer_support_tickets,predictive_long,haiku,skill_on_e2e,system_dependency,250,8,0.032,101,0.404,1,,0.404
customer_support_tickets,predictive_long,haiku,skill_on_e2e,customer_prerequisite_action,250,5,0.02,0,0.0,1,no_action_required,0.612
customer_support_tickets,predictive_long,sonnet,skill_on_e2e,issue_category,250,11,0.044,0,0.0,1,bug,0.32
customer_support_tickets,predictive_long,sonnet,skill_on_e2e,is_active_outage,250,2,0.008,0,0.0,1,False,0.824
customer_support_tickets,predictive_long,sonnet,skill_on_e2e,business_impact_severity,250,5,0.02,0,0.0,1,1,0.324
customer_support_tickets,predictive_long,sonnet,skill_on_e2e,data_loss_or_corruption_risk,250,2,0.008,0,0.0,1,False,0.932
customer_support_tickets,predictive_long,sonnet,skill_on_e2e,integration_involved,250,2,0.008,0,0.0,1,False,0.96
customer_support_tickets,predictive_long,sonnet,skill_on_e2e,tenant_scope,250,4,0.016,0,0.0,1,single_user,0.536
customer_support_tickets,predictive_long,sonnet,skill_on_e2e,requires_eng_escalation,250,2,0.008,0,0.0,1,True,0.592
customer_support_tickets,predictive_long,sonnet,skill_on_e2e,has_deadline_pressure,250,2,0.008,0,0.0,1,False,0.78
customer_support_tickets,predictive_long,sonnet,skill_on_e2e,security_or_compliance_flag,250,5,0.02,226,0.904,1,,0.904
customer_support_tickets,predictive_long,haiku,skill_on,technical_depth,250,5,0.02,0,0.0,1,requires_code_fix,0.532
customer_support_tickets,predictive_long,haiku,skill_on,dependency_blocking,250,6,0.024,0,0.0,1,awaiting_internal_deployment,0.528
customer_support_tickets,predictive_long,haiku,skill_on,affected_scope,250,5,0.02,0,0.0,1,entire_tenant,0.44
customer_support_tickets,predictive_long,haiku,skill_on,business_impact,250,7,0.028,22,0.088,1,user_blocked_temporarily,0.268
customer_support_tickets,predictive_long,haiku,skill_on,issue_category,250,9,0.036,0,0.0,1,feature_request,0.208
customer_support_tickets,predictive_long,haiku,skill_on,remediation_complexity,250,6,0.024,0,0.0,1,hotfix_required,0.34
customer_support_tickets,predictive_long,sonnet,skill_on,issue_category,250,8,0.032,0,0.0,1,bug,0.384
customer_support_tickets,predictive_long,sonnet,skill_on,technical_domain,250,11,0.044,30,0.12,1,ui_ux,0.26
customer_support_tickets,predictive_long,sonnet,skill_on,business_impact_stated,250,7,0.028,0,0.0,1,none_stated,0.656
customer_support_tickets,predictive_long,sonnet,skill_on,time_pressure_explicit,250,2,0.008,0,0.0,1,False,0.836
customer_support_tickets,predictive_long,sonnet,skill_on,root_cause_type,250,9,0.036,80,0.32,1,,0.32
customer_support_tickets,predictive_long,sonnet,skill_on,affected_user_scope,250,4,0.016,0,0.0,1,single_user,0.736
customer_support_tickets,predictive_long,sonnet,skill_on,multi_tenant_or_systemic,250,2,0.008,0,0.0,1,False,0.924
customer_support_tickets,predictive_long,sonnet,skill_on,requires_escalation,250,7,0.028,0,0.0,1,engineering_escalation,0.536
customer_support_tickets,predictive_long,sonnet,skill_on,workaround_available,250,3,0.012,76,0.304,1,no_workaround,0.668
education_survey_responses,causal_improve,haiku,skill_off_update,key_satisfaction_factors,250,230,0.92,0,0.0,0,curriculum_adaptation_partial,0.012
education_survey_responses,causal_improve,haiku,skill_off_update,primary_barrier,250,129,0.516,96,0.384,0,none,0.384
education_survey_responses,causal_improve,haiku,skill_off_update,innovation_present,250,3,0.012,0,0.0,1,yes,0.404
education_survey_responses,causal_improve,haiku,skill_off_update,engagement_quality,250,5,0.02,0,0.0,1,medium,0.3
education_survey_responses,causal_improve,sonnet,skill_off_update,tech_issues_flag,250,2,0.008,0,0.0,1,0,0.896
education_survey_responses,causal_improve,sonnet,skill_off_update,interaction_quality,250,3,0.012,0,0.0,1,medium,0.696
education_survey_responses,causal_improve,sonnet,skill_off_update,teacher_innovation_score,250,3,0.012,0,0.0,1,2,0.648
education_survey_responses,causal_improve,sonnet,skill_off_update,peer_interaction_gap,250,2,0.008,0,0.0,1,0,0.756
education_survey_responses,causal_improve,sonnet,skill_off_update,improvement_lever,250,5,0.02,0,0.0,1,general_support,0.544
education_survey_responses,causal_improve,haiku,skill_on_e2e,instructional_adaptation_strategy,250,7,0.028,0,0.0,1,project_based_learning,0.284
education_survey_responses,causal_improve,haiku,skill_on_e2e,content_delivery_format_dominance,250,4,0.016,0,0.0,1,balanced_sync_async,0.452
education_survey_responses,causal_improve,haiku,skill_on_e2e,teacher_feedback_quality_speed,250,5,0.02,122,0.488,1,Unknown,0.488
education_survey_responses,causal_improve,haiku,skill_on_e2e,autonomy_flexibility_support,250,5,0.02,41,0.164,1,live_only_no_flexibility,0.436
education_survey_responses,causal_improve,haiku,skill_on_e2e,subject_hands_on_intensity_requirement,250,3,0.012,0,0.0,1,low_primarily_cognitive_text_based,0.376
education_survey_responses,causal_improve,haiku,skill_on_e2e,home_material_resource_provision,250,5,0.02,38,0.152,1,requires_household_only,0.692
education_survey_responses,causal_improve,haiku,skill_on_e2e,learner_baseline_engagement_motivation,250,3,0.012,0,0.0,1,highly_engaged_intrinsically_motivated,0.4
education_survey_responses,causal_improve,sonnet,skill_on_e2e,teacher_instructional_quality,250,3,0.012,0,0.0,1,high,0.42
education_survey_responses,causal_improve,sonnet,skill_on_e2e,hands_on_lab_access,250,4,0.016,213,0.852,1,,0.852
education_survey_responses,causal_improve,sonnet,skill_on_e2e,student_engagement_mode,250,4,0.016,0,0.0,1,active_participatory,0.412
education_survey_responses,causal_improve,sonnet,skill_on_e2e,peer_social_interaction_quality,250,3,0.012,0,0.0,1,absent,0.668
education_survey_responses,causal_improve,sonnet,skill_on_e2e,async_sync_format_fit,250,4,0.016,0,0.0,1,blended_effective,0.632
education_survey_responses,causal_improve,sonnet,skill_on_e2e,subject_remote_adaptability,250,3,0.012,0,0.0,1,highly_adaptable,0.404
education_survey_responses,causal_improve,haiku,skill_on,instructional_quality_strength,250,6,0.024,26,0.104,1,minimal_instruction,0.296
education_survey_responses,causal_improve,haiku,skill_on,technical_platform_stability,250,6,0.024,49,0.196,1,reliable_stable,0.748
education_survey_responses,causal_improve,haiku,skill_on,hands_on_experiential_access,250,6,0.024,1,0.004,1,no_tactile_experience,0.724
education_survey_responses,causal_improve,haiku,skill_on,peer_social_community_presence,250,6,0.024,9,0.036,1,silent_isolated_work,0.716
education_survey_responses,causal_improve,haiku,skill_on,teacher_creative_adaptation_signal,250,2,0.008,0,0.0,1,False,0.52
education_survey_responses,causal_improve,haiku,skill_on,subject_remote_delivery_fit,250,5,0.02,0,0.0,1,lecture_theory_native,0.396
education_survey_responses,causal_improve,haiku,skill_on,student_developmental_stage,250,5,0.02,1,0.004,1,secondary_high_school,0.536
education_survey_responses,causal_improve,sonnet,skill_on,teacher_instructional_quality,250,3,0.012,0,0.0,1,high_adaptive,0.416
education_survey_responses,causal_improve,sonnet,skill_on,platform_technology_barrier,250,3,0.012,211,0.844,1,,0.844
education_survey_responses,causal_improve,sonnet,skill_on,student_engagement_mode,250,3,0.012,0,0.0,1,active_participatory,0.424
education_survey_responses,causal_improve,sonnet,skill_on,hands_on_lab_access,250,4,0.016,212,0.848,1,,0.848
education_survey_responses,causal_improve,sonnet,skill_on,peer_social_interaction_quality,250,3,0.012,0,0.0,1,absent_isolated,0.572
education_survey_responses,causal_improve,sonnet,skill_on,async_flexibility_benefit,250,2,0.008,0,0.0,1,False,0.844
education_survey_responses,causal_improve,sonnet,skill_on,equity_access_gap,250,2,0.008,0,0.0,1,False,0.96
education_survey_responses,causal_improve,sonnet,skill_on,subject_format_fit,250,3,0.012,0,0.0,1,high_digital_native,0.388
education_survey_responses,causal_low_satisfaction,haiku,skill_off_update,satisfaction_category,250,3,0.012,0,0.0,1,High,0.404
education_survey_responses,causal_low_satisfaction,haiku,skill_off_update,mentions_community_impact,250,2,0.008,0,0.0,1,No,0.596
education_survey_responses,causal_low_satisfaction,haiku,skill_off_update,mentions_hands_on_limitation,250,2,0.008,0,0.0,1,No,0.664
education_survey_responses,causal_low_satisfaction,haiku,skill_off_update,mentions_technical_issues,250,2,0.008,0,0.0,1,No,0.836
education_survey_responses,causal_low_satisfaction,haiku,skill_off_update,mentions_emotional_wellbeing,250,2,0.008,0,0.0,1,No,0.772
education_survey_responses,causal_low_satisfaction,haiku,skill_off_update,mentions_teacher_quality,250,2,0.008,0,0.0,1,No,0.788
education_survey_responses,causal_low_satisfaction,haiku,skill_off_update,mentions_async_learning,250,2,0.008,0,0.0,1,No,0.636
education_survey_responses,causal_low_satisfaction,sonnet,skill_off_update,low_satisfaction_flag,250,2,0.008,0,0.0,1,0,0.704
education_survey_responses,causal_low_satisfaction,sonnet,skill_off_update,tech_issue_mentions,250,4,0.016,0,0.0,1,0,0.708
education_survey_responses,causal_low_satisfaction,sonnet,skill_off_update,engagement_mentions,250,3,0.012,0,0.0,1,0,0.696
education_survey_responses,causal_low_satisfaction,sonnet,skill_off_update,clarity_mentions,250,3,0.012,0,0.0,1,0,0.772
education_survey_responses,causal_low_satisfaction,sonnet,skill_off_update,workload_mentions,250,3,0.012,0,0.0,1,0,0.872
education_survey_responses,causal_low_satisfaction,sonnet,skill_off_update,primary_driver,250,5,0.02,79,0.316,1,none,0.316
education_survey_responses,causal_low_satisfaction,sonnet,skill_off_update,satisfaction_band,250,3,0.012,0,0.0,1,high,0.404
education_survey_responses,causal_low_satisfaction,haiku,skill_on_e2e,adaptive_pedagogy_level,250,4,0.016,1,0.004,1,differentiated_instruction,0.488
education_survey_responses,causal_low_satisfaction,haiku,skill_on_e2e,interactive_engagement_design,250,4,0.016,64,0.256,1,live_discussion_facilitation,0.376
education_survey_responses,causal_low_satisfaction,haiku,skill_on_e2e,feedback_timeliness,250,5,0.02,110,0.44,1,Unknown,0.44
education_survey_responses,causal_low_satisfaction,haiku,skill_on_e2e,technical_reliability,250,3,0.012,50,0.2,1,stable_platform,0.76
education_survey_responses,causal_low_satisfaction,haiku,skill_on_e2e,collaboration_potential,250,4,0.016,0,0.0,1,no_peer_option,0.332
education_survey_responses,causal_low_satisfaction,haiku,skill_on_e2e,student_voice_equity,250,4,0.016,46,0.184,1,chat_or_forum_enabled,0.508
education_survey_responses,causal_low_satisfaction,haiku,skill_on_e2e,grade_level_remote_readiness,250,4,0.016,0,0.0,1,upper_secondary_self_directed,0.512
education_survey_responses,causal_low_satisfaction,haiku,skill_on_e2e,household_material_capacity,250,5,0.02,30,0.12,1,full_support_materials_logistics,0.492
education_survey_responses,causal_low_satisfaction,haiku,skill_on_e2e,authenticity_and_real_world_connection,250,4,0.016,0,0.0,1,decontextualized_abstract,0.324
education_survey_responses,causal_low_satisfaction,sonnet,skill_on_e2e,tech_reliability_issue,250,4,0.016,236,0.944,1,,0.944
education_survey_responses,causal_low_satisfaction,sonnet,skill_on_e2e,teacher_instructional_quality,250,4,0.016,0,0.0,1,high,0.408
education_survey_responses,causal_low_satisfaction,sonnet,skill_on_e2e,teacher_adaptive_innovation,250,4,0.016,14,0.056,1,high,0.408
education_survey_responses,causal_low_satisfaction,sonnet,skill_on_e2e,peer_social_interaction_loss,250,4,0.016,98,0.392,1,,0.392
education_survey_responses,causal_low_satisfaction,sonnet,skill_on_e2e,hands_on_activity_loss,250,4,0.016,94,0.376,1,partial,0.392
education_survey_responses,causal_low_satisfaction,sonnet,skill_on_e2e,learner_engagement_mode,250,4,0.016,0,0.0,1,active_participant,0.404
education_survey_responses,causal_low_satisfaction,sonnet,skill_on_e2e,student_participation_barrier,250,5,0.02,199,0.796,1,,0.796
education_survey_responses,causal_low_satisfaction,sonnet,skill_on_e2e,subject_format_fit,250,3,0.012,0,0.0,1,high_fit,0.408
education_survey_responses,causal_low_satisfaction,haiku,skill_on,instructional_format_fit,250,5,0.02,0,0.0,1,synchronous_only,0.328
education_survey_responses,causal_low_satisfaction,haiku,skill_on,subject_hands_on_demand,250,4,0.016,0,0.0,1,low_conceptual_or_asynchronous_friendly,0.388
education_survey_responses,causal_low_satisfaction,haiku,skill_on,teacher_adaptation_quality,250,4,0.016,0,0.0,1,innovative_or_exemplary,0.396
education_survey_responses,causal_low_satisfaction,haiku,skill_on,student_offline_engagement_posture,250,3,0.012,0,0.0,1,intrinsically_motivated_self_paced,0.424
education_survey_responses,causal_low_satisfaction,haiku,skill_on,household_material_and_parental_capacity,250,4,0.016,35,0.14,1,full_support_and_supplies,0.42
education_survey_responses,causal_low_satisfaction,sonnet,skill_on,teacher_adaptation_quality,250,3,0.012,0,0.0,1,high,0.404
education_survey_responses,causal_low_satisfaction,sonnet,skill_on,peer_interaction_loss_severity,250,5,0.02,0,0.0,1,1,0.384
education_survey_responses,causal_low_satisfaction,sonnet,skill_on,hands_on_lab_deficit,250,2,0.008,0,0.0,1,False,0.936
education_survey_responses,causal_low_satisfaction,sonnet,skill_on,student_engagement_level,250,4,0.016,0,0.0,1,high,0.404
education_survey_responses,causal_low_satisfaction,sonnet,skill_on,async_format_benefit_mentioned,250,2,0.008,0,0.0,1,False,0.884
education_survey_responses,causal_low_satisfaction,sonnet,skill_on,equity_access_barrier,250,5,0.02,228,0.912,1,,0.912
education_survey_responses,causal_low_satisfaction,sonnet,skill_on,subject_format_compatibility,250,3,0.012,0,0.0,1,high,0.412
education_survey_responses,causal_low_satisfaction,sonnet,skill_on,feedback_timeliness,250,4,0.016,96,0.384,1,prompt,0.436
education_survey_responses,concept_attribute_needs,haiku,skill_off_update,primary_need_category,250,162,0.648,0,0.0,0,pedagogical_adaptation|student_engagement,0.104
education_survey_responses,concept_attribute_needs,haiku,skill_off_update,sentiment,250,3,0.012,0,0.0,1,positive,0.404
education_survey_responses,concept_attribute_needs,haiku,skill_off_update,engagement_impact,250,3,0.012,0,0.0,1,high,0.588
education_survey_responses,concept_attribute_needs,sonnet,skill_off_update,pain_points,250,37,0.148,66,0.264,1,none,0.264
education_survey_responses,concept_attribute_needs,sonnet,skill_off_update,learner_needs,250,23,0.092,22,0.088,1,teacher_support,0.268
education_survey_responses,concept_attribute_needs,sonnet,skill_off_update,response_sentiment,250,3,0.012,0,0.0,1,mixed,0.42
education_survey_responses,concept_attribute_needs,sonnet,skill_off_update,pain_point_count,250,5,0.02,0,0.0,1,1,0.444
education_survey_responses,concept_attribute_needs,haiku,skill_on_e2e,lacks_peer_interaction,250,2,0.008,0,0.0,1,False,0.804
education_survey_responses,concept_attribute_needs,haiku,skill_on_e2e,needs_live_discussion_or_debate,250,2,0.008,0,0.0,1,False,0.852
education_survey_responses,concept_attribute_needs,haiku,skill_on_e2e,requires_hands_on_experimentation,250,2,0.008,0,0.0,1,False,0.696
education_survey_responses,concept_attribute_needs,haiku,skill_on_e2e,teacher_instruction_quality,250,5,0.02,0,0.0,1,adapted_format,0.592
education_survey_responses,concept_attribute_needs,haiku,skill_on_e2e,subject_domain_fit,250,5,0.02,0,0.0,1,screen_compatible,0.34
education_survey_responses,concept_attribute_needs,sonnet,skill_on_e2e,pain_domain,250,8,0.032,117,0.468,1,,0.468
education_survey_responses,concept_attribute_needs,sonnet,skill_on_e2e,primary_learner_need,250,8,0.032,19,0.076,1,engagement_motivation,0.304
education_survey_responses,concept_attribute_needs,sonnet,skill_on_e2e,pain_severity,250,5,0.02,0,0.0,1,1,0.4
education_survey_responses,concept_attribute_needs,sonnet,skill_on_e2e,engagement_direction,250,4,0.016,0,0.0,1,increasing_or_positive,0.404
education_survey_responses,concept_attribute_needs,sonnet,skill_on_e2e,equity_access_concern,250,2,0.008,0,0.0,1,False,0.96
education_survey_responses,concept_attribute_needs,sonnet,skill_on_e2e,peer_social_interaction_loss,250,2,0.008,0,0.0,1,False,0.84
education_survey_responses,concept_attribute_needs,haiku,skill_on,technical_platform_issue,250,7,0.028,242,0.968,1,,0.968
education_survey_responses,concept_attribute_needs,haiku,skill_on,hands_on_learning_barrier,250,5,0.02,141,0.564,1,,0.564
education_survey_responses,concept_attribute_needs,haiku,skill_on,social_connection_loss,250,5,0.02,154,0.616,1,,0.616
education_survey_responses,concept_attribute_needs,haiku,skill_on,attention_and_focus_challenge,250,6,0.024,203,0.812,1,,0.812
education_survey_responses,concept_attribute_needs,haiku,skill_on,instruction_delivery_quality,250,7,0.028,208,0.832,1,,0.832
education_survey_responses,concept_attribute_needs,haiku,skill_on,subject_domain_fit_challenge,250,8,0.032,146,0.584,1,,0.584
education_survey_responses,concept_attribute_needs,haiku,skill_on,developmental_age_mismatch,250,6,0.024,206,0.824,1,,0.824
education_survey_responses,concept_attribute_needs,haiku,skill_on,home_support_and_equity_barrier,250,5,0.02,152,0.608,1,,0.608
education_survey_responses,concept_attribute_needs,sonnet,skill_on,subject_format_fit,250,3,0.012,0,0.0,1,well_suited,0.404
education_survey_responses,concept_attribute_needs,sonnet,skill_on,pedagogy_innovation_level,250,3,0.012,0,0.0,1,high_innovation,0.36
education_survey_responses,concept_attribute_needs,sonnet,skill_on,learner_engagement_level,250,5,0.02,0,0.0,1,5,0.336
education_survey_responses,concept_attribute_needs,sonnet,skill_on,attention_focus_barrier,250,2,0.008,0,0.0,1,False,0.944
education_survey_responses,concept_attribute_needs,sonnet,skill_on,peer_interaction_deficit,250,3,0.012,0,0.0,1,mild_deficit,0.432
education_survey_responses,concept_attribute_needs,sonnet,skill_on,feedback_quality,250,4,0.016,83,0.332,1,timely_and_detailed,0.388
education_survey_responses,concept_attribute_needs,sonnet,skill_on,self_reported_learning_outcome,250,3,0.012,0,0.0,1,positive_progress,0.4
education_survey_responses,eda_satisfaction,haiku,skill_off_update,theme_engagement,250,2,0.008,0,0.0,1,0,0.816
education_survey_responses,eda_satisfaction,haiku,skill_off_update,theme_technical_issues,250,2,0.008,0,0.0,1,0,0.928
education_survey_responses,eda_satisfaction,haiku,skill_off_update,theme_peer_interaction,250,2,0.008,0,0.0,1,0,0.716
education_survey_responses,eda_satisfaction,haiku,skill_off_update,theme_instructor_effectiveness,250,2,0.008,0,0.0,1,1,0.64
education_survey_responses,eda_satisfaction,haiku,skill_off_update,theme_pacing,250,2,0.008,0,0.0,1,0,0.836
education_survey_responses,eda_satisfaction,haiku,skill_off_update,theme_hands_on_learning,250,2,0.008,0,0.0,1,0,0.596
education_survey_responses,eda_satisfaction,haiku,skill_off_update,theme_content_delivery,250,2,0.008,0,0.0,1,0,0.704
education_survey_responses,eda_satisfaction,haiku,skill_off_update,theme_mental_health,250,2,0.008,0,0.0,1,0,0.952
education_survey_responses,eda_satisfaction,haiku,skill_off_update,theme_access_equity,250,2,0.008,0,0.0,1,0,0.832
education_survey_responses,eda_satisfaction,haiku,skill_off_update,primary_theme,250,10,0.04,8,0.032,1,instructor_effectiveness,0.368
education_survey_responses,eda_satisfaction,haiku,skill_off_update,theme_count,250,6,0.024,0,0.0,1,2,0.384
education_survey_responses,eda_satisfaction,sonnet,skill_off_update,theme_tech_issues,250,2,0.008,0,0.0,1,0,0.944
education_survey_responses,eda_satisfaction,sonnet,skill_off_update,theme_engagement,250,2,0.008,0,0.0,1,0,0.696
education_survey_responses,eda_satisfaction,sonnet,skill_off_update,theme_disengagement,250,2,0.008,0,0.0,1,0,0.896
education_survey_responses,eda_satisfaction,sonnet,skill_off_update,theme_hands_on_need,250,2,0.008,0,0.0,1,0,0.636
education_survey_responses,eda_satisfaction,sonnet,skill_off_update,theme_teacher_quality,250,2,0.008,0,0.0,1,0,0.896
education_survey_responses,eda_satisfaction,sonnet,skill_off_update,theme_equity_concern,250,2,0.008,0,0.0,1,0,0.956
education_survey_responses,eda_satisfaction,sonnet,skill_off_update,theme_flexible_learning,250,2,0.008,0,0.0,1,0,0.924
education_survey_responses,eda_satisfaction,sonnet,skill_off_update,theme_social_connection,250,2,0.008,0,0.0,1,0,0.632
education_survey_responses,eda_satisfaction,sonnet,skill_off_update,theme_new_opportunity,250,2,0.008,0,0.0,1,0,0.924
education_survey_responses,eda_satisfaction,sonnet,skill_off_update,theme_outcomes_positive,250,2,0.008,0,0.0,1,0,0.92
education_survey_responses,eda_satisfaction,sonnet,skill_off_update,theme_outcomes_negative,250,2,0.008,0,0.0,1,0,0.92
education_survey_responses,eda_satisfaction,sonnet,skill_off_update,open_response_sentiment,250,3,0.012,0,0.0,1,neutral,0.908
education_survey_responses,eda_satisfaction,haiku,skill_on_e2e,asynchronous_tools_benefit,250,2,0.008,0,0.0,1,False,0.604
education_survey_responses,eda_satisfaction,haiku,skill_on_e2e,technical_friction_present,250,2,0.008,0,0.0,1,False,0.856
education_survey_responses,eda_satisfaction,haiku,skill_on_e2e,hands_on_adaptation_present,250,2,0.008,0,0.0,1,False,0.736
education_survey_responses,eda_satisfaction,haiku,skill_on_e2e,peer_connection_loss_felt,250,2,0.008,0,0.0,1,False,0.684
education_survey_responses,eda_satisfaction,haiku,skill_on_e2e,chat_or_async_discussion_active,250,2,0.008,0,0.0,1,False,0.732
education_survey_responses,eda_satisfaction,haiku,skill_on_e2e,teacher_responsiveness_high,250,2,0.008,0,0.0,1,False,0.58
education_survey_responses,eda_satisfaction,haiku,skill_on_e2e,hands_on_deprivation_felt,250,2,0.008,0,0.0,1,False,0.676
education_survey_responses,eda_satisfaction,haiku,skill_on_e2e,curiosity_and_subject_passion,250,2,0.008,0,0.0,1,False,0.58
education_survey_responses,eda_satisfaction,haiku,skill_on_e2e,measurable_skill_advancement,250,2,0.008,0,0.0,1,False,0.548
education_survey_responses,eda_satisfaction,sonnet,skill_on_e2e,instruction_quality,250,3,0.012,0,0.0,1,high,0.408
education_survey_responses,eda_satisfaction,sonnet,skill_on_e2e,async_resource_effectiveness,250,3,0.012,0,0.0,1,effective,0.392
education_survey_responses,eda_satisfaction,sonnet,skill_on_e2e,student_engagement_level,250,4,0.016,0,0.0,1,high,0.404
education_survey_responses,eda_satisfaction,sonnet,skill_on_e2e,peer_community_loss,250,4,0.016,104,0.416,1,,0.416
education_survey_responses,eda_satisfaction,sonnet,skill_on_e2e,teacher_responsiveness,250,4,0.016,0,0.0,1,adequate,0.436
education_survey_responses,eda_satisfaction,sonnet,skill_on_e2e,subject_remote_format_fit,250,3,0.012,0,0.0,1,high_fit,0.4
education_survey_responses,eda_satisfaction,sonnet,skill_on_e2e,creative_or_innovative_teaching,250,2,0.008,0,0.0,1,False,0.552
education_survey_responses,eda_satisfaction,haiku,skill_on,adaptive_pedagogy,250,2,0.008,0,0.0,1,True,0.568
education_survey_responses,eda_satisfaction,haiku,skill_on,asynchronous_flexibility,250,2,0.008,0,0.0,1,False,0.844
education_survey_responses,eda_satisfaction,haiku,skill_on,live_interaction_quality,250,3,0.012,0,0.0,1,high_responsiveness,0.44
education_survey_responses,eda_satisfaction,haiku,skill_on,hands_on_vs_simulation,250,3,0.012,0,0.0,1,absent_both,0.636
education_survey_responses,eda_satisfaction,haiku,skill_on,peer_collaboration_presence,250,3,0.012,0,0.0,1,limited_breakouts,0.368
education_survey_responses,eda_satisfaction,haiku,skill_on,student_participation_pattern,250,3,0.012,0,0.0,1,active_varied_forms,0.504
education_survey_responses,eda_satisfaction,haiku,skill_on,teacher_responsiveness,250,3,0.012,0,0.0,1,prompt_personalized,0.56
education_survey_responses,eda_satisfaction,haiku,skill_on,subject_format_fit,250,3,0.012,0,0.0,1,remote_friendly,0.404
education_survey_responses,eda_satisfaction,sonnet,skill_on,instructional_quality,250,4,0.016,0,0.0,1,high,0.408
education_survey_responses,eda_satisfaction,sonnet,skill_on,teacher_innovation,250,4,0.016,51,0.204,1,high,0.38
education_survey_responses,eda_satisfaction,sonnet,skill_on,async_format_benefit,250,4,0.016,18,0.072,1,strong_benefit,0.332
education_survey_responses,eda_satisfaction,sonnet,skill_on,hands_on_lab_loss,250,4,0.016,194,0.776,1,not_applicable,0.776
education_survey_responses,eda_satisfaction,sonnet,skill_on,subject_format_fit,250,3,0.012,0,0.0,1,well_suited,0.396
education_survey_responses,eda_satisfaction,sonnet,skill_on,student_engagement_level,250,4,0.016,0,0.0,1,high,0.408
education_survey_responses,eda_satisfaction,sonnet,skill_on,tech_reliability_signal,250,5,0.02,235,0.94,1,,0.94
education_survey_responses,eda_satisfaction,sonnet,skill_on,peer_community_presence,250,3,0.012,0,0.0,1,absent,0.48
education_survey_responses,eda_satisfaction,sonnet,skill_on,equity_access_gap_signal,250,2,0.008,0,0.0,1,False,0.964
education_survey_responses,focus_inference,haiku,skill_off_update,theme_engagement,250,2,0.008,0,0.0,1,0,0.672
education_survey_responses,focus_inference,haiku,skill_off_update,theme_technical_issues,250,2,0.008,0,0.0,1,0,0.88
education_survey_responses,focus_inference,haiku,skill_off_update,theme_social_interaction,250,2,0.008,0,0.0,1,0,0.612
education_survey_responses,focus_inference,haiku,skill_off_update,theme_hands_on_learning,250,2,0.008,0,0.0,1,0,0.66
education_survey_responses,focus_inference,haiku,skill_off_update,theme_teacher_effectiveness,250,2,0.008,0,0.0,1,1,0.724
education_survey_responses,focus_inference,haiku,skill_off_update,theme_asynchronous_benefits,250,2,0.008,0,0.0,1,0,0.836
education_survey_responses,focus_inference,haiku,skill_off_update,theme_equity_concerns,250,2,0.008,0,0.0,1,0,0.856
education_survey_responses,focus_inference,haiku,skill_off_update,theme_attention_focus,250,2,0.008,0,0.0,1,0,0.968
education_survey_responses,focus_inference,haiku,skill_off_update,detected_themes,250,61,0.244,3,0.012,0,teacher_effectiveness,0.116
education_survey_responses,focus_inference,sonnet,skill_off_update,themes,250,53,0.212,0,0.0,1,general_experience,0.164
education_survey_responses,focus_inference,sonnet,skill_off_update,primary_theme,250,10,0.04,0,0.0,1,hands_on_missing,0.22
education_survey_responses,focus_inference,sonnet,skill_off_update,sentiment,250,3,0.012,0,0.0,1,positive,0.404
education_survey_responses,focus_inference,haiku,skill_on_e2e,engagement_sentiment,250,3,0.012,0,0.0,1,positive_engagement,0.408
education_survey_responses,focus_inference,haiku,skill_on_e2e,teacher_adaptation_quality,250,4,0.016,0,0.0,1,highly_creative_adapted,0.412
education_survey_responses,focus_inference,haiku,skill_on_e2e,subject_suitability_for_remote,250,3,0.012,0,0.0,1,well_suited,0.408
education_survey_responses,focus_inference,haiku,skill_on_e2e,peer_interaction_deficit,250,2,0.008,0,0.0,1,False,0.796
education_survey_responses,focus_inference,haiku,skill_on_e2e,parental_support_requirement,250,3,0.012,0,0.0,1,minimal_parental_role,0.668
education_survey_responses,focus_inference,haiku,skill_on_e2e,equity_concern_raised,250,2,0.008,0,0.0,1,False,0.872
education_survey_responses,focus_inference,haiku,skill_on_e2e,hands_on_authentic_work_loss,250,2,0.008,0,0.0,1,False,0.632
education_survey_responses,focus_inference,sonnet,skill_on_e2e,subject_experience_quality,250,3,0.012,0,0.0,1,positive,0.392
education_survey_responses,focus_inference,sonnet,skill_on_e2e,hands_on_learning_loss,250,2,0.008,0,0.0,1,False,0.8
education_survey_responses,focus_inference,sonnet,skill_on_e2e,student_engagement_level,250,4,0.016,0,0.0,1,high,0.408
education_survey_responses,focus_inference,sonnet,skill_on_e2e,teacher_adaptability,250,3,0.012,0,0.0,1,highly_adaptive,0.408
education_survey_responses,focus_inference,sonnet,skill_on_e2e,peer_social_interaction_loss,250,2,0.008,0,0.0,1,False,0.832
education_survey_responses,focus_inference,sonnet,skill_on_e2e,async_format_benefit_mentioned,250,2,0.008,0,0.0,1,False,0.672
education_survey_responses,focus_inference,sonnet,skill_on_e2e,pedagogical_innovation_present,250,2,0.008,0,0.0,1,False,0.552
education_survey_responses,focus_inference,haiku,skill_on,engagement_with_subject_content,250,5,0.02,0,0.0,1,mixed,0.308
education_survey_responses,focus_inference,haiku,skill_on,hands_on_lab_or_manipulative_necessity,250,2,0.008,0,0.0,1,False,0.688
education_survey_responses,focus_inference,haiku,skill_on,peer_interaction_or_classroom_community_loss,250,2,0.008,0,0.0,1,False,0.576
education_survey_responses,focus_inference,haiku,skill_on,teacher_adaptation_or_innovation_evidence,250,4,0.016,0,0.0,1,high_adaptation,0.404
education_survey_responses,focus_inference,sonnet,skill_on,subject_experience_quality,250,3,0.012,0,0.0,1,positive,0.392
education_survey_responses,focus_inference,sonnet,skill_on,technology_barrier_type,250,4,0.016,236,0.944,1,,0.944
education_survey_responses,focus_inference,sonnet,skill_on,pedagogical_adaptation_quality,250,3,0.012,0,0.0,1,innovative_thriving,0.392
education_survey_responses,focus_inference,sonnet,skill_on,peer_community_loss_mentioned,250,2,0.008,0,0.0,1,False,0.828
education_survey_responses,focus_inference,sonnet,skill_on,student_engagement_level,250,4,0.016,0,0.0,1,high,0.404
education_survey_responses,focus_inference,sonnet,skill_on,asynchronous_learning_benefit_mentioned,250,2,0.008,0,0.0,1,False,0.86
education_survey_responses,focus_inference,sonnet,skill_on,teacher_responsiveness_quality,250,4,0.016,0,0.0,1,highly_responsive,0.42
education_survey_responses,focus_inference,sonnet,skill_on,unexpected_positive_outcome_mentioned,250,2,0.008,0,0.0,1,False,0.572
education_survey_responses,predictive_low,haiku,skill_off_update,technical_issues,250,2,0.008,0,0.0,1,0,0.948
education_survey_responses,predictive_low,haiku,skill_off_update,isolation_disconnection,250,2,0.008,0,0.0,1,0,0.912
education_survey_responses,predictive_low,haiku,skill_off_update,hands_on_learning_missing,250,2,0.008,0,0.0,1,0,0.944
education_survey_responses,predictive_low,haiku,skill_off_update,engagement_complaints,250,2,0.008,0,0.0,1,0,0.888
education_survey_responses,predictive_low,haiku,skill_off_update,instruction_quality_gaps,250,2,0.008,0,0.0,1,0,0.928
education_survey_responses,predictive_low,haiku,skill_off_update,young_learner_struggle,250,2,0.008,0,0.0,1,0,0.964
education_survey_responses,predictive_low,haiku,skill_off_update,parent_stress_burden,250,2,0.008,0,0.0,1,0,0.816
education_survey_responses,predictive_low,haiku,skill_off_update,subject_specific_hardship,250,2,0.008,0,0.0,1,0,0.964
education_survey_responses,predictive_low,haiku,skill_off_update,negative_signals_count,250,5,0.02,0,0.0,1,0,0.556
education_survey_responses,predictive_low,haiku,skill_off_update,predicted_low_satisfaction,250,2,0.008,0,0.0,1,0,0.868
education_survey_responses,predictive_low,sonnet,skill_off_update,open_neg_tech_signals,250,3,0.012,0,0.0,1,0,0.928
education_survey_responses,predictive_low,sonnet,skill_off_update,open_neg_engagement_signals,250,3,0.012,0,0.0,1,0,0.948
education_survey_responses,predictive_low,sonnet,skill_off_update,open_neg_social_signals,250,3,0.012,0,0.0,1,0,0.816
education_survey_responses,predictive_low,sonnet,skill_off_update,open_neg_comprehension_signals,250,3,0.012,0,0.0,1,0,0.9
education_survey_responses,predictive_low,sonnet,skill_off_update,open_neg_teacher_signals,250,3,0.012,0,0.0,1,0,0.968
education_survey_responses,predictive_low,sonnet,skill_off_update,open_neg_emotional_signals,250,3,0.012,0,0.0,1,0,0.888
education_survey_responses,predictive_low,sonnet,skill_off_update,open_pos_signals,250,4,0.016,0,0.0,1,0,0.544
education_survey_responses,predictive_low,sonnet,skill_off_update,open_neg_categories_hit,250,4,0.016,0,0.0,1,0,0.6
education_survey_responses,predictive_low,sonnet,skill_off_update,open_net_neg_per100words,250,48,0.192,0,0.0,1,0.0,0.376
education_survey_responses,predictive_low,sonnet,skill_off_update,open_predicts_low_satisfaction,250,2,0.008,0,0.0,1,0,0.692
education_survey_responses,predictive_low,haiku,skill_on_e2e,technical_friction_reported,250,2,0.008,0,0.0,1,False,0.856
education_survey_responses,predictive_low,haiku,skill_on_e2e,peer_interaction_loss,250,2,0.008,0,0.0,1,False,0.536
education_survey_responses,predictive_low,haiku,skill_on_e2e,hands_on_materials_unavailable,250,2,0.008,0,0.0,1,False,0.752
education_survey_responses,predictive_low,haiku,skill_on_e2e,subject_format_poor_fit,250,5,0.02,0,0.0,1,no_poor_fit,0.548
education_survey_responses,predictive_low,haiku,skill_on_e2e,emotional_distress_evident,250,7,0.028,195,0.78,1,,0.656
education_survey_responses,predictive_low,haiku,skill_on_e2e,instruction_absent_or_passive,250,2,0.008,0,0.0,1,False,0.632
education_survey_responses,predictive_low,sonnet,skill_on_e2e,tech_barrier_type,250,5,0.02,229,0.916,1,,0.916
education_survey_responses,predictive_low,sonnet,skill_on_e2e,instructional_quality,250,4,0.016,0,0.0,1,high,0.396
education_survey_responses,predictive_low,sonnet,skill_on_e2e,student_engagement_level,250,4,0.016,0,0.0,1,active,0.42
education_survey_responses,predictive_low,sonnet,skill_on_e2e,peer_interaction_loss,250,2,0.008,0,0.0,1,False,0.76
education_survey_responses,predictive_low,sonnet,skill_on_e2e,emotional_distress_signal,250,5,0.02,192,0.768,1,,0.768
education_survey_responses,predictive_low,sonnet,skill_on_e2e,teacher_responsiveness,250,4,0.016,0,0.0,1,adequately_responsive,0.4
education_survey_responses,predictive_low,sonnet,skill_on_e2e,home_support_gap,250,2,0.008,0,0.0,1,False,0.94
education_survey_responses,predictive_low,sonnet,skill_on_e2e,format_adaptation_quality,250,4,0.016,0,0.0,1,innovative_and_effective,0.388
education_survey_responses,predictive_low,haiku,skill_on,hands_on_learning_loss,250,2,0.008,0,0.0,1,False,0.72
education_survey_responses,predictive_low,haiku,skill_on,subject_mode_alignment_poor,250,6,0.024,150,0.6,1,,0.6
education_survey_responses,predictive_low,haiku,skill_on,synchronous_session_friction,250,5,0.02,243,0.972,1,,0.972
education_survey_responses,predictive_low,haiku,skill_on,platform_usability_issue,250,2,0.008,0,0.0,1,False,0.704
education_survey_responses,predictive_low,haiku,skill_on,peer_interaction_loss,250,2,0.008,0,0.0,1,False,0.616
education_survey_responses,predictive_low,haiku,skill_on,student_voice_suppression,250,5,0.02,229,0.916,1,,0.916
education_survey_responses,predictive_low,haiku,skill_on,teacher_responsiveness_issue,250,6,0.024,237,0.948,1,,0.948
education_survey_responses,predictive_low,haiku,skill_on,pedagogical_innovation_present,250,2,0.008,0,0.0,1,True,0.532
education_survey_responses,predictive_low,haiku,skill_on,curriculum_depth_or_rigor_lost,250,2,0.008,0,0.0,1,False,0.532
education_survey_responses,predictive_low,sonnet,skill_on,instruction_quality,250,4,0.016,0,0.0,1,adequate_functional,0.444
education_survey_responses,predictive_low,sonnet,skill_on,teacher_responsiveness,250,3,0.012,0,0.0,1,adequate,0.548
education_survey_responses,predictive_low,sonnet,skill_on,feedback_quality,250,4,0.016,0,0.0,1,adequate,0.376
education_survey_responses,predictive_low,sonnet,skill_on,engagement_level,250,4,0.016,0,0.0,1,actively_engaged,0.408
education_survey_responses,predictive_low,sonnet,skill_on,peer_interaction_loss,250,2,0.008,0,0.0,1,False,0.696
education_survey_responses,predictive_low,sonnet,skill_on,student_emotional_signal,250,4,0.016,0,0.0,1,positive_enthusiasm,0.412
education_survey_responses,predictive_low,sonnet,skill_on,format_subject_fit,250,4,0.016,0,0.0,1,strong_fit,0.4
education_survey_responses,predictive_low,sonnet,skill_on,hands_on_deficit,250,2,0.008,0,0.0,1,False,0.824
flag_12,causal_improve,haiku,skill_off_update,resolution_hours,500,444,0.888,0,0.0,0,24.0,0.114
flag_12,causal_improve,haiku,skill_off_update,resolution_speed,500,3,0.006,0,0.0,1,Slow,0.786
flag_12,causal_improve,haiku,skill_off_update,priority_level,500,4,0.008,0,0.0,1,2,0.788
flag_12,causal_improve,haiku,skill_off_update,is_critical,500,2,0.004,0,0.0,1,1,0.842
flag_12,causal_improve,haiku,skill_off_update,assignee_caseload,500,5,0.01,0,0.0,1,116,0.232
flag_12,causal_improve,haiku,skill_off_update,category_volume,500,5,0.01,0,0.0,1,406,0.812
flag_12,causal_improve,sonnet,skill_off_update,resolution_time_hours,500,442,0.884,0,0.0,0,24.0,0.114
flag_12,causal_improve,sonnet,skill_off_update,priority_level,500,4,0.008,0,0.0,1,2,0.788
flag_12,causal_improve,sonnet,skill_off_update,is_reassigned,500,2,0.004,0,0.0,1,Yes,0.788
flag_12,causal_improve,sonnet,skill_off_update,resolution_efficiency_tier,500,3,0.006,0,0.0,1,Slow,0.72
flag_12,causal_improve,haiku,skill_on_e2e,incident_category_type,500,8,0.016,0,0.0,1,printer_issue,0.406
flag_12,causal_improve,haiku,skill_on_e2e,issue_mechanism,500,5,0.01,0,0.0,1,hardware_failure,0.674
flag_12,causal_improve,haiku,skill_on_e2e,incident_location_scope,500,5,0.01,346,0.692,1,unspecified,0.692
flag_12,causal_improve,haiku,skill_on_e2e,assigned_technician,500,5,0.01,0,0.0,1,Luke Wilson,0.232
flag_12,causal_improve,haiku,skill_on_e2e,closed_by_technician,500,5,0.01,0,0.0,1,Howard Johnson,0.216
flag_12,causal_improve,haiku,skill_on_e2e,assignment_consistency,500,2,0.004,0,0.0,1,False,0.53
flag_12,causal_improve,haiku,skill_on_e2e,caller_identity_pattern,500,2,0.004,0,0.0,1,known_user,0.778
flag_12,causal_improve,sonnet,skill_on_e2e,incident_category,500,8,0.016,0,0.0,1,printer,0.406
flag_12,causal_improve,sonnet,skill_on_e2e,incident_symptom_type,500,10,0.02,22,0.044,1,malfunction_generic,0.608
flag_12,causal_improve,sonnet,skill_on_e2e,same_day_resolution,500,2,0.004,0,0.0,1,False,0.88
flag_12,causal_improve,sonnet,skill_on_e2e,reassignment_occurred,500,2,0.004,0,0.0,1,True,0.524
flag_12,causal_improve,sonnet,skill_on_e2e,incident_scope,500,4,0.008,0,0.0,1,individual_user,0.472
flag_12,causal_improve,haiku,skill_on,assigned_technician,500,5,0.01,0,0.0,1,Luke Wilson,0.232
flag_12,causal_improve,haiku,skill_on,incident_category_type,500,5,0.01,0,0.0,1,hardware,0.782
flag_12,causal_improve,haiku,skill_on,request_type,500,5,0.01,0,0.0,1,malfunction,0.696
flag_12,causal_improve,haiku,skill_on,resolution_decision_pattern,500,5,0.01,0,0.0,1,replacement_needed,0.562
flag_12,causal_improve,haiku,skill_on,issue_recurrence_signal,500,3,0.006,0,0.0,1,recurring_device,0.524
flag_12,causal_improve,haiku,skill_on,caller_profile,500,2,0.004,0,0.0,1,standard_user,0.78
flag_12,causal_improve,sonnet,skill_on,incident_category,500,9,0.018,0,0.0,1,printer,0.406
flag_12,causal_improve,sonnet,skill_on,failure_type,500,10,0.02,10,0.02,1,not_responding,0.55
flag_12,causal_improve,sonnet,skill_on,affected_asset_type,500,11,0.022,5,0.01,1,printer,0.406
flag_12,causal_improve,sonnet,skill_on,resolution_action_type,500,7,0.014,2,0.004,1,repair,0.764
flag_12,causal_improve,sonnet,skill_on,self_assignment,500,2,0.004,0,0.0,1,False,0.788
flag_12,causal_improve,sonnet,skill_on,is_repeat_incident_type,500,2,0.004,0,0.0,1,True,0.904
flag_12,causal_improve,sonnet,skill_on,is_inquiry_or_request,500,2,0.004,0,0.0,1,False,0.94
flag_12,causal_inefficiency,haiku,skill_off_update,resolution_days,500,444,0.888,0,0.0,0,1.0,0.114
flag_12,causal_inefficiency,haiku,skill_off_update,is_inefficient,500,2,0.004,0,0.0,1,1,0.52
flag_12,causal_inefficiency,haiku,skill_off_update,assignee_mismatch,500,2,0.004,0,0.0,1,1,0.788
flag_12,causal_inefficiency,haiku,skill_off_update,is_critical_or_high,500,2,0.004,0,0.0,1,1,0.842
flag_12,causal_inefficiency,haiku,skill_off_update,state_is_resolved,500,2,0.004,0,0.0,1,0,0.512
flag_12,causal_inefficiency,haiku,skill_off_update,above_category_median,500,2,0.004,0,0.0,1,0,0.502
flag_12,causal_inefficiency,haiku,skill_off_update,sys_updated_by_is_employee,500,2,0.004,0,0.0,1,0,0.668
flag_12,causal_inefficiency,sonnet,skill_off_update,resolution_time_hours,500,442,0.884,0,0.0,0,24.0,0.114
flag_12,causal_inefficiency,sonnet,skill_off_update,is_reassigned,500,2,0.004,0,0.0,1,1,0.788
flag_12,causal_inefficiency,sonnet,skill_off_update,expected_resolution_hours,500,14,0.028,0,0.0,1,181.8,0.672
flag_12,causal_inefficiency,sonnet,skill_off_update,resolution_delay_hours,500,443,0.886,0,0.0,0,-157.8,0.08
flag_12,causal_inefficiency,sonnet,skill_off_update,inefficiency_flag,500,2,0.004,0,0.0,1,0,0.75
flag_12,causal_inefficiency,sonnet,skill_off_update,inefficiency_drivers,500,170,0.34,45,0.09,0,reassigned,0.336
flag_12,causal_inefficiency,haiku,skill_on_e2e,incident_category,500,6,0.012,0,0.0,1,printer,0.4
flag_12,causal_inefficiency,haiku,skill_on_e2e,description_specificity,500,2,0.004,0,0.0,1,specific,0.63
flag_12,causal_inefficiency,haiku,skill_on_e2e,assigned_technician,500,5,0.01,0,0.0,1,Luke_Wilson,0.232
flag_12,causal_inefficiency,haiku,skill_on_e2e,urgency_signal,500,5,0.01,0,0.0,1,replacement_needed,0.566
flag_12,causal_inefficiency,haiku,skill_on_e2e,recurring_issue_pattern,500,2,0.004,0,0.0,1,True,0.534
flag_12,causal_inefficiency,sonnet,skill_on_e2e,incident_category,500,12,0.024,0,0.0,1,printer,0.406
flag_12,causal_inefficiency,sonnet,skill_on_e2e,incident_subtype,500,10,0.02,0,0.0,1,not_responding,0.542
flag_12,causal_inefficiency,sonnet,skill_on_e2e,issue_severity_signal,500,4,0.008,0,0.0,1,partial_failure,0.474
flag_12,causal_inefficiency,sonnet,skill_on_e2e,reassignment_indicator,500,2,0.004,0,0.0,1,True,0.63
flag_12,causal_inefficiency,sonnet,skill_on_e2e,recurrence_signal,500,2,0.004,0,0.0,1,False,0.694
flag_12,causal_inefficiency,sonnet,skill_on_e2e,scope_context,500,4,0.008,0,0.0,1,shared_office_device,0.55
flag_12,causal_inefficiency,sonnet,skill_on_e2e,assigned_agent,500,5,0.01,0,0.0,1,Luke Wilson,0.232
flag_12,causal_inefficiency,haiku,skill_on,incident_category,500,10,0.02,0,0.0,1,printer,0.406
flag_12,causal_inefficiency,haiku,skill_on,issue_severity_language,500,4,0.008,0,0.0,1,critical_functional_failure,0.742
flag_12,causal_inefficiency,haiku,skill_on,problem_specificity,500,4,0.008,0,0.0,1,specific_fault,0.592
flag_12,causal_inefficiency,haiku,skill_on,assignment_misalignment,500,2,0.004,0,0.0,1,False,0.684
flag_12,causal_inefficiency,haiku,skill_on,incident_location_scope,500,5,0.01,5,0.01,1,individual_workstation,0.466
flag_12,causal_inefficiency,haiku,skill_on,technician_workload,500,5,0.01,0,0.0,1,luke_wilson,0.232
flag_12,causal_inefficiency,haiku,skill_on,update_frequency,500,2,0.004,0,0.0,1,multi_day_gap,0.694
flag_12,causal_inefficiency,haiku,skill_on,device_recurrence_pattern,500,2,0.004,0,0.0,1,True,0.534
flag_12,causal_inefficiency,sonnet,skill_on,incident_category,500,9,0.018,0,0.0,1,printer,0.406
flag_12,causal_inefficiency,sonnet,skill_on,incident_symptom_type,500,9,0.018,0,0.0,1,not_responding,0.512
flag_12,causal_inefficiency,sonnet,skill_on,reassignment_occurred,500,2,0.004,0,0.0,1,True,0.758
flag_12,causal_inefficiency,sonnet,skill_on,repeat_issue_pattern,500,2,0.004,0,0.0,1,True,0.514
flag_12,causal_inefficiency,sonnet,skill_on,requires_replacement,500,2,0.004,0,0.0,1,False,0.956
flag_12,causal_inefficiency,sonnet,skill_on,issue_specificity,500,3,0.006,0,0.0,1,specific_symptom,0.498
flag_12,causal_inefficiency,sonnet,skill_on,urgency_signal,500,4,0.008,0,0.0,1,degraded_function,0.656
flag_12,causal_inefficiency,sonnet,skill_on,assignee_workload_signal,500,5,0.01,0,0.0,1,luke_wilson,0.232
flag_12,concept_attribute_inefficiency,haiku,skill_off_update,resolution_days,500,21,0.042,0,0.0,1,1,0.14
flag_12,concept_attribute_inefficiency,haiku,skill_off_update,issue_type,500,9,0.018,0,0.0,1,Printer,0.404
flag_12,concept_attribute_inefficiency,haiku,skill_off_update,assignee_avg_resolution_days,500,5,0.01,0,0.0,1,7.724137931034483,0.232
flag_12,concept_attribute_inefficiency,haiku,skill_off_update,is_high_priority,500,2,0.004,0,0.0,1,1,0.842
flag_12,concept_attribute_inefficiency,haiku,skill_off_update,issue_type_frequency,500,8,0.016,0,0.0,1,202,0.404
flag_12,concept_attribute_inefficiency,haiku,skill_off_update,inefficiency_pattern,500,6,0.012,0,0.0,1,High_Priority_Category|High_Priority_Issue,0.518
flag_12,concept_attribute_inefficiency,sonnet,skill_off_update,resolution_time_hours,500,442,0.884,0,0.0,0,24.0,0.114
flag_12,concept_attribute_inefficiency,sonnet,skill_off_update,issue_type,500,10,0.02,0,0.0,1,printer,0.406
flag_12,concept_attribute_inefficiency,sonnet,skill_off_update,is_repeat_issue,500,2,0.004,0,0.0,1,1,0.702
flag_12,concept_attribute_inefficiency,sonnet,skill_off_update,above_avg_resolution,500,2,0.004,0,0.0,1,0,0.512
flag_12,concept_attribute_inefficiency,haiku,skill_on_e2e,issue_category,500,8,0.016,0,0.0,1,printer,0.406
flag_12,concept_attribute_inefficiency,haiku,skill_on_e2e,failure_mode,500,6,0.012,5,0.01,1,functionality,0.374
flag_12,concept_attribute_inefficiency,haiku,skill_on_e2e,technician_reassignment,500,2,0.004,0,0.0,1,reassigned,0.782
flag_12,concept_attribute_inefficiency,haiku,skill_on_e2e,issue_scope,500,4,0.008,0,0.0,1,single_user,0.716
flag_12,concept_attribute_inefficiency,haiku,skill_on_e2e,root_cause_class,500,4,0.008,0,0.0,1,hardware_defect,0.752
flag_12,concept_attribute_inefficiency,sonnet,skill_on_e2e,incident_category,500,9,0.018,0,0.0,1,printer,0.406
flag_12,concept_attribute_inefficiency,sonnet,skill_on_e2e,failure_mode,500,9,0.018,20,0.04,1,malfunction_general,0.538
flag_12,concept_attribute_inefficiency,sonnet,skill_on_e2e,repeat_issue_pattern,500,9,0.018,0,0.0,1,printer_generic,0.406
flag_12,concept_attribute_inefficiency,sonnet,skill_on_e2e,reassignment_flag,500,2,0.004,0,0.0,1,True,0.588
flag_12,concept_attribute_inefficiency,sonnet,skill_on_e2e,requires_physical_intervention,500,2,0.004,0,0.0,1,True,0.822
flag_12,concept_attribute_inefficiency,sonnet,skill_on_e2e,assignee_agent,500,5,0.01,0,0.0,1,Luke Wilson,0.232
flag_12,concept_attribute_inefficiency,sonnet,skill_on_e2e,caller_id_group,500,4,0.008,0,0.0,1,David Loo,0.266
flag_12,concept_attribute_inefficiency,haiku,skill_on,issue_category,500,7,0.014,0,0.0,1,printer,0.4
flag_12,concept_attribute_inefficiency,haiku,skill_on,hardware_component_type,500,10,0.02,113,0.226,1,printer,0.408
flag_12,concept_attribute_inefficiency,haiku,skill_on,printer_issue_specificity,500,6,0.012,210,0.42,1,Unknown,0.42
flag_12,concept_attribute_inefficiency,haiku,skill_on,issue_scope_location,500,4,0.008,0,0.0,1,individual_workstation,0.676
flag_12,concept_attribute_inefficiency,haiku,skill_on,resolution_mechanism,500,5,0.01,0,0.0,1,repair_or_fix,0.476
flag_12,concept_attribute_inefficiency,haiku,skill_on,technician_assignment_stability,500,2,0.004,0,0.0,1,reassigned,0.73
flag_12,concept_attribute_inefficiency,haiku,skill_on,repeat_issue_flag,500,2,0.004,0,0.0,1,False,0.584
flag_12,concept_attribute_inefficiency,sonnet,skill_on,incident_category,500,10,0.02,0,0.0,1,printer,0.406
flag_12,concept_attribute_inefficiency,sonnet,skill_on,failure_symptom_type,500,10,0.02,0,0.0,1,malfunction_general,0.428
flag_12,concept_attribute_inefficiency,sonnet,skill_on,software_vs_hardware,500,3,0.006,0,0.0,1,hardware,0.792
flag_12,concept_attribute_inefficiency,sonnet,skill_on,resolution_action_type,500,7,0.014,2,0.004,1,repair,0.738
flag_12,concept_attribute_inefficiency,sonnet,skill_on,recurrence_signal,500,2,0.004,0,0.0,1,True,0.9
flag_12,concept_attribute_inefficiency,sonnet,skill_on,self_resolved_by_assignee,500,2,0.004,0,0.0,1,False,0.788
flag_12,concept_attribute_inefficiency,sonnet,skill_on,software_trigger,500,2,0.004,0,0.0,1,False,0.89
flag_12,concept_attribute_inefficiency,sonnet,skill_on,affected_device_type,500,10,0.02,73,0.146,1,printer,0.406
flag_12,eda_efficiency,haiku,skill_off_update,resolution_hours,500,444,0.888,0,0.0,0,24.0,0.114
flag_12,eda_efficiency,haiku,skill_off_update,efficiency_category,500,2,0.004,0,0.0,1,Slow,0.786
flag_12,eda_efficiency,haiku,skill_off_update,priority_level,500,4,0.008,0,0.0,1,2,0.788
flag_12,eda_efficiency,haiku,skill_off_update,efficiency_score,500,437,0.874,0,0.0,0,95.33,0.114
flag_12,eda_efficiency,sonnet,skill_off_update,resolution_time_hours,500,442,0.884,0,0.0,0,24.0,0.114
flag_12,eda_efficiency,sonnet,skill_off_update,sla_met,500,2,0.004,0,0.0,1,0,0.878
flag_12,eda_efficiency,sonnet,skill_off_update,resolution_speed_category,500,4,0.008,0,0.0,1,Very Slow,0.822
flag_12,eda_efficiency,sonnet,skill_off_update,category_avg_resolution_hours,500,5,0.01,0,0.0,1,181.43,0.812
flag_12,eda_efficiency,sonnet,skill_off_update,assignment_group_avg_resolution_hours,500,5,0.01,0,0.0,1,181.48,0.81
flag_12,eda_efficiency,sonnet,skill_off_update,resolution_vs_category_avg,500,447,0.894,0,0.0,0,-157.43,0.09
flag_12,eda_efficiency,haiku,skill_on_e2e,incident_category,500,5,0.01,0,0.0,1,hardware,0.57
flag_12,eda_efficiency,haiku,skill_on_e2e,assigned_technician,500,5,0.01,0,0.0,1,Luke Wilson,0.232
flag_12,eda_efficiency,haiku,skill_on_e2e,incident_severity_signal,500,4,0.008,200,0.4,1,standard,0.5
flag_12,eda_efficiency,haiku,skill_on_e2e,affected_component,500,10,0.02,0,0.0,1,printer,0.406
flag_12,eda_efficiency,haiku,skill_on_e2e,recurring_issue_flag,500,2,0.004,0,0.0,1,False,0.728
flag_12,eda_efficiency,haiku,skill_on_e2e,multi_party_closure_flag,500,2,0.004,0,0.0,1,False,0.64
flag_12,eda_efficiency,sonnet,skill_on_e2e,incident_category,500,11,0.022,5,0.01,1,printer_hardware,0.406
flag_12,eda_efficiency,sonnet,skill_on_e2e,incident_subcategory,500,11,0.022,8,0.016,1,not_responding,0.52
flag_12,eda_efficiency,sonnet,skill_on_e2e,affected_asset_type,500,11,0.022,20,0.04,1,printer,0.406
flag_12,eda_efficiency,sonnet,skill_on_e2e,resolution_action_type,500,6,0.012,0,0.0,1,repair,0.71
flag_12,eda_efficiency,sonnet,skill_on_e2e,resolver_match,500,2,0.004,0,0.0,1,different_resolver,0.788
flag_12,eda_efficiency,sonnet,skill_on_e2e,urgency_signal,500,5,0.01,0,0.0,1,routine,0.588
flag_12,eda_efficiency,sonnet,skill_on_e2e,caller_type,500,2,0.004,0,0.0,1,named_user,0.778
flag_12,eda_efficiency,sonnet,skill_on_e2e,hardware_failure_severity,500,4,0.008,22,0.044,1,partial_malfunction,0.646
flag_12,eda_efficiency,haiku,skill_on,incident_category,500,10,0.02,0,0.0,1,printer,0.406
flag_12,eda_efficiency,haiku,skill_on,incident_complexity_signal,500,2,0.004,0,0.0,1,True,0.614
flag_12,eda_efficiency,haiku,skill_on,assigned_technician,500,5,0.01,0,0.0,1,Luke Wilson,0.232
flag_12,eda_efficiency,haiku,skill_on,urgency_signal_from_text,500,2,0.004,0,0.0,1,False,0.872
flag_12,eda_efficiency,haiku,skill_on,action_type_replacement_vs_repair,500,2,0.004,0,0.0,1,False,0.662
flag_12,eda_efficiency,haiku,skill_on,caller_type_technical_vs_standard,500,2,0.004,0,0.0,1,standard_user,0.78
flag_12,eda_efficiency,haiku,skill_on,sys_update_after_closure,500,2,0.004,0,0.0,1,True,0.6
flag_12,eda_efficiency,sonnet,skill_on,incident_category,500,7,0.014,0,0.0,1,printer,0.406
flag_12,eda_efficiency,sonnet,skill_on,incident_subtype,500,9,0.018,3,0.006,1,not_working,0.75
flag_12,eda_efficiency,sonnet,skill_on,affected_device_type,500,9,0.018,60,0.12,1,printer,0.406
flag_12,eda_efficiency,sonnet,skill_on,resolution_action_type,500,7,0.014,2,0.004,1,repair,0.75
flag_12,eda_efficiency,sonnet,skill_on,was_reassigned,500,2,0.004,0,0.0,1,False,0.892
flag_12,eda_efficiency,sonnet,skill_on,urgency_signal,500,5,0.01,0,0.0,1,general_issue,0.754
flag_12,eda_efficiency,sonnet,skill_on,is_repeat_or_recurring,500,2,0.004,0,0.0,1,False,0.652
flag_12,eda_efficiency,sonnet,skill_on,caller_type,500,2,0.004,0,0.0,1,named_user,0.778
flag_12,focus_inference,haiku,skill_off_update,Is_Critical,500,2,0.004,0,0.0,1,1,0.848
flag_12,focus_inference,haiku,skill_off_update,Resolution_Speed,500,3,0.006,0,0.0,1,Medium (4-10 days),0.53
flag_12,focus_inference,haiku,skill_off_update,Is_Printer_Related,500,2,0.004,0,0.0,1,0,0.596
flag_12,focus_inference,sonnet,skill_off_update,resolution_time_hours,500,442,0.884,0,0.0,0,24.0,0.114
flag_12,focus_inference,sonnet,skill_off_update,device_type,500,10,0.02,0,0.0,1,printer,0.404
flag_12,focus_inference,sonnet,skill_off_update,description_vague,500,2,0.004,0,0.0,1,no,0.648
flag_12,focus_inference,sonnet,skill_off_update,self_resolved,500,2,0.004,0,0.0,1,no,0.788
flag_12,focus_inference,haiku,skill_on_e2e,hardware_asset_type,500,10,0.02,0,0.0,1,printer,0.406
flag_12,focus_inference,haiku,skill_on_e2e,failure_mode_or_symptom,500,11,0.022,0,0.0,1,not_working,0.324
flag_12,focus_inference,haiku,skill_on_e2e,assigned_technician_name,500,5,0.01,0,0.0,1,Luke Wilson,0.232
flag_12,focus_inference,haiku,skill_on_e2e,caller_department_or_role,500,4,0.008,0,0.0,1,David Loo,0.266
flag_12,focus_inference,haiku,skill_on_e2e,incident_subject_scope,500,5,0.01,0,0.0,1,shared_asset,0.42
flag_12,focus_inference,haiku,skill_on_e2e,network_or_connectivity_issue,500,2,0.004,0,0.0,1,False,0.9
flag_12,focus_inference,haiku,skill_on_e2e,software_or_application_issue,500,2,0.004,0,0.0,1,False,0.878
flag_12,focus_inference,haiku,skill_on_e2e,technician_consistency,500,2,0.004,0,0.0,1,different_technician,0.684
flag_12,focus_inference,haiku,skill_on_e2e,problem_recurrence_indicator,500,2,0.004,0,0.0,1,False,0.756
flag_12,focus_inference,sonnet,skill_on_e2e,incident_category,500,8,0.016,0,0.0,1,printer,0.406
flag_12,focus_inference,sonnet,skill_on_e2e,failure_symptom,500,10,0.02,22,0.044,1,malfunction_degraded,0.608
flag_12,focus_inference,sonnet,skill_on_e2e,self_resolved,500,2,0.004,0,0.0,1,False,0.808
flag_12,focus_inference,haiku,skill_on,incident_type,500,6,0.012,1,0.002,1,hardware_device,0.698
flag_12,focus_inference,haiku,skill_on,affected_asset_category,500,11,0.022,5,0.01,1,printer,0.406
flag_12,focus_inference,haiku,skill_on,failure_mechanism,500,8,0.016,36,0.072,1,not_working,0.42
flag_12,focus_inference,haiku,skill_on,resolution_action_required,500,7,0.014,0,0.0,1,repair_needed,0.42
flag_12,focus_inference,haiku,skill_on,recurring_issue_flag,500,2,0.004,0,0.0,1,False,0.584
flag_12,focus_inference,haiku,skill_on,urgency_signal,500,4,0.008,0,0.0,1,medium_convenience_loss,0.518
flag_12,focus_inference,sonnet,skill_on,incident_category,500,7,0.014,0,0.0,1,printer,0.406
flag_12,focus_inference,sonnet,skill_on,issue_type,500,7,0.014,0,0.0,1,functional_failure,0.676
flag_12,focus_inference,sonnet,skill_on,affected_device_type,500,11,0.022,77,0.154,1,printer,0.406
flag_12,focus_inference,sonnet,skill_on,is_self_assigned,500,2,0.004,0,0.0,1,False,0.788
flag_12,focus_inference,sonnet,skill_on,is_repeat_issue_pattern,500,2,0.004,0,0.0,1,True,0.852
flag_12,focus_inference,sonnet,skill_on,hardware_failure_subtype,500,9,0.018,472,0.944,1,,0.942
flag_12,predictive_inefficient,haiku,skill_off_update,resolution_hours,500,444,0.888,0,0.0,0,24.0,0.114
flag_12,predictive_inefficient,haiku,skill_off_update,hours_to_last_update,500,444,0.888,0,0.0,0,24.0,0.114
flag_12,predictive_inefficient,haiku,skill_off_update,assignee_changed,500,2,0.004,0,0.0,1,1,0.788
flag_12,predictive_inefficient,haiku,skill_off_update,is_high_priority,500,2,0.004,0,0.0,1,1,0.842
flag_12,predictive_inefficient,haiku,skill_off_update,inefficiency_score,500,8,0.016,0,0.0,1,3.5,0.396
flag_12,predictive_inefficient,sonnet,skill_off_update,resolution_hours,500,442,0.884,0,0.0,0,24.00,0.114
flag_12,predictive_inefficient,sonnet,skill_off_update,above_p75_resolution,500,2,0.004,0,0.0,1,0,0.752
flag_12,predictive_inefficient,sonnet,skill_off_update,reassigned,500,2,0.004,0,0.0,1,1,0.788
flag_12,predictive_inefficient,sonnet,skill_off_update,high_complexity_category,500,2,0.004,0,0.0,1,0,0.918
flag_12,predictive_inefficient,sonnet,skill_off_update,critical_or_high_priority,500,2,0.004,0,0.0,1,1,0.842
flag_12,predictive_inefficient,sonnet,skill_off_update,assignee_slow_relative_to_median,500,2,0.004,0,0.0,1,0,0.786
flag_12,predictive_inefficient,haiku,skill_on_e2e,AssignmentStability,500,2,0.004,0,0.0,1,False,0.97
flag_12,predictive_inefficient,haiku,skill_on_e2e,ProblemCategoryType,500,7,0.014,0,0.0,1,printer_hardware,0.406
flag_12,predictive_inefficient,haiku,skill_on_e2e,AssignedTechnician,500,5,0.01,0,0.0,1,luke_wilson,0.232
flag_12,predictive_inefficient,haiku,skill_on_e2e,TechnicianWorkloadConcentration,500,2,0.004,0,0.0,1,low_concentration,0.722
flag_12,predictive_inefficient,sonnet,skill_on_e2e,reassignment_flag,500,2,0.004,0,0.0,1,True,0.776
flag_12,predictive_inefficient,sonnet,skill_on_e2e,incident_category,500,9,0.018,0,0.0,1,printer,0.406
flag_12,predictive_inefficient,sonnet,skill_on_e2e,problem_nature,500,5,0.01,0,0.0,1,hardware_failure,0.79
flag_12,predictive_inefficient,sonnet,skill_on_e2e,description_specificity,500,4,0.008,0,0.0,1,specific_symptom,0.512
flag_12,predictive_inefficient,sonnet,skill_on_e2e,affected_asset_type,500,10,0.02,1,0.002,1,printer,0.406
flag_12,predictive_inefficient,sonnet,skill_on_e2e,assignee_workload_proxy,500,5,0.01,0,0.0,1,luke_wilson,0.232
flag_12,predictive_inefficient,sonnet,skill_on_e2e,hardware_failure_type,500,8,0.016,0,0.0,1,not_hardware,0.77
flag_12,predictive_inefficient,sonnet,skill_on_e2e,opened_on_weekend,500,2,0.004,0,0.0,1,False,0.878
flag_12,predictive_inefficient,haiku,skill_on,incident_category_type,500,4,0.008,0,0.0,1,hardware_peripheral,0.766
flag_12,predictive_inefficient,haiku,skill_on,issue_complexity_class,500,3,0.006,0,0.0,1,troubleshooting_required,0.46
flag_12,predictive_inefficient,haiku,skill_on,caller_repeat_pattern,500,2,0.004,0,0.0,1,False,0.994
flag_12,predictive_inefficient,haiku,skill_on,incident_recurrence_category,500,5,0.01,0,0.0,1,recurring_printer,0.406
flag_12,predictive_inefficient,sonnet,skill_on,incident_category,500,7,0.014,0,0.0,1,printer,0.406
flag_12,predictive_inefficient,sonnet,skill_on,failure_type,500,6,0.012,2,0.004,1,degraded_performance,0.432
flag_12,predictive_inefficient,sonnet,skill_on,affected_asset_type,500,9,0.018,0,0.0,1,printer,0.406
flag_12,predictive_inefficient,sonnet,skill_on,reassignment_signal,500,2,0.004,0,0.0,1,False,0.718
flag_12,predictive_inefficient,sonnet,skill_on,repeat_failure_pattern,500,2,0.004,0,0.0,1,False,0.694
flag_12,predictive_inefficient,sonnet,skill_on,opener_is_itil_user,500,2,0.004,0,0.0,1,False,0.778
flag_13,causal_duration,haiku,skill_off_update,resolution_hours,500,445,0.89,0,0.0,0,0.5666666666666667,0.01
flag_13,causal_duration,haiku,skill_off_update,priority_numeric,500,4,0.008,0,0.0,1,2,0.782
flag_13,causal_duration,haiku,skill_off_update,is_network,500,2,0.004,0,0.0,1,1,0.52
flag_13,causal_duration,haiku,skill_off_update,is_database,500,2,0.004,0,0.0,1,0,0.732
flag_13,causal_duration,haiku,skill_off_update,is_software,500,2,0.004,0,0.0,1,0,0.854
flag_13,causal_duration,haiku,skill_off_update,is_hardware,500,2,0.004,0,0.0,1,0,0.95
flag_13,causal_duration,haiku,skill_off_update,duration_category,500,3,0.006,0,0.0,1,30min-1hr,0.496
flag_13,causal_duration,haiku,skill_off_update,priority_avg_duration,500,4,0.008,0,0.0,1,0.49880434782608696,0.782
flag_13,causal_duration,haiku,skill_off_update,category_avg_duration,500,5,0.01,0,0.0,1,0.5013141025641026,0.52
flag_13,causal_duration,haiku,skill_off_update,duration_vs_priority_avg,500,459,0.918,0,0.0,0,0.4845289855072463,0.008
flag_13,causal_duration,haiku,skill_off_update,duration_vs_category_avg,500,473,0.946,0,0.0,0,-0.23607587064676622,0.006
flag_13,causal_duration,haiku,skill_off_update,assignee_avg_duration,500,5,0.01,0,0.0,1,0.5115363636363636,0.22
flag_13,causal_duration,haiku,skill_off_update,duration_vs_assignee_avg,500,487,0.974,0,0.0,0,0.23168498168498175,0.006
flag_13,causal_duration,haiku,skill_off_update,has_round_duration,500,1,0.002,0,0.0,1,0,1.0
flag_13,causal_duration,sonnet,skill_off_update,resolution_duration_minutes,500,445,0.89,0,0.0,0,34.0,0.01
flag_13,causal_duration,sonnet,skill_off_update,priority_level,500,4,0.008,0,0.0,1,2,0.782
flag_13,causal_duration,sonnet,skill_off_update,opened_hour_of_day,500,24,0.048,0,0.0,1,21,0.052
flag_13,causal_duration,sonnet,skill_off_update,opened_during_business_hours,500,2,0.004,0,0.0,1,No,0.738
flag_13,causal_duration,sonnet,skill_off_update,assignee_avg_resolution_minutes,500,5,0.01,0,0.0,1,30.69,0.22
flag_13,causal_duration,sonnet,skill_off_update,category_avg_resolution_minutes,500,5,0.01,0,0.0,1,30.08,0.52
flag_13,causal_duration,haiku,skill_on_e2e,problem_domain,500,8,0.016,2,0.004,1,email,0.27
flag_13,causal_duration,haiku,skill_on_e2e,service_component_type,500,5,0.01,0,0.0,1,connectivity_layer,0.37
flag_13,causal_duration,haiku,skill_on_e2e,issue_scope_scale,500,3,0.006,0,0.0,1,infrastructure_outage,0.492
flag_13,causal_duration,haiku,skill_on_e2e,resolution_complexity_signal,500,5,0.01,0,0.0,1,access_denial,0.514
flag_13,causal_duration,haiku,skill_on_e2e,assigned_technician_experience_proxy,500,3,0.006,0,0.0,1,frequent_assignee,0.388
flag_13,causal_duration,haiku,skill_on_e2e,assignment_closure_alignment,500,2,0.004,0,0.0,1,True,0.672
flag_13,causal_duration,haiku,skill_on_e2e,caller_type_proxy,500,2,0.004,0,0.0,1,named_user,0.766
flag_13,causal_duration,sonnet,skill_on_e2e,incident_category,500,8,0.016,0,0.0,1,database,0.27
flag_13,causal_duration,sonnet,skill_on_e2e,failure_mode,500,7,0.014,0,0.0,1,connectivity_loss,0.456
flag_13,causal_duration,sonnet,skill_on_e2e,affected_scope,500,4,0.008,0,0.0,1,single_user,0.652
flag_13,causal_duration,sonnet,skill_on_e2e,assigned_resolver,500,5,0.01,0,0.0,1,Fred Luddy,0.256
flag_13,causal_duration,sonnet,skill_on_e2e,cross_agent_handoff,500,2,0.004,0,0.0,1,True,0.806
flag_13,causal_duration,sonnet,skill_on_e2e,opened_hour_of_day,500,4,0.008,0,0.0,1,business_hours,0.338
flag_13,causal_duration,sonnet,skill_on_e2e,caller_type,500,2,0.004,0,0.0,1,named_user,0.766
flag_13,causal_duration,haiku,skill_on,incident_category,500,6,0.012,0,0.0,1,database,0.274
flag_13,causal_duration,haiku,skill_on,technical_domain,500,5,0.01,0,0.0,1,connectivity,0.388
flag_13,causal_duration,haiku,skill_on,issue_scope,500,4,0.008,0,0.0,1,system_wide,0.642
flag_13,causal_duration,haiku,skill_on,assigned_to_person,500,5,0.01,0,0.0,1,Fred Luddy,0.22
flag_13,causal_duration,haiku,skill_on,time_of_day_opened,500,2,0.004,0,0.0,1,after_hours,0.62
flag_13,causal_duration,haiku,skill_on,issue_recurrence,500,2,0.004,0,0.0,1,True,0.798
flag_13,causal_duration,sonnet,skill_on,incident_category,500,7,0.014,0,0.0,1,database,0.27
flag_13,causal_duration,sonnet,skill_on,incident_severity_signal,500,4,0.008,10,0.02,1,access_failure,0.532
flag_13,causal_duration,sonnet,skill_on,affected_scope,500,3,0.006,0,0.0,1,individual,0.53
flag_13,causal_duration,sonnet,skill_on,assigned_agent,500,5,0.01,0,0.0,1,Fred_Luddy,0.22
flag_13,causal_duration,sonnet,skill_on,resolver_handoff,500,2,0.004,0,0.0,1,True,0.806
flag_13,causal_duration,sonnet,skill_on,open_hour_band,500,2,0.004,0,0.0,1,off_hours,0.536
flag_13,causal_duration,sonnet,skill_on,caller_type,500,2,0.004,0,0.0,1,named_user,0.766
flag_13,concept_attribute_operational,haiku,skill_off_update,operational_burden_type,500,18,0.036,0,0.0,1,connectivity,0.252
flag_13,concept_attribute_operational,haiku,skill_off_update,severity_indicator,500,3,0.006,0,0.0,1,1,0.738
flag_13,concept_attribute_operational,haiku,skill_off_update,root_infrastructure,500,4,0.008,0,0.0,1,Network,0.576
flag_13,concept_attribute_operational,sonnet,skill_off_update,operational_burden_flags,500,40,0.08,0,0.0,1,connectivity_issue,0.292
flag_13,concept_attribute_operational,sonnet,skill_off_update,operational_burden_count,500,5,0.01,0,0.0,1,1,0.442
flag_13,concept_attribute_operational,sonnet,skill_off_update,primary_operational_burden,500,9,0.018,0,0.0,1,connectivity_issue,0.46
flag_13,concept_attribute_operational,haiku,skill_on_e2e,incident_domain,500,8,0.016,0,0.0,1,database,0.272
flag_13,concept_attribute_operational,haiku,skill_on_e2e,problem_severity,500,4,0.008,0,0.0,1,service_access_failure,0.494
flag_13,concept_attribute_operational,haiku,skill_on_e2e,scope_of_impact,500,4,0.008,0,0.0,1,individual_user,0.476
flag_13,concept_attribute_operational,haiku,skill_on_e2e,root_cause_mechanism,500,6,0.012,2,0.004,1,network_path_failure,0.446
flag_13,concept_attribute_operational,haiku,skill_on_e2e,recurrence_pattern,500,3,0.006,0,0.0,1,recurring_issue,0.524
flag_13,concept_attribute_operational,sonnet,skill_on_e2e,incident_system_domain,500,8,0.016,3,0.006,1,database,0.272
flag_13,concept_attribute_operational,sonnet,skill_on_e2e,failure_symptom_type,500,10,0.02,33,0.066,1,cannot_connect,0.438
flag_13,concept_attribute_operational,sonnet,skill_on_e2e,affected_system_layer,500,6,0.012,2,0.004,1,server_side,0.472
flag_13,concept_attribute_operational,sonnet,skill_on_e2e,cross_assignment_flag,500,2,0.004,0,0.0,1,True,0.808
flag_13,concept_attribute_operational,sonnet,skill_on_e2e,incident_time_of_day,500,3,0.006,0,0.0,1,after_hours,0.47
flag_13,concept_attribute_operational,sonnet,skill_on_e2e,recurring_issue_signal,500,2,0.004,0,0.0,1,True,0.992
flag_13,concept_attribute_operational,haiku,skill_on,incident_category,500,6,0.012,0,0.0,1,connectivity,0.358
flag_13,concept_attribute_operational,haiku,skill_on,severity_scope,500,3,0.006,0,0.0,1,single_user,0.494
flag_13,concept_attribute_operational,haiku,skill_on,technical_layer,500,4,0.008,0,0.0,1,network_access,0.386
flag_13,concept_attribute_operational,haiku,skill_on,resolution_pattern,500,6,0.012,0,0.0,1,access_provisioning,0.532
flag_13,concept_attribute_operational,sonnet,skill_on,incident_category,500,8,0.016,6,0.012,1,email_service,0.268
flag_13,concept_attribute_operational,sonnet,skill_on,failure_symptom_type,500,9,0.018,33,0.066,1,connection_failure,0.626
flag_13,concept_attribute_operational,sonnet,skill_on,scope_location_context,500,4,0.008,0,0.0,1,system_wide,0.57
flag_13,concept_attribute_operational,sonnet,skill_on,cross_assignment_flag,500,2,0.004,0,0.0,1,True,0.808
flag_13,concept_attribute_operational,sonnet,skill_on,incident_trigger_context,500,6,0.012,10,0.02,1,user_access_issue,0.594
flag_13,concept_attribute_operational,sonnet,skill_on,opened_hour_bucket,500,3,0.006,0,0.0,1,after_hours_1800_2359,0.408
flag_13,concept_attribute_operational,sonnet,skill_on,recurrence_signal,500,2,0.004,0,0.0,1,False,0.8
flag_13,eda_duration,haiku,skill_off_update,duration_seconds,500,445,0.89,0,0.0,0,2040.0,0.01
flag_13,eda_duration,haiku,skill_off_update,duration_minutes,500,445,0.89,0,0.0,0,34.0,0.01
flag_13,eda_duration,haiku,skill_off_update,priority_level,500,4,0.008,0,0.0,1,2,0.782
flag_13,eda_duration,haiku,skill_off_update,category_priority,500,16,0.032,0,0.0,1,Network_P2,0.412
flag_13,eda_duration,sonnet,skill_off_update,resolution_hours,500,445,0.89,0,0.0,0,34.0,0.01
flag_13,eda_duration,sonnet,skill_off_update,duration_band,500,3,0.006,0,0.0,1,medium,0.432
flag_13,eda_duration,sonnet,skill_off_update,duration_vs_category_median,500,471,0.942,0,0.0,0,-14.6717,0.006
flag_13,eda_duration,sonnet,skill_off_update,duration_vs_priority_median,500,458,0.916,0,0.0,0,29.3517,0.008
flag_13,eda_duration,sonnet,skill_off_update,duration_z_score,500,445,0.89,0,0.0,0,0.2345,0.01
flag_13,eda_duration,haiku,skill_on_e2e,incident_category,500,6,0.012,0,0.0,1,database,0.272
flag_13,eda_duration,haiku,skill_on_e2e,technical_component,500,8,0.016,0,0.0,1,database,0.268
flag_13,eda_duration,haiku,skill_on_e2e,problem_nature,500,5,0.01,0,0.0,1,connectivity_failure,0.378
flag_13,eda_duration,haiku,skill_on_e2e,problem_scope,500,4,0.008,0,0.0,1,shared_service,0.654
flag_13,eda_duration,haiku,skill_on_e2e,issue_severity_indicator,500,4,0.008,0,0.0,1,individual_access,0.522
flag_13,eda_duration,haiku,skill_on_e2e,assignment_continuity,500,2,0.004,0,0.0,1,False,0.808
flag_13,eda_duration,sonnet,skill_on_e2e,incident_category,500,7,0.014,0,0.0,1,database,0.272
flag_13,eda_duration,sonnet,skill_on_e2e,failure_symptom_type,500,7,0.014,10,0.02,1,connectivity_failure,0.548
flag_13,eda_duration,sonnet,skill_on_e2e,affected_system,500,9,0.018,20,0.04,1,vpn,0.218
flag_13,eda_duration,sonnet,skill_on_e2e,incident_scope,500,3,0.006,0,0.0,1,single_user,0.636
flag_13,eda_duration,sonnet,skill_on_e2e,resolver_match,500,2,0.004,0,0.0,1,False,0.806
flag_13,eda_duration,sonnet,skill_on_e2e,off_hours_open,500,2,0.004,0,0.0,1,True,0.558
flag_13,eda_duration,haiku,skill_on,incident_category,500,6,0.012,0,0.0,1,database_access,0.272
flag_13,eda_duration,haiku,skill_on,issue_severity_complexity,500,3,0.006,0,0.0,1,2,0.834
flag_13,eda_duration,haiku,skill_on,assigned_technician,500,5,0.01,0,0.0,1,fred_luddy,0.22
flag_13,eda_duration,haiku,skill_on,affected_scope,500,4,0.008,0,0.0,1,individual_user,0.584
flag_13,eda_duration,haiku,skill_on,assignment_handoff,500,2,0.004,0,0.0,1,True,0.878
flag_13,eda_duration,haiku,skill_on,caller_profile,500,4,0.008,0,0.0,1,don_goodliffe,0.286
flag_13,eda_duration,sonnet,skill_on,incident_category,500,6,0.012,0,0.0,1,database,0.272
flag_13,eda_duration,sonnet,skill_on,failure_mode,500,8,0.016,31,0.062,1,connectivity_failure,0.454
flag_13,eda_duration,sonnet,skill_on,affected_system_type,500,5,0.01,0,0.0,1,server,0.466
flag_13,eda_duration,sonnet,skill_on,incident_scope,500,3,0.006,0,0.0,1,individual_user,0.512
flag_13,eda_duration,sonnet,skill_on,resolver_matches_assignee,500,2,0.004,0,0.0,1,False,0.806
flag_13,eda_duration,sonnet,skill_on,open_hour_of_day,500,3,0.006,0,0.0,1,after_hours,0.448
flag_13,eda_duration,sonnet,skill_on,caller_type,500,2,0.004,0,0.0,1,named_user,0.766
flag_13,focus_inference,haiku,skill_off_update,has_critical_keyword,500,2,0.004,0,0.0,1,0,0.738
flag_13,focus_inference,haiku,skill_off_update,issue_type,500,7,0.014,0,0.0,1,Email,0.262
flag_13,focus_inference,haiku,skill_off_update,issue_frequency_rank,500,6,0.012,0,0.0,1,131,0.262
flag_13,focus_inference,haiku,skill_off_update,contains_outage_signal,500,2,0.004,0,0.0,1,1,0.554
flag_13,focus_inference,haiku,skill_off_update,attention_score,500,6,0.012,0,0.0,1,3,0.394
flag_13,focus_inference,sonnet,skill_off_update,topic,500,8,0.016,0,0.0,1,Database,0.272
flag_13,focus_inference,sonnet,skill_off_update,is_high_frequency_topic,500,2,0.004,0,0.0,1,Yes,0.918
flag_13,focus_inference,sonnet,skill_off_update,attention_flag,500,4,0.008,0,0.0,1,Routine,0.778
flag_13,focus_inference,haiku,skill_on_e2e,incident_category,500,8,0.016,0,0.0,1,email_service,0.266
flag_13,focus_inference,haiku,skill_on_e2e,problem_symptom,500,8,0.016,6,0.012,1,unable_to_connect,0.292
flag_13,focus_inference,haiku,skill_on_e2e,service_impact_scope,500,3,0.006,0,0.0,1,enterprise_or_system,0.626
flag_13,focus_inference,haiku,skill_on_e2e,assignment_stability,500,2,0.004,0,0.0,1,False,0.506
flag_13,focus_inference,haiku,skill_on_e2e,recurring_incident_signal,500,2,0.004,0,0.0,1,True,0.858
flag_13,focus_inference,haiku,skill_on_e2e,caller_profile,500,4,0.008,0,0.0,1,don_goodliffe,0.286
flag_13,focus_inference,haiku,skill_on_e2e,technical_handler_load,500,5,0.01,0,0.0,1,fred_luddy,0.22
flag_13,focus_inference,sonnet,skill_on_e2e,incident_category,500,7,0.014,0,0.0,1,database,0.272
flag_13,focus_inference,sonnet,skill_on_e2e,problem_type,500,7,0.014,0,0.0,1,connectivity_failure,0.46
flag_13,focus_inference,sonnet,skill_on_e2e,affected_system_scope,500,4,0.008,9,0.018,1,server_side,0.476
flag_13,focus_inference,sonnet,skill_on_e2e,scope_indicator,500,3,0.006,0,0.0,1,individual,0.544
flag_13,focus_inference,sonnet,skill_on_e2e,assigned_resolver_match,500,2,0.004,0,0.0,1,False,0.806
flag_13,focus_inference,sonnet,skill_on_e2e,recurrent_caller,500,2,0.004,0,0.0,1,True,0.898
flag_13,focus_inference,sonnet,skill_on_e2e,time_of_day_band,500,3,0.006,0,0.0,1,after_hours,0.444
flag_13,focus_inference,haiku,skill_on,incident_category,500,7,0.014,0,0.0,1,connectivity,0.308
flag_13,focus_inference,haiku,skill_on,affected_system,500,10,0.02,0,0.0,1,database_server,0.292
flag_13,focus_inference,haiku,skill_on,scope_extent,500,4,0.008,0,0.0,1,organization_wide,0.476
flag_13,focus_inference,haiku,skill_on,problem_manifestation,500,5,0.01,0,0.0,1,connectivity_loss,0.458
flag_13,focus_inference,haiku,skill_on,caller_segment,500,2,0.004,0,0.0,1,named_employee,0.768
flag_13,focus_inference,haiku,skill_on,assignment_stability,500,2,0.004,0,0.0,1,shared_handoff,0.648
flag_13,focus_inference,haiku,skill_on,recurrence_signal,500,2,0.004,0,0.0,1,True,0.59
flag_13,focus_inference,sonnet,skill_on,incident_category,500,9,0.018,0,0.0,1,database,0.272
flag_13,focus_inference,sonnet,skill_on,failure_mode,500,10,0.02,110,0.22,1,cannot_connect,0.308
flag_13,focus_inference,sonnet,skill_on,affected_component_type,500,5,0.01,1,0.002,1,server,0.472
flag_13,focus_inference,sonnet,skill_on,self_resolved,500,2,0.004,0,0.0,1,False,0.806
flag_13,focus_inference,sonnet,skill_on,cross_agent_handoff,500,2,0.004,0,0.0,1,True,0.806
flag_13,focus_inference,sonnet,skill_on,opened_time_of_day,500,3,0.006,0,0.0,1,after_hours,0.444
flag_13,focus_inference,sonnet,skill_on,caller_type,500,2,0.004,0,0.0,1,named_user,0.766
flag_13,predictive_long,haiku,skill_off_update,duration_category,500,3,0.006,0,0.0,1,medium,0.346
flag_13,predictive_long,haiku,skill_off_update,is_critical,500,2,0.004,0,0.0,1,0,0.834
flag_13,predictive_long,haiku,skill_off_update,duration_minutes,500,434,0.868,0,0.0,0,34.00,0.01
flag_13,predictive_long,haiku,skill_off_update,has_db_issue,500,2,0.004,0,0.0,1,0,0.554
flag_13,predictive_long,sonnet,skill_off_update,resolution_duration_seconds,500,425,0.85,0,0.0,0,2040,0.01
flag_13,predictive_long,sonnet,skill_off_update,resolution_duration_tier,500,4,0.008,0,0.0,1,long,0.35
flag_13,predictive_long,sonnet,skill_off_update,priority_numeric,500,4,0.008,0,0.0,1,2,0.782
flag_13,predictive_long,sonnet,skill_off_update,opened_hour,500,24,0.048,0,0.0,1,21,0.052
flag_13,predictive_long,sonnet,skill_off_update,is_off_hours_open,500,2,0.004,0,0.0,1,1,0.676
flag_13,predictive_long,sonnet,skill_off_update,assignee_avg_resolution_seconds,500,5,0.01,0,0.0,1,1841.2,0.22
flag_13,predictive_long,sonnet,skill_off_update,category_avg_resolution_seconds,500,5,0.01,0,0.0,1,1804.4,0.52
flag_13,predictive_long,sonnet,skill_off_update,is_high_severity,500,2,0.004,0,0.0,1,1,0.948
flag_13,predictive_long,haiku,skill_on_e2e,incident_type,500,7,0.014,0,0.0,1,database_connectivity,0.272
flag_13,predictive_long,haiku,skill_on_e2e,infrastructure_scope,500,3,0.006,0,0.0,1,system_wide,0.72
flag_13,predictive_long,haiku,skill_on_e2e,assigned_to_person,500,5,0.01,0,0.0,1,fred_luddy,0.22
flag_13,predictive_long,haiku,skill_on_e2e,ticket_reassignment,500,2,0.004,0,0.0,1,False,0.71
flag_13,predictive_long,haiku,skill_on_e2e,recurring_incident_signal,500,2,0.004,0,0.0,1,True,0.658
flag_13,predictive_long,haiku,skill_on_e2e,caller_type,500,2,0.004,0,0.0,1,named_user,0.766
flag_13,predictive_long,sonnet,skill_on_e2e,failure_pattern,500,7,0.014,5,0.01,1,connectivity_loss,0.438
flag_13,predictive_long,sonnet,skill_on_e2e,affected_system_scope,500,3,0.006,0,0.0,1,server_side,0.472
flag_13,predictive_long,sonnet,skill_on_e2e,reassignment_flag,500,2,0.004,0,0.0,1,True,0.806
flag_13,predictive_long,sonnet,skill_on_e2e,assigned_agent,500,5,0.01,0,0.0,1,Fred Luddy,0.22
flag_13,predictive_long,sonnet,skill_on_e2e,opened_hour_of_day,500,4,0.008,0,0.0,1,off_hours_1700_2359,0.412
flag_13,predictive_long,sonnet,skill_on_e2e,caller_type,500,2,0.004,0,0.0,1,named_user,0.766
flag_13,predictive_long,haiku,skill_on,problem_category,500,10,0.02,0,0.0,1,database_connectivity,0.272
flag_13,predictive_long,haiku,skill_on,technician_consistency,500,2,0.004,0,0.0,1,False,0.758
flag_13,predictive_long,haiku,skill_on,severity_signal_from_description,500,4,0.008,0,0.0,1,medium_access_issue,0.526
flag_13,predictive_long,haiku,skill_on,caller_type,500,2,0.004,0,0.0,1,named_user,0.766
flag_13,predictive_long,haiku,skill_on,infrastructure_dependency,500,4,0.008,0,0.0,1,network_layer,0.384
flag_13,predictive_long,haiku,skill_on,service_scope,500,4,0.008,0,0.0,1,infrastructure_wide,0.546
flag_13,predictive_long,sonnet,skill_on,incident_category,500,5,0.01,27,0.054,1,database,0.272
flag_13,predictive_long,sonnet,skill_on,issue_symptom_type,500,8,0.016,0,0.0,1,cannot_connect,0.302
flag_13,predictive_long,sonnet,skill_on,affected_system_scope,500,3,0.006,0,0.0,1,server_side,0.472
flag_13,predictive_long,sonnet,skill_on,assigned_to_agent,500,5,0.01,0,0.0,1,Fred Luddy,0.22
flag_13,predictive_long,sonnet,skill_on,cross_agent_handoff,500,2,0.004,0,0.0,1,True,0.806
flag_13,predictive_long,sonnet,skill_on,opened_hour_of_day,500,3,0.006,0,0.0,1,business_hours_0800_1700,0.38
flag_13,predictive_long,sonnet,skill_on,scope_indicator,500,3,0.006,0,0.0,1,individual,0.526
flag_13,predictive_long,sonnet,skill_on,caller_identity,500,4,0.008,0,0.0,1,Don Goodliffe,0.286
flag_13,whatif_duration,haiku,skill_off_update,operational_burden,500,8,0.016,0,0.0,1,Database,0.272
flag_13,whatif_duration,haiku,skill_off_update,burden_reduction_percent,500,8,0.016,0,0.0,1,32.0,0.272
flag_13,whatif_duration,haiku,skill_off_update,estimated_duration_reduction_minutes,500,427,0.854,0,0.0,0,15.32,0.008
flag_13,whatif_duration,sonnet,skill_off_update,burden_type,500,7,0.014,0,0.0,1,Database_access,0.272
flag_13,whatif_duration,sonnet,skill_off_update,resolution_duration_minutes,500,445,0.89,0,0.0,0,34.0,0.01
flag_13,whatif_duration,sonnet,skill_off_update,is_top_burden,500,2,0.004,0,0.0,1,yes,0.54
flag_13,whatif_duration,haiku,skill_on_e2e,primary_issue_category,500,9,0.018,0,0.0,1,email_service,0.268
flag_13,whatif_duration,haiku,skill_on_e2e,operational_burden_root_cause,500,7,0.014,0,0.0,1,authentication_failure,0.334
flag_13,whatif_duration,haiku,skill_on_e2e,user_impact_scope,500,5,0.01,0,0.0,1,organization_wide,0.622
flag_13,whatif_duration,haiku,skill_on_e2e,resolution_pathway_type,500,3,0.006,0,0.0,1,cross_team_handoff,0.592
flag_13,whatif_duration,haiku,skill_on_e2e,severity_indicator,500,4,0.008,0,0.0,1,individual_access_denied,0.464
flag_13,whatif_duration,haiku,skill_on_e2e,incident_recurrence_pattern,500,2,0.004,0,0.0,1,singleton_first_occurrence,0.572
flag_13,whatif_duration,haiku,skill_on_e2e,assignment_team,500,5,0.01,0,0.0,1,Fred_Luddy,0.22
flag_13,whatif_duration,haiku,skill_on_e2e,known_workaround_availability,500,2,0.004,100,0.2,1,True,0.8
flag_13,whatif_duration,sonnet,skill_on_e2e,incident_category,500,7,0.014,0,0.0,1,database,0.272
flag_13,whatif_duration,sonnet,skill_on_e2e,is_recurrent_burden_type,500,2,0.004,0,0.0,1,True,0.928
flag_13,whatif_duration,sonnet,skill_on_e2e,incident_symptom_type,500,8,0.016,0,0.0,1,cannot_connect,0.308
flag_13,whatif_duration,sonnet,skill_on_e2e,affected_system_scope,500,4,0.008,3,0.006,1,server_side,0.476
flag_13,whatif_duration,sonnet,skill_on_e2e,reassignment_flag,500,2,0.004,0,0.0,1,True,0.8
flag_13,whatif_duration,sonnet,skill_on_e2e,opened_hour_bucket,500,3,0.006,0,0.0,1,after_hours,0.436
flag_13,whatif_duration,sonnet,skill_on_e2e,caller_type,500,2,0.004,0,0.0,1,named_user,0.766
flag_13,whatif_duration,sonnet,skill_on_e2e,scope_indicator,500,3,0.006,0,0.0,1,individual,0.61
flag_13,whatif_duration,haiku,skill_on,primary_issue_category,500,7,0.014,0,0.0,1,database_access,0.272
flag_13,whatif_duration,haiku,skill_on,burden_intensity,500,3,0.006,0,0.0,1,system_level,0.494
flag_13,whatif_duration,haiku,skill_on,assignment_stability,500,2,0.004,0,0.0,1,False,0.72
flag_13,whatif_duration,haiku,skill_on,caller_engagement_pattern,500,3,0.006,0,0.0,1,internal_user,0.544
flag_13,whatif_duration,haiku,skill_on,assigned_technician_expertise_alignment,500,2,0.004,0,0.0,1,aligned,0.794
flag_13,whatif_duration,sonnet,skill_on,incident_category,500,8,0.016,0,0.0,1,database,0.27
flag_13,whatif_duration,sonnet,skill_on,failure_mode,500,8,0.016,1,0.002,1,connectivity_failure,0.454
flag_13,whatif_duration,sonnet,skill_on,affected_system_component,500,6,0.012,0,0.0,1,database_server,0.272
flag_13,whatif_duration,sonnet,skill_on,reassignment_indicator,500,2,0.004,0,0.0,1,True,0.8
flag_13,whatif_duration,sonnet,skill_on,off_hours_open,500,2,0.004,0,0.0,1,False,0.69
flag_13,whatif_duration,sonnet,skill_on,recurrence_signal,500,2,0.004,0,0.0,1,True,0.99
flag_13,whatif_duration,sonnet,skill_on,recurring_caller_pattern,500,4,0.008,0,0.0,1,don_goodliffe,0.286
flag_19,causal_department,haiku,skill_off_update,department_decline_rate,500,7,0.014,0,0.0,1,0.0599250936329588,0.534
flag_19,causal_department,haiku,skill_off_update,department_avg_amount,500,7,0.014,0,0.0,1,4296.831460674157,0.534
flag_19,causal_department,haiku,skill_off_update,is_declined,500,2,0.004,0,0.0,1,0,0.908
flag_19,causal_department,sonnet,skill_off_update,is_declined,500,2,0.004,0,0.0,1,0,0.908
flag_19,causal_department,sonnet,skill_off_update,has_source_id,500,2,0.004,0,0.0,1,1,0.778
flag_19,causal_department,sonnet,skill_off_update,dept_total_count,500,7,0.014,0,0.0,1,267,0.534
flag_19,causal_department,sonnet,skill_off_update,dept_declined_count,500,6,0.012,0,0.0,1,16,0.534
flag_19,causal_department,sonnet,skill_off_update,dept_decline_rate,500,7,0.014,0,0.0,1,0.0599,0.534
flag_19,causal_department,sonnet,skill_off_update,processing_days,500,209,0.418,167,0.334,0,,0.334
flag_19,causal_department,haiku,skill_on_e2e,asset_or_service_type,500,12,0.024,2,0.004,1,hardware_laptop,0.44
flag_19,causal_department,haiku,skill_on_e2e,request_generation_mode,500,2,0.004,0,0.0,1,automated_system_generated,0.538
flag_19,causal_department,haiku,skill_on_e2e,departmental_it_maturity,500,6,0.012,0,0.0,1,customer_support,0.534
flag_19,causal_department,haiku,skill_on_e2e,primary_requestor_user_patterns,500,3,0.006,100,0.2,1,low_frequency_submitter,0.79
flag_19,causal_department,haiku,skill_on_e2e,source_system_origin,500,2,0.004,0,0.0,1,has_source_id,0.776
flag_19,causal_department,sonnet,skill_on_e2e,asset_form_factor,500,7,0.014,31,0.062,1,laptop,0.448
flag_19,causal_department,sonnet,skill_on_e2e,expense_action_type,500,5,0.01,0,0.0,1,new_acquisition,0.638
flag_19,causal_department,sonnet,skill_on_e2e,record_origin_method,500,2,0.004,0,0.0,1,manual_entry,0.688
flag_19,causal_department,sonnet,skill_on_e2e,is_travel_related,500,2,0.004,0,0.0,1,False,0.812
flag_19,causal_department,sonnet,skill_on_e2e,high_value_asset_indicator,500,2,0.004,0,0.0,1,True,0.57
flag_19,causal_department,sonnet,skill_on_e2e,has_source_id,500,2,0.004,0,0.0,1,True,0.776
flag_19,causal_department,sonnet,skill_on_e2e,repeat_user_submission,500,2,0.004,0,0.0,1,False,0.926
flag_19,causal_department,haiku,skill_on,asset_category_type,500,5,0.01,2,0.004,1,hardware_device,0.704
flag_19,causal_department,haiku,skill_on,approval_automation_level,500,2,0.004,0,0.0,1,auto_generated_manual_review,0.692
flag_19,causal_department,haiku,skill_on,business_purpose_classification,500,5,0.01,0,0.0,1,employee_equipment,0.476
flag_19,causal_department,haiku,skill_on,item_portability_or_mobility,500,3,0.006,0,0.0,1,portable,0.582
flag_19,causal_department,haiku,skill_on,vendor_or_manufacturer_class,500,5,0.01,4,0.008,1,major_enterprise_vendor,0.762
flag_19,causal_department,sonnet,skill_on,asset_category,500,7,0.014,2,0.004,1,hardware_endpoint,0.614
flag_19,causal_department,sonnet,skill_on,asset_action_type,500,6,0.012,0,0.0,1,registration,0.728
flag_19,causal_department,sonnet,skill_on,entry_generation_method,500,2,0.004,0,0.0,1,manually_entered,0.688
flag_19,causal_department,sonnet,skill_on,source_id_present,500,2,0.004,0,0.0,1,True,0.776
flag_19,causal_department,sonnet,skill_on,processing_lag_present,500,2,0.004,0,0.0,1,True,0.662
flag_19,causal_department,sonnet,skill_on,ci_identifier_quality,500,3,0.006,0,0.0,1,named_model,0.752
flag_19,causal_department,sonnet,skill_on,vendor_brand,500,7,0.014,0,0.0,1,Dell,0.516
flag_19,causal_department,sonnet,skill_on,repeat_user_pattern,500,2,0.004,0,0.0,1,False,0.754
flag_19,causal_reduce,haiku,skill_off_update,missing_source_id,500,2,0.004,0,0.0,1,0,0.778
flag_19,causal_reduce,haiku,skill_off_update,missing_processed_date,500,2,0.004,0,0.0,1,0,0.666
flag_19,causal_reduce,haiku,skill_off_update,processed_date_dt,500,334,0.668,167,0.334,0,,0.334
flag_19,causal_reduce,haiku,skill_off_update,processing_delay_days,500,23,0.046,167,0.334,1,,0.334
flag_19,causal_reduce,haiku,skill_off_update,is_high_amount,500,2,0.004,0,0.0,1,0,0.75
flag_19,causal_reduce,haiku,skill_off_update,high_risk_department,500,2,0.004,0,0.0,1,0,0.842
flag_19,causal_reduce,haiku,skill_off_update,high_risk_category,500,2,0.004,0,0.0,1,0,0.778
flag_19,causal_reduce,sonnet,skill_off_update,missing_source_id,500,2,0.004,0,0.0,1,0,0.778
flag_19,causal_reduce,sonnet,skill_off_update,amount_bracket,500,3,0.006,0,0.0,1,Medium,0.454
flag_19,causal_reduce,sonnet,skill_off_update,processing_lag_days,500,209,0.418,0,0.0,0,-1,0.334
flag_19,causal_reduce,sonnet,skill_off_update,user_decline_rate,500,15,0.03,0,0.0,1,0.0,0.488
flag_19,causal_reduce,sonnet,skill_off_update,category_decline_rate,500,4,0.008,0,0.0,1,0.0871,0.62
flag_19,causal_reduce,sonnet,skill_off_update,department_decline_rate,500,7,0.014,0,0.0,1,0.0599,0.534
flag_19,causal_reduce,haiku,skill_on_e2e,asset_type_category,500,5,0.01,0,0.0,1,hardware_equipment,0.686
flag_19,causal_reduce,haiku,skill_on_e2e,submission_intent_clarity,500,4,0.008,0,0.0,1,explicit_purchase_request,0.396
flag_19,causal_reduce,haiku,skill_on_e2e,asset_specificity_flag,500,2,0.004,0,0.0,1,True,0.84
flag_19,causal_reduce,haiku,skill_on_e2e,department_risk_profile,500,7,0.014,0,0.0,1,customer_support,0.534
flag_19,causal_reduce,haiku,skill_on_e2e,travel_vs_standard_asset,500,2,0.004,0,0.0,1,False,0.814
flag_19,causal_reduce,sonnet,skill_on_e2e,asset_category_type,500,4,0.008,0,0.0,1,hardware,0.634
flag_19,causal_reduce,sonnet,skill_on_e2e,asset_subtype,500,8,0.016,3,0.006,1,laptop,0.436
flag_19,causal_reduce,sonnet,skill_on_e2e,is_travel_related,500,2,0.004,0,0.0,1,False,0.814
flag_19,causal_reduce,sonnet,skill_on_e2e,entry_origin,500,3,0.006,0,0.0,1,manual_entry,0.648
flag_19,causal_reduce,sonnet,skill_on_e2e,submission_action_type,500,5,0.01,0,0.0,1,registration,0.746
flag_19,causal_reduce,sonnet,skill_on_e2e,has_source_id,500,2,0.004,0,0.0,1,True,0.776
flag_19,causal_reduce,sonnet,skill_on_e2e,processing_lag_band,500,5,0.01,0,0.0,1,not_processed,0.334
flag_19,causal_reduce,sonnet,skill_on_e2e,ci_identifier_quality,500,4,0.008,0,0.0,1,well_formed_model_name,0.582
flag_19,causal_reduce,sonnet,skill_on_e2e,description_specificity,500,3,0.006,0,0.0,1,specific_asset_named,0.546
flag_19,causal_reduce,sonnet,skill_on_e2e,vendor_brand,500,10,0.02,3,0.006,1,dell,0.516
flag_19,causal_reduce,sonnet,skill_on_e2e,submitting_department,500,7,0.014,0,0.0,1,Customer_Support,0.534
flag_19,causal_reduce,haiku,skill_on,asset_type_category,500,8,0.016,0,0.0,1,hardware_laptop,0.436
flag_19,causal_reduce,haiku,skill_on,expense_creation_mechanism,500,3,0.006,0,0.0,1,manually_submitted,0.508
flag_19,causal_reduce,haiku,skill_on,department_requestor,500,7,0.014,0,0.0,1,Customer Support,0.534
flag_19,causal_reduce,haiku,skill_on,expense_travel_related_flag,500,2,0.004,0,0.0,1,False,0.814
flag_19,causal_reduce,haiku,skill_on,expense_description_completeness,500,4,0.008,0,0.0,1,moderate_detail,0.638
flag_19,causal_reduce,haiku,skill_on,source_id_completeness,500,2,0.004,0,0.0,1,True,0.774
flag_19,causal_reduce,sonnet,skill_on,expense_action_type,500,7,0.014,0,0.0,1,auto_generated,0.312
flag_19,causal_reduce,sonnet,skill_on,asset_category,500,9,0.018,3,0.006,1,hardware_laptop,0.41
flag_19,causal_reduce,sonnet,skill_on,submission_origin,500,3,0.006,0,0.0,1,manual_submission,0.642
flag_19,causal_reduce,sonnet,skill_on,travel_flag,500,2,0.004,0,0.0,1,False,0.812
flag_19,causal_reduce,sonnet,skill_on,has_source_id,500,2,0.004,0,0.0,1,True,0.776
flag_19,causal_reduce,sonnet,skill_on,ci_documentation_quality,500,5,0.01,0,0.0,1,specific_model_name,0.57
flag_19,causal_reduce,sonnet,skill_on,ci_asset_type_mismatch,500,2,0.004,0,0.0,1,False,0.994
flag_19,causal_reduce,sonnet,skill_on,asset_vendor,500,9,0.018,3,0.006,1,dell,0.516
flag_19,causal_reduce,sonnet,skill_on,submitting_department,500,7,0.014,0,0.0,1,Customer Support,0.534
flag_19,causal_reduce,sonnet,skill_on,repeat_submitter,500,2,0.004,0,0.0,1,True,0.63
flag_19,concept_attribute_declined,haiku,skill_off_update,decline_reason,500,5,0.01,0,0.0,1,Asset_Approval_Process,0.616
flag_19,concept_attribute_declined,haiku,skill_off_update,compliance_risk,500,17,0.034,0,0.0,1,High_Value_Approval|Asset_Tracking_Required,0.308
flag_19,concept_attribute_declined,haiku,skill_off_update,is_declined,500,2,0.004,0,0.0,1,0,0.908
flag_19,concept_attribute_declined,sonnet,skill_off_update,decline_reason_flags,500,16,0.032,454,0.908,1,N/A,0.908
flag_19,concept_attribute_declined,sonnet,skill_off_update,compliance_risk_level,500,4,0.008,454,0.908,1,N/A,0.908
flag_19,concept_attribute_declined,sonnet,skill_off_update,compliance_category,500,4,0.008,454,0.908,1,N/A,0.908
flag_19,concept_attribute_declined,haiku,skill_on_e2e,asset_type_category,500,4,0.008,0,0.0,1,hardware_device,0.696
flag_19,concept_attribute_declined,haiku,skill_on_e2e,request_generation_mode,500,2,0.004,0,0.0,1,automatically_generated,0.562
flag_19,concept_attribute_declined,haiku,skill_on_e2e,processing_completion_signal,500,2,0.004,0,0.0,1,False,0.61
flag_19,concept_attribute_declined,haiku,skill_on_e2e,source_id_documentation,500,2,0.004,0,0.0,1,False,0.522
flag_19,concept_attribute_declined,haiku,skill_on_e2e,duplicate_submission_risk,500,3,0.006,200,0.4,1,False,0.572
flag_19,concept_attribute_declined,haiku,skill_on_e2e,travel_asset_flag,500,2,0.004,0,0.0,1,False,0.814
flag_19,concept_attribute_declined,haiku,skill_on_e2e,requesting_department,500,7,0.014,0,0.0,1,customer_support,0.534
flag_19,concept_attribute_declined,sonnet,skill_on_e2e,asset_category,500,4,0.008,0,0.0,1,hardware,0.63
flag_19,concept_attribute_declined,sonnet,skill_on_e2e,asset_form_factor,500,9,0.018,4,0.008,1,laptop,0.436
flag_19,concept_attribute_declined,sonnet,skill_on_e2e,expense_action_type,500,6,0.012,0,0.0,1,registration_addition,0.516
flag_19,concept_attribute_declined,sonnet,skill_on_e2e,entry_origin,500,2,0.004,0,0.0,1,manual,0.688
flag_19,concept_attribute_declined,sonnet,skill_on_e2e,source_id_present,500,2,0.004,0,0.0,1,True,0.776
flag_19,concept_attribute_declined,sonnet,skill_on_e2e,vendor_brand,500,7,0.014,0,0.0,1,Dell,0.516
flag_19,concept_attribute_declined,sonnet,skill_on_e2e,luxury_or_policy_sensitive_item,500,2,0.004,0,0.0,1,False,0.986
flag_19,concept_attribute_declined,sonnet,skill_on_e2e,processing_lag_bucket,500,5,0.01,0,0.0,1,not_processed,0.334
flag_19,concept_attribute_declined,sonnet,skill_on_e2e,description_specificity,500,3,0.006,0,0.0,1,specific_model_identified,0.688
flag_19,concept_attribute_declined,haiku,skill_on,asset_type_category,500,5,0.01,0,0.0,1,hardware_device,0.668
flag_19,concept_attribute_declined,haiku,skill_on,asset_provisioning_mode,500,3,0.006,0,0.0,1,automatically_generated,0.484
flag_19,concept_attribute_declined,haiku,skill_on,travel_related,500,2,0.004,0,0.0,1,False,0.814
flag_19,concept_attribute_declined,haiku,skill_on,requesting_department,500,7,0.014,0,0.0,1,Customer_Support,0.534
flag_19,concept_attribute_declined,haiku,skill_on,hardware_vendor,500,7,0.014,40,0.08,1,Dell,0.518
flag_19,concept_attribute_declined,haiku,skill_on,service_type,500,5,0.01,0,0.0,1,other_service,0.686
flag_19,concept_attribute_declined,haiku,skill_on,source_id_present,500,2,0.004,0,0.0,1,True,0.774
flag_19,concept_attribute_declined,sonnet,skill_on,asset_category,500,8,0.016,0,0.0,1,hardware_laptop,0.41
flag_19,concept_attribute_declined,sonnet,skill_on,expense_action_type,500,7,0.014,0,0.0,1,registration,0.336
flag_19,concept_attribute_declined,sonnet,skill_on,entry_origin,500,3,0.006,0,0.0,1,manual_acquisition,0.626
flag_19,concept_attribute_declined,sonnet,skill_on,travel_expense_flag,500,2,0.004,0,0.0,1,False,0.812
flag_19,concept_attribute_declined,sonnet,skill_on,source_id_missing,500,2,0.004,0,0.0,1,False,0.778
flag_19,concept_attribute_declined,sonnet,skill_on,asset_vendor,500,9,0.018,0,0.0,1,dell,0.518
flag_19,concept_attribute_declined,sonnet,skill_on,ci_id_quality,500,3,0.006,0,0.0,1,canonical_model_name,0.732
flag_19,concept_attribute_declined,sonnet,skill_on,department_submitter,500,7,0.014,0,0.0,1,Customer_Support,0.534
flag_19,eda_declined,haiku,skill_off_update,is_declined,500,2,0.004,0,0.0,1,0,0.908
flag_19,eda_declined,haiku,skill_off_update,expense_amount_bucket,500,3,0.006,0,0.0,1,High,0.416
flag_19,eda_declined,haiku,skill_off_update,category_type,500,4,0.008,0,0.0,1,Hardware,0.62
flag_19,eda_declined,haiku,skill_off_update,dept_decline_rate,500,7,0.014,0,0.0,1,6.0,0.534
flag_19,eda_declined,sonnet,skill_off_update,is_declined,500,2,0.004,0,0.0,1,0,0.908
flag_19,eda_declined,sonnet,skill_off_update,amount_bucket,500,3,0.006,0,0.0,1,medium,0.472
flag_19,eda_declined,sonnet,skill_off_update,dept_decline_rate,500,7,0.014,0,0.0,1,0.0599,0.534
flag_19,eda_declined,sonnet,skill_off_update,category_decline_rate,500,4,0.008,0,0.0,1,0.0871,0.62
flag_19,eda_declined,sonnet,skill_off_update,dept_category_decline_rate,500,13,0.026,0,0.0,1,0.0485,0.33
flag_19,eda_declined,sonnet,skill_off_update,high_decline_risk,500,2,0.004,0,0.0,1,0,0.91
flag_19,eda_declined,haiku,skill_on_e2e,asset_category_type,500,7,0.014,0,0.0,1,laptop,0.444
flag_19,eda_declined,haiku,skill_on_e2e,department_context,500,7,0.014,0,0.0,1,customer_support,0.534
flag_19,eda_declined,haiku,skill_on_e2e,asset_acquisition_mechanism,500,7,0.014,1,0.002,1,auto_generated_record,0.382
flag_19,eda_declined,haiku,skill_on_e2e,asset_brand_commonality,500,7,0.014,0,0.0,1,dell,0.516
flag_19,eda_declined,sonnet,skill_on_e2e,asset_category,500,9,0.018,4,0.008,1,hardware_laptop,0.446
flag_19,eda_declined,sonnet,skill_on_e2e,asset_brand,500,10,0.02,4,0.008,1,Dell,0.518
flag_19,eda_declined,sonnet,skill_on_e2e,is_travel_related,500,2,0.004,0,0.0,1,False,0.812
flag_19,eda_declined,sonnet,skill_on_e2e,record_origin,500,2,0.004,0,0.0,1,manually_entered,0.688
flag_19,eda_declined,sonnet,skill_on_e2e,has_source_id,500,2,0.004,0,0.0,1,True,0.776
flag_19,eda_declined,sonnet,skill_on_e2e,is_luxury_or_premium,500,2,0.004,0,0.0,1,False,0.976
flag_19,eda_declined,sonnet,skill_on_e2e,asset_purpose_context,500,5,0.01,0,0.0,1,general_procurement,0.644
flag_19,eda_declined,sonnet,skill_on_e2e,department_group,500,7,0.014,0,0.0,1,Customer_Support,0.534
flag_19,eda_declined,haiku,skill_on,asset_type_category,500,8,0.016,0,0.0,1,laptop,0.444
flag_19,eda_declined,haiku,skill_on,department_name,500,7,0.014,0,0.0,1,Customer Support,0.534
flag_19,eda_declined,haiku,skill_on,expense_purpose_intent,500,5,0.01,0,0.0,1,hardware_acquisition,0.688
flag_19,eda_declined,haiku,skill_on,expense_abstraction_level,500,4,0.008,0,0.0,1,specific_named_item,0.69
flag_19,eda_declined,haiku,skill_on,procurement_metadata_completeness,500,2,0.004,0,0.0,1,has_source_id,0.776
flag_19,eda_declined,haiku,skill_on,processing_latency_flag,500,3,0.006,0,0.0,1,processed_multi_day,0.454
flag_19,eda_declined,sonnet,skill_on,expense_sub_type,500,4,0.008,0,0.0,1,asset_acquisition,0.652
flag_19,eda_declined,sonnet,skill_on,asset_type,500,8,0.016,4,0.008,1,laptop,0.428
flag_19,eda_declined,sonnet,skill_on,travel_related,500,2,0.004,0,0.0,1,False,0.812
flag_19,eda_declined,sonnet,skill_on,high_value_indicator,500,2,0.004,0,0.0,1,False,0.948
flag_19,eda_declined,sonnet,skill_on,vendor_brand,500,9,0.018,3,0.006,1,Dell,0.518
flag_19,eda_declined,sonnet,skill_on,entry_origin,500,2,0.004,0,0.0,1,manual_submission,0.684
flag_19,eda_declined,sonnet,skill_on,ci_specificity,500,4,0.008,0,0.0,1,named_product_model,0.592
flag_19,eda_declined,sonnet,skill_on,source_id_present,500,2,0.004,0,0.0,1,True,0.776
flag_19,focus_inference,haiku,skill_off_update,amount_tier,500,4,0.008,0,0.0,1,low,0.36
flag_19,focus_inference,haiku,skill_off_update,processing_delay_days,500,23,0.046,167,0.334,1,,0.334
flag_19,focus_inference,haiku,skill_off_update,is_pending_or_declined,500,2,0.004,0,0.0,1,0,0.666
flag_19,focus_inference,haiku,skill_off_update,high_risk_indicator,500,2,0.004,0,0.0,1,0,0.566
flag_19,focus_inference,sonnet,skill_off_update,amount_tier,500,3,0.006,0,0.0,1,Low,0.334
flag_19,focus_inference,sonnet,skill_off_update,processing_lag_days,500,2,0.004,394,0.788,1,,0.788
flag_19,focus_inference,sonnet,skill_off_update,missing_source_id,500,2,0.004,0,0.0,1,No,0.778
flag_19,focus_inference,sonnet,skill_off_update,submitter_expense_count,500,14,0.028,0,0.0,1,8,0.192
flag_19,focus_inference,haiku,skill_on_e2e,asset_type_category,500,4,0.008,0,0.0,1,hardware_device,0.696
flag_19,focus_inference,haiku,skill_on_e2e,asset_physical_form,500,8,0.016,2,0.004,1,laptop,0.444
flag_19,focus_inference,haiku,skill_on_e2e,hardware_brand,500,12,0.024,53,0.106,1,Dell,0.516
flag_19,focus_inference,haiku,skill_on_e2e,asset_purpose_context,500,5,0.01,0,0.0,1,employee_workstation,0.578
flag_19,focus_inference,haiku,skill_on_e2e,record_generation_mode,500,2,0.004,0,0.0,1,automated_system_generated,0.674
flag_19,focus_inference,haiku,skill_on_e2e,external_reference_traceability,500,2,0.004,0,0.0,1,True,0.772
flag_19,focus_inference,sonnet,skill_on_e2e,asset_category,500,7,0.014,3,0.006,1,hardware_laptop,0.412
flag_19,focus_inference,sonnet,skill_on_e2e,asset_brand,500,10,0.02,2,0.004,1,Dell,0.518
flag_19,focus_inference,sonnet,skill_on_e2e,asset_form_factor,500,9,0.018,4,0.008,1,laptop,0.448
flag_19,focus_inference,sonnet,skill_on_e2e,service_asset_subtype,500,10,0.02,418,0.836,1,,0.692
flag_19,focus_inference,sonnet,skill_on_e2e,is_travel_related,500,2,0.004,0,0.0,1,False,0.812
flag_19,focus_inference,sonnet,skill_on_e2e,record_origin,500,4,0.008,0,0.0,1,manual,0.62
flag_19,focus_inference,sonnet,skill_on_e2e,has_source_id,500,2,0.004,0,0.0,1,True,0.778
flag_19,focus_inference,sonnet,skill_on_e2e,ci_identifier_quality,500,4,0.008,0,0.0,1,specific_model,0.562
flag_19,focus_inference,sonnet,skill_on_e2e,processing_lag_bucket,500,4,0.008,0,0.0,1,over_week,0.368
flag_19,focus_inference,sonnet,skill_on_e2e,department_category,500,7,0.014,0,0.0,1,Customer Support,0.534
flag_19,focus_inference,sonnet,skill_on_e2e,high_volume_user,500,2,0.004,0,0.0,1,False,0.738
flag_19,focus_inference,haiku,skill_on,asset_category_type,500,8,0.016,2,0.004,1,hardware_laptop,0.44
flag_19,focus_inference,haiku,skill_on,provisioning_pattern,500,6,0.012,0,0.0,1,automatic_generation,0.32
flag_19,focus_inference,haiku,skill_on,device_brand_vendor,500,11,0.022,0,0.0,1,Dell,0.516
flag_19,focus_inference,haiku,skill_on,asset_lifecycle_stage,500,5,0.01,0,0.0,1,registration,0.436
flag_19,focus_inference,haiku,skill_on,data_completeness_flag,500,3,0.006,0,0.0,1,complete_record,0.704
flag_19,focus_inference,sonnet,skill_on,asset_category,500,9,0.018,4,0.008,1,hardware_compute,0.578
flag_19,focus_inference,sonnet,skill_on,asset_brand,500,10,0.02,20,0.04,1,Dell,0.518
flag_19,focus_inference,sonnet,skill_on,asset_form_factor,500,9,0.018,4,0.008,1,laptop,0.45
flag_19,focus_inference,sonnet,skill_on,asset_action_type,500,7,0.014,0,0.0,1,registration_tracking,0.502
flag_19,focus_inference,sonnet,skill_on,is_travel_related,500,2,0.004,0,0.0,1,False,0.812
flag_19,focus_inference,sonnet,skill_on,record_generation_method,500,2,0.004,0,0.0,1,manual_entry,0.688
flag_19,focus_inference,sonnet,skill_on,processing_lag_band,500,5,0.01,0,0.0,1,not_processed,0.334
flag_19,focus_inference,sonnet,skill_on,has_source_id,500,2,0.004,0,0.0,1,True,0.778
flag_19,focus_inference,sonnet,skill_on,is_non_standard_item,500,2,0.004,0,0.0,1,False,0.806
flag_19,predictive_declined,haiku,skill_off_update,missing_source_id,500,2,0.004,0,0.0,1,0,0.778
flag_19,predictive_declined,haiku,skill_off_update,missing_processed_date,500,2,0.004,0,0.0,1,0,0.666
flag_19,predictive_declined,haiku,skill_off_update,is_pending,500,2,0.004,0,0.0,1,0,0.84
flag_19,predictive_declined,haiku,skill_off_update,is_submitted,500,2,0.004,0,0.0,1,0,0.918
flag_19,predictive_declined,haiku,skill_off_update,is_it_department,500,2,0.004,0,0.0,1,0,0.914
flag_19,predictive_declined,haiku,skill_off_update,is_travel_category,500,2,0.004,0,0.0,1,0,0.812
flag_19,predictive_declined,haiku,skill_off_update,amount_is_low,500,2,0.004,0,0.0,1,0,0.954
flag_19,predictive_declined,haiku,skill_off_update,amount_is_high,500,2,0.004,0,0.0,1,0,0.784
flag_19,predictive_declined,haiku,skill_off_update,processing_delay_days,500,23,0.046,0,0.0,1,999.0,0.334
flag_19,predictive_declined,haiku,skill_off_update,risk_score,500,18,0.036,0,0.0,1,0.0,0.282
flag_19,predictive_declined,sonnet,skill_off_update,missing_source_id,500,2,0.004,0,0.0,1,0,0.778
flag_19,predictive_declined,sonnet,skill_off_update,missing_processed_date,500,2,0.004,0,0.0,1,0,0.666
flag_19,predictive_declined,sonnet,skill_off_update,high_risk_dept_category,500,2,0.004,0,0.0,1,0,0.732
flag_19,predictive_declined,sonnet,skill_off_update,high_risk_user,500,2,0.004,0,0.0,1,0,0.902
flag_19,predictive_declined,sonnet,skill_off_update,decline_risk_score,500,5,0.01,0,0.0,1,0,0.488
flag_19,predictive_declined,haiku,skill_on_e2e,asset_type_category,500,5,0.01,0,0.0,1,hardware_device,0.662
flag_19,predictive_declined,haiku,skill_on_e2e,record_generation_mode,500,4,0.008,0,0.0,1,automatically_generated,0.484
flag_19,predictive_declined,haiku,skill_on_e2e,asset_purpose_intent,500,6,0.012,2,0.004,1,office_operations,0.624
flag_19,predictive_declined,haiku,skill_on_e2e,department_initiating,500,7,0.014,0,0.0,1,customer_support,0.534
flag_19,predictive_declined,haiku,skill_on_e2e,source_id_governance,500,2,0.004,0,0.0,1,True,0.766
flag_19,predictive_declined,haiku,skill_on_e2e,processing_lag_risk,500,5,0.01,97,0.194,1,one_to_three_days,0.4
flag_19,predictive_declined,haiku,skill_on_e2e,record_description_clarity,500,4,0.008,0,0.0,1,specific_model_identifiable,0.624
flag_19,predictive_declined,haiku,skill_on_e2e,travel_expense_indicator,500,2,0.004,0,0.0,1,False,0.814
flag_19,predictive_declined,sonnet,skill_on_e2e,asset_category_type,500,8,0.016,3,0.006,1,hardware_endpoint,0.598
flag_19,predictive_declined,sonnet,skill_on_e2e,source_id_present,500,2,0.004,0,0.0,1,True,0.776
flag_19,predictive_declined,sonnet,skill_on_e2e,ci_identifier_quality,500,4,0.008,0,0.0,1,descriptive_name,0.692
flag_19,predictive_declined,sonnet,skill_on_e2e,asset_brand,500,9,0.018,3,0.006,1,Dell,0.518
flag_19,predictive_declined,sonnet,skill_on_e2e,miscellaneous_flag,500,2,0.004,0,0.0,1,False,0.966
flag_19,predictive_declined,sonnet,skill_on_e2e,travel_related,500,2,0.004,0,0.0,1,False,0.812
flag_19,predictive_declined,sonnet,skill_on_e2e,processed_date_present,500,2,0.004,0,0.0,1,True,0.666
flag_19,predictive_declined,haiku,skill_on,asset_type_category,500,4,0.008,0,0.0,1,hardware,0.684
flag_19,predictive_declined,haiku,skill_on,asset_criticality,500,6,0.012,1,0.002,1,portable_mobile,0.492
flag_19,predictive_declined,haiku,skill_on,asset_brand_tier,500,6,0.012,0,0.0,1,dell_standard,0.494
flag_19,predictive_declined,haiku,skill_on,requester_department,500,7,0.014,0,0.0,1,Customer_Support,0.534
flag_19,predictive_declined,haiku,skill_on,is_travel_related,500,2,0.004,0,0.0,1,False,0.81
flag_19,predictive_declined,haiku,skill_on,has_source_id,500,2,0.004,0,0.0,1,True,0.774
flag_19,predictive_declined,sonnet,skill_on,asset_form_factor,500,7,0.014,3,0.006,1,laptop,0.448
flag_19,predictive_declined,sonnet,skill_on,asset_brand,500,8,0.016,3,0.006,1,Dell,0.518
flag_19,predictive_declined,sonnet,skill_on,entry_origin,500,3,0.006,0,0.0,1,manual,0.646
flag_19,predictive_declined,sonnet,skill_on,description_specificity,500,3,0.006,0,0.0,1,specific_model_and_purpose,0.538
flag_19,predictive_declined,sonnet,skill_on,ci_specificity,500,4,0.008,0,0.0,1,named_model,0.59
flag_19,predictive_declined,sonnet,skill_on,has_source_id,500,2,0.004,0,0.0,1,True,0.776
flag_19,predictive_declined,sonnet,skill_on,processing_lag_bucket,500,5,0.01,0,0.0,1,not_processed,0.334
flag_19,predictive_declined,sonnet,skill_on,is_luxury_or_premium_item,500,2,0.004,0,0.0,1,False,0.982
flag_19,predictive_declined,sonnet,skill_on,department_group,500,7,0.014,0,0.0,1,Customer Support,0.534
flag_2,causal_delay,haiku,skill_off_update,resolution_time_hours,500,217,0.434,128,0.256,0,,0.256
flag_2,causal_delay,haiku,skill_off_update,priority_level,500,3,0.006,0,0.0,1,2,0.76
flag_2,causal_delay,haiku,skill_off_update,involves_infrastructure,500,2,0.004,0,0.0,1,1,0.504
flag_2,causal_delay,haiku,skill_off_update,involves_access_issue,500,2,0.004,0,0.0,1,0,0.54
flag_2,causal_delay,haiku,skill_off_update,involves_performance,500,2,0.004,0,0.0,1,0,0.898
flag_2,causal_delay,haiku,skill_off_update,involves_database,500,2,0.004,0,0.0,1,0,0.758
flag_2,causal_delay,haiku,skill_off_update,was_resolved,500,2,0.004,0,0.0,1,1,0.744
flag_2,causal_delay,sonnet,skill_off_update,resolution_hours,500,217,0.434,128,0.256,0,,0.256
flag_2,causal_delay,sonnet,skill_off_update,issue_type,500,7,0.014,0,0.0,1,connectivity,0.43
flag_2,causal_delay,sonnet,skill_off_update,assignment_group_mismatch,500,2,0.004,0,0.0,1,0,0.832
flag_2,causal_delay,sonnet,skill_off_update,resolver_is_assignee,500,2,0.004,0,0.0,1,0,0.854
flag_2,causal_delay,sonnet,skill_off_update,resolution_hours_vs_group_median,500,312,0.624,128,0.256,0,,0.256
flag_2,causal_delay,sonnet,skill_off_update,opened_hour,500,24,0.048,0,0.0,1,3,0.06
flag_2,causal_delay,sonnet,skill_off_update,opened_on_weekend,500,2,0.004,0,0.0,1,0,0.716
flag_2,causal_delay,haiku,skill_on_e2e,issue_type_primary,500,8,0.016,0,0.0,1,email,0.274
flag_2,causal_delay,haiku,skill_on_e2e,severity_signal,500,4,0.008,0,0.0,1,connectivity_blocked,0.402
flag_2,causal_delay,haiku,skill_on_e2e,assignment_continuity,500,2,0.004,0,0.0,1,False,0.558
flag_2,causal_delay,haiku,skill_on_e2e,repeat_caller_pattern,500,2,0.004,0,0.0,1,False,0.572
flag_2,causal_delay,sonnet,skill_on_e2e,failure_symptom_type,500,8,0.016,3,0.006,1,cannot_connect,0.632
flag_2,causal_delay,sonnet,skill_on_e2e,affected_system_component,500,10,0.02,53,0.106,1,database_server,0.242
flag_2,causal_delay,sonnet,skill_on_e2e,is_recurring_or_persistent,500,3,0.006,100,0.2,1,False,0.788
flag_2,causal_delay,sonnet,skill_on_e2e,assignment_lag,500,3,0.006,28,0.056,1,True,0.484
flag_2,causal_delay,sonnet,skill_on_e2e,is_self_resolved,500,3,0.006,128,0.256,1,False,0.598
flag_2,causal_delay,sonnet,skill_on_e2e,incident_open_hour_bin,500,4,0.008,0,0.0,1,morning_6_12,0.352
flag_2,causal_delay,sonnet,skill_on_e2e,caller_segment,500,4,0.008,0,0.0,1,Don_Goodliffe,0.266
flag_2,causal_delay,sonnet,skill_on_e2e,scope_breadth,500,5,0.01,0,0.0,1,individual_user,0.402
flag_2,causal_delay,haiku,skill_on,issue_domain,500,5,0.01,0,0.0,1,connectivity,0.412
flag_2,causal_delay,haiku,skill_on,problem_type,500,6,0.012,0,0.0,1,connectivity_access,0.624
flag_2,causal_delay,haiku,skill_on,infrastructure_component,500,7,0.014,0,0.0,1,network_connectivity,0.352
flag_2,causal_delay,haiku,skill_on,scope_of_impact,500,6,0.012,1,0.002,1,system_wide,0.5
flag_2,causal_delay,haiku,skill_on,technical_complexity_signal,500,2,0.004,0,0.0,1,True,0.712
flag_2,causal_delay,haiku,skill_on,suspected_root_cause_category,500,6,0.012,1,0.002,1,infrastructure_component,0.71
flag_2,causal_delay,haiku,skill_on,assignment_pattern,500,3,0.006,0,0.0,1,reassigned,0.696
flag_2,causal_delay,haiku,skill_on,caller_type,500,2,0.004,0,0.0,1,regular_employee,0.778
flag_2,causal_delay,sonnet,skill_on,failure_mode,500,8,0.016,0,0.0,1,connection_failure,0.554
flag_2,causal_delay,sonnet,skill_on,affected_system_type,500,8,0.016,0,0.0,1,email_server,0.274
flag_2,causal_delay,sonnet,skill_on,scope_of_impact,500,6,0.012,0,0.0,1,individual_user,0.388
flag_2,causal_delay,sonnet,skill_on,was_reassigned,500,3,0.006,28,0.056,1,True,0.684
flag_2,causal_delay,sonnet,skill_on,has_assigned_agent,500,2,0.004,0,0.0,1,True,0.87
flag_2,causal_delay,sonnet,skill_on,is_recurring_issue,500,2,0.004,0,0.0,1,False,0.858
flag_2,causal_delay,sonnet,skill_on,caller_segment,500,2,0.004,0,0.0,1,named_end_user,0.778
flag_2,causal_delay,sonnet,skill_on,issue_symptom_specificity,500,4,0.008,0,0.0,1,generic_description,0.588
flag_2,causal_reduce,haiku,skill_off_update,resolution_time_hours,500,217,0.434,128,0.256,0,,0.256
flag_2,causal_reduce,haiku,skill_off_update,priority_level,500,3,0.006,0,0.0,1,High,0.76
flag_2,causal_reduce,haiku,skill_off_update,incident_type,500,5,0.01,0,0.0,1,Network,0.534
flag_2,causal_reduce,haiku,skill_off_update,is_resolved,500,2,0.004,0,0.0,1,1,0.744
flag_2,causal_reduce,sonnet,skill_off_update,resolution_hours,500,217,0.434,128,0.256,0,,0.256
flag_2,causal_reduce,sonnet,skill_off_update,assignee_avg_resolution_hours,500,6,0.012,65,0.13,1,967.45,0.2
flag_2,causal_reduce,sonnet,skill_off_update,category_avg_resolution_hours,500,5,0.01,0,0.0,1,1078.67,0.538
flag_2,causal_reduce,sonnet,skill_off_update,resolution_vs_assignee_avg,500,329,0.658,128,0.256,0,,0.256
flag_2,causal_reduce,sonnet,skill_off_update,priority_urgency_score,500,3,0.006,0,0.0,1,3,0.76
flag_2,causal_reduce,sonnet,skill_off_update,no_handoff,500,2,0.004,0,0.0,1,0,0.724
flag_2,causal_reduce,haiku,skill_on_e2e,incident_type,500,7,0.014,0,0.0,1,connectivity,0.386
flag_2,causal_reduce,haiku,skill_on_e2e,issue_scope,500,4,0.008,0,0.0,1,system_wide,0.642
flag_2,causal_reduce,haiku,skill_on_e2e,resolution_complexity,500,3,0.006,0,0.0,1,high_multi_layer,0.556
flag_2,causal_reduce,haiku,skill_on_e2e,assigned_technician,500,6,0.012,0,0.0,1,Luke_Wilson,0.2
flag_2,causal_reduce,haiku,skill_on_e2e,self_resolved,500,3,0.006,79,0.158,1,False,0.768
flag_2,causal_reduce,haiku,skill_on_e2e,requires_handoff,500,3,0.006,28,0.056,1,True,0.744
flag_2,causal_reduce,haiku,skill_on_e2e,resolution_completion_status,500,2,0.004,0,0.0,1,True,0.744
flag_2,causal_reduce,haiku,skill_on_e2e,caller_category,500,2,0.004,0,0.0,1,named_user,0.778
flag_2,causal_reduce,sonnet,skill_on_e2e,incident_category,500,8,0.016,0,0.0,1,email,0.274
flag_2,causal_reduce,sonnet,skill_on_e2e,affected_system,500,13,0.026,0,0.0,1,vpn,0.23
flag_2,causal_reduce,sonnet,skill_on_e2e,incident_symptom_type,500,9,0.018,0,0.0,1,connection_failure,0.508
flag_2,causal_reduce,sonnet,skill_on_e2e,affected_scope,500,6,0.012,0,0.0,1,individual_user,0.598
flag_2,causal_reduce,sonnet,skill_on_e2e,assignee_name,500,6,0.012,65,0.13,1,Luke Wilson,0.2
flag_2,causal_reduce,sonnet,skill_on_e2e,is_assigned,500,2,0.004,0,0.0,1,True,0.87
flag_2,causal_reduce,sonnet,skill_on_e2e,self_resolved,500,3,0.006,128,0.256,1,False,0.598
flag_2,causal_reduce,sonnet,skill_on_e2e,is_recurring_pattern,500,2,0.004,0,0.0,1,True,0.9
flag_2,causal_reduce,sonnet,skill_on_e2e,caller_segment,500,4,0.008,0,0.0,1,Don Goodliffe,0.266
flag_2,causal_reduce,sonnet,skill_on_e2e,is_closed,500,2,0.004,0,0.0,1,True,0.744
flag_2,causal_reduce,sonnet,skill_on_e2e,resolution_lag_tier,500,6,0.012,0,0.0,1,over_fourteen_days,0.64
flag_2,causal_reduce,haiku,skill_on,incident_category,500,8,0.016,3,0.006,1,email_system,0.274
flag_2,causal_reduce,haiku,skill_on,assigned_technician,500,6,0.012,65,0.13,1,luke_wilson,0.2
flag_2,causal_reduce,haiku,skill_on,problem_specificity,500,3,0.006,0,0.0,1,specific_technical_detail,0.488
flag_2,causal_reduce,haiku,skill_on,technician_closure_authority,500,2,0.004,0,0.0,1,True,0.842
flag_2,causal_reduce,haiku,skill_on,caller_type,500,2,0.004,0,0.0,1,named_user,0.778
flag_2,causal_reduce,haiku,skill_on,environment_type,500,5,0.01,13,0.026,1,production_environment,0.476
flag_2,causal_reduce,haiku,skill_on,is_resolved,500,2,0.004,0,0.0,1,True,0.842
flag_2,causal_reduce,sonnet,skill_on,incident_category,500,9,0.018,0,0.0,1,email,0.274
flag_2,causal_reduce,sonnet,skill_on,affected_system_component,500,10,0.02,26,0.052,1,database_server,0.242
flag_2,causal_reduce,sonnet,skill_on,issue_symptom_type,500,10,0.02,0,0.0,1,connection_failure,0.504
flag_2,causal_reduce,sonnet,skill_on,assigned_resolver,500,6,0.012,0,0.0,1,Luke Wilson,0.2
flag_2,causal_reduce,sonnet,skill_on,same_person_closed,500,3,0.006,128,0.256,1,False,0.598
flag_2,causal_reduce,sonnet,skill_on,is_open_unresolved,500,2,0.004,0,0.0,1,False,0.842
flag_2,causal_reduce,sonnet,skill_on,recurrence_signal,500,2,0.004,0,0.0,1,False,0.934
flag_2,causal_reduce,sonnet,skill_on,environment_context,500,5,0.01,32,0.064,1,application_specific,0.488
flag_2,causal_reduce,sonnet,skill_on,caller_identity,500,4,0.008,0,0.0,1,Don Goodliffe,0.266
flag_2,concept_attribute_delay,haiku,skill_off_update,resolution_time_hours,500,217,0.434,0,0.0,0,-1,0.256
flag_2,concept_attribute_delay,haiku,skill_off_update,priority_level,500,3,0.006,0,0.0,1,2,0.76
flag_2,concept_attribute_delay,haiku,skill_off_update,category_criticality,500,3,0.006,0,0.0,1,2,0.71
flag_2,concept_attribute_delay,haiku,skill_off_update,is_weekend_opened,500,2,0.004,0,0.0,1,0,0.716
flag_2,concept_attribute_delay,sonnet,skill_off_update,resolution_hours,500,217,0.434,128,0.256,0,,0.256
flag_2,concept_attribute_delay,sonnet,skill_off_update,priority_numeric,500,3,0.006,0,0.0,1,2,0.76
flag_2,concept_attribute_delay,sonnet,skill_off_update,category_mismatch,500,2,0.004,0,0.0,1,0,0.91
flag_2,concept_attribute_delay,sonnet,skill_off_update,opened_hour,500,24,0.048,0,0.0,1,3,0.06
flag_2,concept_attribute_delay,sonnet,skill_off_update,opened_day_of_week,500,7,0.014,0,0.0,1,Monday,0.168
flag_2,concept_attribute_delay,sonnet,skill_off_update,is_weekend,500,2,0.004,0,0.0,1,0,0.716
flag_2,concept_attribute_delay,haiku,skill_on_e2e,incident_category,500,6,0.012,0,0.0,1,connectivity,0.42
flag_2,concept_attribute_delay,haiku,skill_on_e2e,assigned_technician,500,6,0.012,65,0.13,1,Luke Wilson,0.2
flag_2,concept_attribute_delay,haiku,skill_on_e2e,problem_severity_signal,500,4,0.008,28,0.056,1,high_severity,0.458
flag_2,concept_attribute_delay,haiku,skill_on_e2e,technician_self_closed,500,3,0.006,79,0.158,1,False,0.628
flag_2,concept_attribute_delay,haiku,skill_on_e2e,problem_scope,500,5,0.01,0,0.0,1,system_wide,0.64
flag_2,concept_attribute_delay,haiku,skill_on_e2e,incident_type_specificity,500,6,0.012,0,0.0,1,generic_connectivity,0.356
flag_2,concept_attribute_delay,haiku,skill_on_e2e,caller_type,500,2,0.004,0,0.0,1,named_user,0.778
flag_2,concept_attribute_delay,sonnet,skill_on_e2e,incident_category,500,9,0.018,0,0.0,1,email,0.274
flag_2,concept_attribute_delay,sonnet,skill_on_e2e,affected_system,500,9,0.018,0,0.0,1,database_server,0.242
flag_2,concept_attribute_delay,sonnet,skill_on_e2e,issue_symptom_type,500,11,0.022,0,0.0,1,cannot_connect,0.502
flag_2,concept_attribute_delay,sonnet,skill_on_e2e,incident_scope,500,5,0.01,0,0.0,1,server_system,0.456
flag_2,concept_attribute_delay,sonnet,skill_on_e2e,is_unassigned_at_open,500,2,0.004,0,0.0,1,False,0.87
flag_2,concept_attribute_delay,sonnet,skill_on_e2e,reassigned_or_escalated,500,3,0.006,128,0.256,1,True,0.592
flag_2,concept_attribute_delay,sonnet,skill_on_e2e,is_repeat_pattern,500,2,0.004,0,0.0,1,True,0.912
flag_2,concept_attribute_delay,sonnet,skill_on_e2e,caller_id_user,500,4,0.008,0,0.0,1,Don Goodliffe,0.266
flag_2,concept_attribute_delay,haiku,skill_on,incident_category,500,6,0.012,0,0.0,1,connectivity,0.416
flag_2,concept_attribute_delay,haiku,skill_on,resolution_complexity,500,4,0.008,28,0.056,1,moderate_complexity_single_system,0.514
flag_2,concept_attribute_delay,haiku,skill_on,incident_scope,500,4,0.008,6,0.012,1,enterprise_wide,0.546
flag_2,concept_attribute_delay,haiku,skill_on,assigned_technician,500,6,0.012,65,0.13,1,Luke_Wilson,0.2
flag_2,concept_attribute_delay,haiku,skill_on,resolution_alignment,500,3,0.006,0,0.0,1,assigned_and_closed_different_person,0.696
flag_2,concept_attribute_delay,haiku,skill_on,issue_recurrence,500,3,0.006,28,0.056,1,False,0.792
flag_2,concept_attribute_delay,sonnet,skill_on,incident_category,500,9,0.018,0,0.0,1,email,0.274
flag_2,concept_attribute_delay,sonnet,skill_on,failure_mode,500,10,0.02,7,0.014,1,connection_failure,0.504
flag_2,concept_attribute_delay,sonnet,skill_on,affected_system_type,500,8,0.016,20,0.04,1,database_server,0.242
flag_2,concept_attribute_delay,sonnet,skill_on,scope_indicator,500,5,0.01,0,0.0,1,individual_user,0.662
flag_2,concept_attribute_delay,sonnet,skill_on,has_assigned_agent,500,2,0.004,0,0.0,1,True,0.87
flag_2,concept_attribute_delay,sonnet,skill_on,assigned_equals_closed_by,500,3,0.006,128,0.256,1,False,0.598
flag_2,concept_attribute_delay,sonnet,skill_on,incident_open_hour_bucket,500,3,0.006,0,0.0,1,business_hours_0800_1800,0.39
flag_2,concept_attribute_delay,sonnet,skill_on,resolver_agent,500,6,0.012,79,0.158,1,Charlie_Whitherspoon,0.188
flag_2,concept_attribute_delay,sonnet,skill_on,caller_identity,500,4,0.008,0,0.0,1,Don_Goodliffe,0.266
flag_2,concept_attribute_delay,sonnet,skill_on,ticket_missing_closure_data,500,2,0.004,0,0.0,1,False,0.744
flag_2,eda_resolution,haiku,skill_off_update,resolution_time_hours,500,217,0.434,128,0.256,0,,0.256
flag_2,eda_resolution,haiku,skill_off_update,priority_level,500,3,0.006,0,0.0,1,2,0.76
flag_2,eda_resolution,haiku,skill_off_update,priority_category,500,3,0.006,0,0.0,1,High,0.76
flag_2,eda_resolution,sonnet,skill_off_update,resolution_time_hours,500,217,0.434,0,0.0,0,-1.0,0.256
flag_2,eda_resolution,sonnet,skill_off_update,is_resolved,500,2,0.004,0,0.0,1,1,0.744
flag_2,eda_resolution,sonnet,skill_off_update,priority_rank,500,3,0.006,0,0.0,1,2,0.76
flag_2,eda_resolution,sonnet,skill_off_update,avg_resolution_hours_by_category,500,5,0.01,0,0.0,1,1078.67,0.538
flag_2,eda_resolution,sonnet,skill_off_update,avg_resolution_hours_by_priority,500,3,0.006,0,0.0,1,1019.48,0.76
flag_2,eda_resolution,sonnet,skill_off_update,avg_resolution_hours_by_assignment_group,500,6,0.012,0,0.0,1,1074.03,0.6
flag_2,eda_resolution,haiku,skill_on_e2e,issue_category,500,10,0.02,0,0.0,1,email_system,0.274
flag_2,eda_resolution,haiku,skill_on_e2e,is_closed,500,2,0.004,0,0.0,1,True,0.744
flag_2,eda_resolution,haiku,skill_on_e2e,assigned_technician_name,500,6,0.012,65,0.13,1,Luke Wilson,0.2
flag_2,eda_resolution,haiku,skill_on_e2e,issue_severity_pattern,500,4,0.008,28,0.056,1,routine,0.73
flag_2,eda_resolution,haiku,skill_on_e2e,affected_scope,500,4,0.008,0,0.0,1,system_wide,0.622
flag_2,eda_resolution,haiku,skill_on_e2e,resolution_mechanism_hinted,500,6,0.012,7,0.014,1,server_recovery,0.442
flag_2,eda_resolution,haiku,skill_on_e2e,is_self_assigned_closed,500,3,0.006,79,0.158,1,False,0.728
flag_2,eda_resolution,sonnet,skill_on_e2e,incident_category,500,9,0.018,2,0.004,1,email,0.274
flag_2,eda_resolution,sonnet,skill_on_e2e,incident_subtype,500,9,0.018,8,0.016,1,connection_failure,0.508
flag_2,eda_resolution,sonnet,skill_on_e2e,technology_component,500,11,0.022,1,0.002,1,database_sql,0.242
flag_2,eda_resolution,sonnet,skill_on_e2e,affected_system_scope,500,5,0.01,0,0.0,1,individual_user,0.63
flag_2,eda_resolution,sonnet,skill_on_e2e,has_assigned_agent,500,2,0.004,0,0.0,1,True,0.87
flag_2,eda_resolution,sonnet,skill_on_e2e,resolver_is_assignee,500,3,0.006,128,0.256,1,False,0.598
flag_2,eda_resolution,sonnet,skill_on_e2e,is_open_unresolved,500,2,0.004,0,0.0,1,False,0.744
flag_2,eda_resolution,sonnet,skill_on_e2e,caller_group,500,4,0.008,0,0.0,1,Don Goodliffe,0.266
flag_2,eda_resolution,sonnet,skill_on_e2e,recurring_issue_signal,500,2,0.004,0,0.0,1,False,0.802
flag_2,eda_resolution,haiku,skill_on,primary_issue_category,500,5,0.01,0,0.0,1,connectivity,0.408
flag_2,eda_resolution,haiku,skill_on,severity_signal,500,3,0.006,0,0.0,1,access_blocked,0.626
flag_2,eda_resolution,haiku,skill_on,scope_dimension,500,4,0.008,6,0.012,1,system_wide,0.656
flag_2,eda_resolution,haiku,skill_on,issue_specificity,500,3,0.006,8,0.016,1,explicit_component_named,0.578
flag_2,eda_resolution,haiku,skill_on,incident_closure_status,500,3,0.006,100,0.2,1,open_extended,0.402
flag_2,eda_resolution,sonnet,skill_on,incident_category,500,9,0.018,0,0.0,1,email,0.274
flag_2,eda_resolution,sonnet,skill_on,failure_symptom_type,500,10,0.02,0,0.0,1,cannot_connect,0.498
flag_2,eda_resolution,sonnet,skill_on,affected_system,500,8,0.016,1,0.002,1,database_server,0.242
flag_2,eda_resolution,sonnet,skill_on,assigned_resolver,500,6,0.012,79,0.158,1,Charlie Whitherspoon,0.188
flag_2,eda_resolution,sonnet,skill_on,has_assigned_agent,500,2,0.004,0,0.0,1,True,0.87
flag_2,eda_resolution,sonnet,skill_on,closed_by_same_as_assigned,500,3,0.006,128,0.256,1,False,0.598
flag_2,eda_resolution,sonnet,skill_on,resolution_lag_bucket,500,5,0.01,0,0.0,1,over_seven_days,0.69
flag_2,eda_resolution,sonnet,skill_on,is_recurrence_indicated,500,2,0.004,0,0.0,1,False,0.998
flag_2,eda_resolution,sonnet,skill_on,scope_context,500,4,0.008,0,0.0,1,system_wide,0.586
flag_2,eda_resolution,sonnet,skill_on,caller_segment,500,4,0.008,0,0.0,1,Don Goodliffe,0.266
flag_2,eda_resolution,sonnet,skill_on,incident_is_closed,500,2,0.004,0,0.0,1,True,0.842
flag_2,focus_inference,haiku,skill_off_update,problem_type,500,8,0.016,0,0.0,1,VPN_Connectivity,0.32
flag_2,focus_inference,haiku,skill_off_update,problem_frequency_rank,500,8,0.016,0,0.0,1,1,0.32
flag_2,focus_inference,sonnet,skill_off_update,problem_type,500,15,0.03,0,0.0,1,VPN Connectivity,0.23
flag_2,focus_inference,sonnet,skill_off_update,is_connectivity_issue,500,2,0.004,0,0.0,1,False,0.608
flag_2,focus_inference,sonnet,skill_off_update,resolution_days,500,1,0.002,500,1.0,1,,1.0
flag_2,focus_inference,haiku,skill_on_e2e,problem_category,500,6,0.012,0,0.0,1,connectivity,0.428
flag_2,focus_inference,haiku,skill_on_e2e,email_issue_type,500,7,0.014,73,0.146,1,other,0.302
flag_2,focus_inference,haiku,skill_on_e2e,database_issue_type,500,6,0.012,0,0.0,1,connection_error,0.548
flag_2,focus_inference,haiku,skill_on_e2e,affected_scope,500,5,0.01,1,0.002,1,system_wide,0.594
flag_2,focus_inference,haiku,skill_on_e2e,incident_severity_signal,500,4,0.008,0,0.0,1,access_denied,0.614
flag_2,focus_inference,haiku,skill_on_e2e,recurrence_indicator,500,2,0.004,0,0.0,1,True,0.848
flag_2,focus_inference,haiku,skill_on_e2e,resolution_ownership,500,6,0.012,3,0.006,1,network_team,0.42
flag_2,focus_inference,sonnet,skill_on_e2e,incident_category,500,8,0.016,0,0.0,1,email,0.26
flag_2,focus_inference,sonnet,skill_on_e2e,affected_system,500,11,0.022,23,0.046,1,database_server,0.242
flag_2,focus_inference,sonnet,skill_on_e2e,problem_symptom_type,500,8,0.016,1,0.002,1,connection_failure,0.504
flag_2,focus_inference,sonnet,skill_on_e2e,scope_context,500,5,0.01,0,0.0,1,general,0.7
flag_2,focus_inference,sonnet,skill_on_e2e,is_recurring_issue,500,1,0.002,0,0.0,1,True,1.0
flag_2,focus_inference,sonnet,skill_on_e2e,is_assigned,500,2,0.004,0,0.0,1,True,0.87
flag_2,focus_inference,haiku,skill_on,problem_category,500,6,0.012,0,0.0,1,connectivity,0.396
flag_2,focus_inference,haiku,skill_on,database_issue_type,500,5,0.01,62,0.124,1,connection_error,0.536
flag_2,focus_inference,haiku,skill_on,failure_pattern,500,6,0.012,10,0.02,1,connectivity_failure,0.622
flag_2,focus_inference,haiku,skill_on,scope_affected,500,4,0.008,0,0.0,1,service_wide,0.574
flag_2,focus_inference,sonnet,skill_on,incident_category,500,9,0.018,0,0.0,1,email_system,0.274
flag_2,focus_inference,sonnet,skill_on,affected_component,500,9,0.018,1,0.002,1,email_server,0.274
flag_2,focus_inference,sonnet,skill_on,problem_symptom,500,9,0.018,2,0.004,1,cannot_connect,0.5
flag_2,focus_inference,sonnet,skill_on,scope_indicator,500,5,0.01,0,0.0,1,individual_user,0.624
flag_2,focus_inference,sonnet,skill_on,is_unassigned,500,2,0.004,0,0.0,1,False,0.87
flag_2,predictive_long,haiku,skill_off_update,resolution_hours,500,217,0.434,128,0.256,0,,0.256
flag_2,predictive_long,haiku,skill_off_update,resolution_hours,500,217,0.434,128,0.256,0,,0.256
flag_2,predictive_long,haiku,skill_off_update,priority_level,500,3,0.006,0,0.0,1,2,0.76
flag_2,predictive_long,haiku,skill_off_update,is_critical_high,500,2,0.004,0,0.0,1,1,0.918
flag_2,predictive_long,haiku,skill_off_update,category_complexity,500,3,0.006,0,0.0,1,2,0.746
flag_2,predictive_long,haiku,skill_off_update,same_assignee_caller,500,1,0.002,0,0.0,1,0,1.0
flag_2,predictive_long,haiku,skill_off_update,updater_is_system,500,2,0.004,0,0.0,1,0,0.672
flag_2,predictive_long,haiku,skill_off_update,status_risk,500,3,0.006,0,0.0,1,1,0.744
flag_2,predictive_long,haiku,skill_off_update,time_risk,500,2,0.004,0,0.0,1,2,0.536
flag_2,predictive_long,haiku,skill_off_update,description_complexity,500,2,0.004,0,0.0,1,1,0.67
flag_2,predictive_long,sonnet,skill_off_update,resolution_hours,500,217,0.434,128,0.256,0,,0.256
flag_2,predictive_long,sonnet,skill_off_update,priority_score,500,3,0.006,0,0.0,1,2,0.76
flag_2,predictive_long,sonnet,skill_off_update,category_avg_resolution_hours,500,5,0.01,0,0.0,1,1078.67,0.538
flag_2,predictive_long,sonnet,skill_off_update,assignee_avg_resolution_hours,500,6,0.012,0,0.0,1,967.45,0.2
flag_2,predictive_long,sonnet,skill_off_update,group_avg_resolution_hours,500,6,0.012,0,0.0,1,1074.03,0.6
flag_2,predictive_long,sonnet,skill_off_update,opened_hour_of_day,500,24,0.048,0,0.0,1,3,0.06
flag_2,predictive_long,sonnet,skill_off_update,is_afterhours_open,500,2,0.004,0,0.0,1,1,0.618
flag_2,predictive_long,sonnet,skill_off_update,is_weekend_open,500,2,0.004,0,0.0,1,0,0.716
flag_2,predictive_long,sonnet,skill_off_update,description_length,500,35,0.07,0,0.0,1,24,0.104
flag_2,predictive_long,sonnet,skill_off_update,is_unassigned,500,2,0.004,0,0.0,1,0,0.87
flag_2,predictive_long,haiku,skill_on_e2e,incident_category,500,7,0.014,0,0.0,1,email,0.274
flag_2,predictive_long,haiku,skill_on_e2e,issue_scope_scale,500,5,0.01,7,0.014,1,service_component,0.508
flag_2,predictive_long,haiku,skill_on_e2e,assigned_technician,500,6,0.012,65,0.13,1,Luke Wilson,0.2
flag_2,predictive_long,haiku,skill_on_e2e,assignment_consistency,500,3,0.006,14,0.028,1,False,0.872
flag_2,predictive_long,haiku,skill_on_e2e,issue_recurrence_pattern,500,2,0.004,0,0.0,1,True,0.622
flag_2,predictive_long,sonnet,skill_on_e2e,incident_category,500,8,0.016,0,0.0,1,email,0.26
flag_2,predictive_long,sonnet,skill_on_e2e,failure_symptom_type,500,9,0.018,13,0.026,1,connectivity_loss,0.506
flag_2,predictive_long,sonnet,skill_on_e2e,affected_system_scope,500,4,0.008,0,0.0,1,server_side,0.42
flag_2,predictive_long,sonnet,skill_on_e2e,is_assigned_at_open,500,2,0.004,0,0.0,1,True,0.87
flag_2,predictive_long,sonnet,skill_on_e2e,same_agent_assigned_closed,500,3,0.006,128,0.256,1,False,0.598
flag_2,predictive_long,sonnet,skill_on_e2e,opened_hour_of_day,500,2,0.004,0,0.0,1,after_hours,0.754
flag_2,predictive_long,sonnet,skill_on_e2e,caller_type,500,2,0.004,0,0.0,1,named_user,0.778
flag_2,predictive_long,haiku,skill_on,incident_category,500,9,0.018,0,0.0,1,email_system,0.274
flag_2,predictive_long,haiku,skill_on,resolution_scope,500,3,0.006,0,0.0,1,infrastructure_wide,0.68
flag_2,predictive_long,haiku,skill_on,resolution_blocking_factor,500,5,0.01,0,0.0,1,connectivity_failure,0.408
flag_2,predictive_long,haiku,skill_on,single_handler_resolution,500,3,0.006,28,0.056,1,False,0.75
flag_2,predictive_long,haiku,skill_on,incident_closure_state,500,2,0.004,0,0.0,1,closed_resolved,0.744
flag_2,predictive_long,sonnet,skill_on,incident_category,500,9,0.018,0,0.0,1,email,0.274
flag_2,predictive_long,sonnet,skill_on,affected_system_type,500,8,0.016,1,0.002,1,email_server,0.274
flag_2,predictive_long,sonnet,skill_on,failure_mode,500,8,0.016,1,0.002,1,connection_failure,0.662
flag_2,predictive_long,sonnet,skill_on,scope_indicator,500,4,0.008,0,0.0,1,individual_user,0.76
flag_2,predictive_long,sonnet,skill_on,involves_remote_access,500,2,0.004,0,0.0,1,False,0.766
flag_2,predictive_long,sonnet,skill_on,description_specificity,500,4,0.008,0,0.0,1,system_named,0.548
flag_2,predictive_long,sonnet,skill_on,is_assigned,500,2,0.004,0,0.0,1,True,0.87
flag_2,predictive_long,sonnet,skill_on,assigned_resolver_match,500,3,0.006,28,0.056,1,False,0.7
flag_2,predictive_long,sonnet,skill_on,caller_type,500,2,0.004,0,0.0,1,named_end_user,0.778
flag_20,causal_declined,haiku,skill_off_update,is_travel,500,2,0.004,0,0.0,1,0,0.708
flag_20,causal_declined,haiku,skill_off_update,has_source_id,500,2,0.004,0,0.0,1,1,0.656
flag_20,causal_declined,haiku,skill_off_update,is_unfinalized,500,2,0.004,0,0.0,1,0,0.758
flag_20,causal_declined,haiku,skill_off_update,amount_range,500,3,0.006,0,0.0,1,medium,0.406
flag_20,causal_declined,haiku,skill_off_update,has_processed_date,500,2,0.004,0,0.0,1,1,0.59
flag_20,causal_declined,haiku,skill_off_update,days_to_process,500,23,0.046,0,0.0,1,-1,0.41
flag_20,causal_declined,haiku,skill_off_update,is_cust_support_travel,500,2,0.004,0,0.0,1,0,0.842
flag_20,causal_declined,sonnet,skill_off_update,is_travel,500,2,0.004,0,0.0,1,0,0.708
flag_20,causal_declined,sonnet,skill_off_update,amount_above_travel_median,500,2,0.004,0,0.0,1,0,0.514
flag_20,causal_declined,sonnet,skill_off_update,missing_processed_date,500,2,0.004,0,0.0,1,0,0.59
flag_20,causal_declined,sonnet,skill_off_update,dept_travel_decline_rate,500,6,0.012,0,0.0,1,0.4430,0.544
flag_20,causal_declined,sonnet,skill_off_update,user_travel_submission_count,500,8,0.016,0,0.0,1,3,0.288
flag_20,causal_declined,haiku,skill_on_e2e,travel_expense_marker,500,2,0.004,0,0.0,1,False,0.712
flag_20,causal_declined,haiku,skill_on_e2e,asset_category,500,7,0.014,0,0.0,1,hardware_device,0.64
flag_20,causal_declined,haiku,skill_on_e2e,expense_type_specificity,500,4,0.008,0,0.0,1,specific_brand_model,0.738
flag_20,causal_declined,haiku,skill_on_e2e,asset_cost_tier_proxy,500,4,0.008,0,0.0,1,standard_item,0.482
flag_20,causal_declined,haiku,skill_on_e2e,auto_generated,500,2,0.004,0,0.0,1,False,0.798
flag_20,causal_declined,haiku,skill_on_e2e,source_id_presence,500,2,0.004,0,0.0,1,True,0.658
flag_20,causal_declined,haiku,skill_on_e2e,requester_frequency,500,3,0.006,0,0.0,1,repeat_submitter,0.702
flag_20,causal_declined,sonnet,skill_on_e2e,asset_category,500,5,0.01,0,0.0,1,hardware,0.592
flag_20,causal_declined,sonnet,skill_on_e2e,asset_subcategory,500,11,0.022,0,0.0,1,laptop,0.464
flag_20,causal_declined,sonnet,skill_on_e2e,expense_action_type,500,7,0.014,1,0.002,1,auto_registration,0.49
flag_20,causal_declined,sonnet,skill_on_e2e,creation_method,500,2,0.004,0,0.0,1,manual,0.63
flag_20,causal_declined,sonnet,skill_on_e2e,has_source_id,500,2,0.004,0,0.0,1,True,0.654
flag_20,causal_declined,sonnet,skill_on_e2e,is_luxury_or_nonstandard,500,2,0.004,0,0.0,1,False,0.984
flag_20,causal_declined,sonnet,skill_on_e2e,processing_lag_bucket,500,5,0.01,0,0.0,1,not_processed,0.41
flag_20,causal_declined,sonnet,skill_on_e2e,submitting_department,500,7,0.014,0,0.0,1,Customer Support,0.544
flag_20,causal_declined,sonnet,skill_on_e2e,ci_brand,500,11,0.022,0,0.0,1,Dell,0.538
flag_20,causal_declined,haiku,skill_on,travel_intent_signal,500,2,0.004,0,0.0,1,False,0.71
flag_20,causal_declined,haiku,skill_on,asset_category_type,500,8,0.016,0,0.0,1,hardware_laptop,0.454
flag_20,causal_declined,haiku,skill_on,creation_method,500,2,0.004,0,0.0,1,automated_generation,0.74
flag_20,causal_declined,haiku,skill_on,expense_purpose_specificity,500,2,0.004,0,0.0,1,well_specified,0.572
flag_20,causal_declined,haiku,skill_on,department_origin,500,7,0.014,0,0.0,1,Customer_Support,0.544
flag_20,causal_declined,haiku,skill_on,requestor_pattern,500,2,0.004,0,0.0,1,first_time_requestor,0.562
flag_20,causal_declined,haiku,skill_on,processing_recency,500,3,0.006,0,0.0,1,older_6mo,0.628
flag_20,causal_declined,sonnet,skill_on,is_travel_related,500,2,0.004,0,0.0,1,False,0.708
flag_20,causal_declined,sonnet,skill_on,asset_category,500,5,0.01,0,0.0,1,hardware,0.596
flag_20,causal_declined,sonnet,skill_on,hardware_form_factor,500,7,0.014,136,0.272,1,laptop,0.448
flag_20,causal_declined,sonnet,skill_on,source_id_present,500,2,0.004,0,0.0,1,True,0.654
flag_20,causal_declined,sonnet,skill_on,expense_origin,500,2,0.004,0,0.0,1,manually_submitted,0.708
flag_20,causal_declined,sonnet,skill_on,expense_description_specificity,500,3,0.006,0,0.0,1,generic_category_only,0.594
flag_20,causal_declined,sonnet,skill_on,ci_specificity,500,3,0.006,0,0.0,1,specific_model,0.686
flag_20,causal_declined,sonnet,skill_on,vendor_brand,500,8,0.016,0,0.0,1,Dell,0.538
flag_20,causal_declined,sonnet,skill_on,processing_lag_category,500,5,0.01,0,0.0,1,not_processed,0.41
flag_20,causal_declined,sonnet,skill_on,opened_month,500,11,0.022,0,0.0,1,Sep,0.118
flag_20,causal_reduce,haiku,skill_off_update,travel_decline_risk_flag,500,1,0.002,0,0.0,1,0,1.0
flag_20,causal_reduce,haiku,skill_off_update,missing_source_id_indicator,500,2,0.004,0,0.0,1,0,0.708
flag_20,causal_reduce,haiku,skill_off_update,unprocessed_duration_days,500,1,0.002,0,0.0,1,-1,1.0
flag_20,causal_reduce,haiku,skill_off_update,amount_quartile,500,4,0.008,0,0.0,1,1,0.252
flag_20,causal_reduce,sonnet,skill_off_update,is_travel_declined,500,2,0.004,0,0.0,1,0,0.878
flag_20,causal_reduce,sonnet,skill_off_update,amount_risk_level,500,3,0.006,0,0.0,1,Medium,0.406
flag_20,causal_reduce,sonnet,skill_off_update,item_type,500,12,0.024,0,0.0,1,Laptop,0.432
flag_20,causal_reduce,sonnet,skill_off_update,days_to_process,500,23,0.046,205,0.41,1,,0.41
flag_20,causal_reduce,haiku,skill_on_e2e,travel_expense_indicator,500,2,0.004,0,0.0,1,False,0.71
flag_20,causal_reduce,haiku,skill_on_e2e,asset_category,500,7,0.014,0,0.0,1,hardware,0.652
flag_20,causal_reduce,haiku,skill_on_e2e,creation_method,500,3,0.006,0,0.0,1,automated_generation,0.74
flag_20,causal_reduce,haiku,skill_on_e2e,asset_specificity,500,3,0.006,0,0.0,1,specific_brand_model,0.712
flag_20,causal_reduce,haiku,skill_on_e2e,department_source,500,7,0.014,0,0.0,1,Customer Support,0.544
flag_20,causal_reduce,sonnet,skill_on_e2e,asset_category,500,5,0.01,0,0.0,1,hardware,0.598
flag_20,causal_reduce,sonnet,skill_on_e2e,entry_method,500,4,0.008,0,0.0,1,automated_system,0.352
flag_20,causal_reduce,sonnet,skill_on_e2e,has_source_id,500,2,0.004,0,0.0,1,True,0.654
flag_20,causal_reduce,sonnet,skill_on_e2e,is_high_value_asset,500,2,0.004,0,0.0,1,False,0.72
flag_20,causal_reduce,sonnet,skill_on_e2e,asset_brand_family,500,8,0.016,25,0.05,1,Dell,0.538
flag_20,causal_reduce,sonnet,skill_on_e2e,department_group,500,7,0.014,0,0.0,1,Customer Support,0.544
flag_20,causal_reduce,sonnet,skill_on_e2e,repeat_submitter,500,2,0.004,0,0.0,1,False,0.68
flag_20,causal_reduce,haiku,skill_on,asset_category_type,500,10,0.02,0,0.0,1,hardware_laptop,0.456
flag_20,causal_reduce,haiku,skill_on,travel_related_indicator,500,2,0.004,0,0.0,1,False,0.71
flag_20,causal_reduce,haiku,skill_on,documentation_completeness_signal,500,3,0.006,0,0.0,1,generic_label,0.756
flag_20,causal_reduce,haiku,skill_on,data_completeness_indicator,500,2,0.004,0,0.0,1,True,0.828
flag_20,causal_reduce,haiku,skill_on,policy_alignment_risk,500,4,0.008,0,0.0,1,standard_approved_category,0.628
flag_20,causal_reduce,haiku,skill_on,requesting_department,500,7,0.014,0,0.0,1,customer_support,0.544
flag_20,causal_reduce,sonnet,skill_on,is_travel_related,500,2,0.004,0,0.0,1,False,0.708
flag_20,causal_reduce,sonnet,skill_on,asset_category,500,5,0.01,0,0.0,1,hardware,0.594
flag_20,causal_reduce,sonnet,skill_on,creation_method,500,4,0.008,248,0.496,1,Unknown,0.496
flag_20,causal_reduce,sonnet,skill_on,has_source_id,500,2,0.004,0,0.0,1,True,0.654
flag_20,causal_reduce,sonnet,skill_on,expense_purpose_signal,500,6,0.012,0,0.0,1,new_acquisition,0.6
flag_20,causal_reduce,sonnet,skill_on,asset_brand,500,9,0.018,23,0.046,1,Dell,0.538
flag_20,causal_reduce,sonnet,skill_on,department_group,500,7,0.014,0,0.0,1,Customer_Support,0.544
flag_20,causal_reduce,sonnet,skill_on,hardware_form_factor,500,7,0.014,130,0.26,1,laptop,0.446
flag_20,concept_attribute_travel,haiku,skill_off_update,is_travel,500,2,0.004,0,0.0,1,No,0.708
flag_20,concept_attribute_travel,haiku,skill_off_update,policy_risks,500,6,0.012,394,0.788,1,None,0.788
flag_20,concept_attribute_travel,haiku,skill_off_update,amount_tier,500,4,0.008,0,0.0,1,Minimal (<3k),0.326
flag_20,concept_attribute_travel,sonnet,skill_off_update,travel_policy_risk_flags,500,16,0.032,0,0.0,1,No travel policy risks identified,0.856
flag_20,concept_attribute_travel,sonnet,skill_off_update,travel_policy_risk_level,500,4,0.008,428,0.856,1,None,0.856
flag_20,concept_attribute_travel,sonnet,skill_off_update,travel_policy_risk_count,500,4,0.008,0,0.0,1,0,0.856
flag_20,concept_attribute_travel,haiku,skill_on_e2e,asset_category,500,9,0.018,0,0.0,1,laptop,0.452
flag_20,concept_attribute_travel,haiku,skill_on_e2e,travel_intent_signal,500,7,0.014,0,0.0,1,office_use,0.604
flag_20,concept_attribute_travel,haiku,skill_on_e2e,processing_delay_risk,500,3,0.006,38,0.076,1,False,0.874
flag_20,concept_attribute_travel,haiku,skill_on_e2e,asset_value_tier,500,10,0.02,4,0.008,1,standard_laptop,0.406
flag_20,concept_attribute_travel,haiku,skill_on_e2e,department_context,500,7,0.014,0,0.0,1,customer_support,0.544
flag_20,concept_attribute_travel,sonnet,skill_on_e2e,travel_policy_risk_type,500,5,0.01,60,0.12,1,non_it_asset_in_it_system,0.724
flag_20,concept_attribute_travel,sonnet,skill_on_e2e,expense_category,500,6,0.012,7,0.014,1,hardware_asset,0.61
flag_20,concept_attribute_travel,sonnet,skill_on_e2e,travel_asset_subtype,500,10,0.02,389,0.778,1,,0.774
flag_20,concept_attribute_travel,sonnet,skill_on_e2e,missing_source_id,500,2,0.004,0,0.0,1,False,0.654
flag_20,concept_attribute_travel,sonnet,skill_on_e2e,processing_lag_flag,500,2,0.004,0,0.0,1,True,0.59
flag_20,concept_attribute_travel,sonnet,skill_on_e2e,ci_name_quality,500,4,0.008,0,0.0,1,specific_model,0.656
flag_20,concept_attribute_travel,sonnet,skill_on_e2e,department_risk_alignment,500,7,0.014,0,0.0,1,customer_support_aligned,0.544
flag_20,concept_attribute_travel,sonnet,skill_on_e2e,asset_vendor,500,5,0.01,101,0.202,1,standard_it_vendor,0.63
flag_20,concept_attribute_travel,haiku,skill_on,asset_type_category,500,5,0.01,0,0.0,1,hardware_device,0.626
flag_20,concept_attribute_travel,haiku,skill_on,travel_context_mention,500,2,0.004,0,0.0,1,False,0.712
flag_20,concept_attribute_travel,haiku,skill_on,creation_method,500,4,0.008,0,0.0,1,automated_generation,0.656
flag_20,concept_attribute_travel,haiku,skill_on,policy_control_gap_signal,500,5,0.01,0,0.0,1,auto_generated_without_approval,0.652
flag_20,concept_attribute_travel,haiku,skill_on,department_travel_authority,500,6,0.012,1,0.002,1,it_infrastructure,0.424
flag_20,concept_attribute_travel,haiku,skill_on,duplicate_asset_pattern,500,2,0.004,0,0.0,1,False,0.806
flag_20,concept_attribute_travel,haiku,skill_on,non_standard_asset_description,500,2,0.004,0,0.0,1,False,0.776
flag_20,concept_attribute_travel,haiku,skill_on,asset_purpose_mismatch,500,2,0.004,0,0.0,1,False,0.714
flag_20,concept_attribute_travel,sonnet,skill_on,expense_asset_category,500,4,0.008,0,0.0,1,hardware,0.622
flag_20,concept_attribute_travel,sonnet,skill_on,high_risk_item_flag,500,2,0.004,0,0.0,1,False,0.956
flag_20,concept_attribute_travel,sonnet,skill_on,asset_miscategorization_flag,500,2,0.004,0,0.0,1,False,0.756
flag_20,concept_attribute_travel,sonnet,skill_on,entry_origin,500,3,0.006,0,0.0,1,manually_entered,0.674
flag_20,concept_attribute_travel,sonnet,skill_on,missing_source_id_flag,500,2,0.004,0,0.0,1,False,0.654
flag_20,concept_attribute_travel,sonnet,skill_on,processing_lag_flag,500,2,0.004,0,0.0,1,True,0.59
flag_20,concept_attribute_travel,sonnet,skill_on,asset_lifecycle_action,500,7,0.014,2,0.004,1,registration,0.642
flag_20,concept_attribute_travel,sonnet,skill_on,repeat_submitter_flag,500,2,0.004,0,0.0,1,False,0.99
flag_20,concept_attribute_travel,sonnet,skill_on,department_travel_exposure,500,7,0.014,0,0.0,1,customer_support,0.544
flag_20,eda_declined,haiku,skill_off_update,is_travel,500,2,0.004,0,0.0,1,0,0.708
flag_20,eda_declined,haiku,skill_off_update,has_automated_desc,500,2,0.004,0,0.0,1,0,0.762
flag_20,eda_declined,haiku,skill_off_update,is_high_amount,500,2,0.004,0,0.0,1,0,0.528
flag_20,eda_declined,haiku,skill_off_update,missing_processing,500,2,0.004,0,0.0,1,0,0.59
flag_20,eda_declined,sonnet,skill_off_update,has_travel_keyword,500,2,0.004,0,0.0,1,0,0.718
flag_20,eda_declined,sonnet,skill_off_update,has_auto_generated_language,500,2,0.004,0,0.0,1,0,0.698
flag_20,eda_declined,sonnet,skill_off_update,has_expense_keyword,500,2,0.004,0,0.0,1,0,0.87
flag_20,eda_declined,sonnet,skill_off_update,has_equipment_keyword,500,2,0.004,0,0.0,1,0,0.88
flag_20,eda_declined,sonnet,skill_off_update,is_travel_category,500,2,0.004,0,0.0,1,0,0.708
flag_20,eda_declined,sonnet,skill_off_update,desc_word_count,500,9,0.018,0,0.0,1,6,0.26
flag_20,eda_declined,sonnet,skill_off_update,amount_tier,500,3,0.006,0,0.0,1,medium,0.53
flag_20,eda_declined,sonnet,skill_off_update,travel_expense_signal,500,2,0.004,0,0.0,1,0,0.718
flag_20,eda_declined,haiku,skill_on_e2e,asset_category_type,500,6,0.012,0,0.0,1,hardware_device,0.688
flag_20,eda_declined,haiku,skill_on_e2e,procurement_intent,500,5,0.01,0,0.0,1,standard_asset_addition,0.632
flag_20,eda_declined,haiku,skill_on_e2e,entry_automation_signal,500,2,0.004,0,0.0,1,False,0.62
flag_20,eda_declined,haiku,skill_on_e2e,processing_lag_indicator,500,5,0.01,82,0.164,1,multi_day,0.616
flag_20,eda_declined,haiku,skill_on_e2e,high_value_risk_marker,500,4,0.008,0,0.0,1,standard_laptop,0.47
flag_20,eda_declined,haiku,skill_on_e2e,source_tracking_presence,500,2,0.004,0,0.0,1,True,0.626
flag_20,eda_declined,haiku,skill_on_e2e,description_specificity,500,3,0.006,0,0.0,1,2,0.736
flag_20,eda_declined,haiku,skill_on_e2e,department_requestor,500,7,0.014,0,0.0,1,Customer Support,0.544
flag_20,eda_declined,sonnet,skill_on_e2e,asset_category,500,5,0.01,0,0.0,1,hardware,0.604
flag_20,eda_declined,sonnet,skill_on_e2e,vendor_brand,500,8,0.016,0,0.0,1,Dell,0.538
flag_20,eda_declined,sonnet,skill_on_e2e,description_action_verb,500,7,0.014,0,0.0,1,registration_addition,0.4
flag_20,eda_declined,sonnet,skill_on_e2e,source_id_present,500,2,0.004,0,0.0,1,True,0.654
flag_20,eda_declined,sonnet,skill_on_e2e,ci_specificity,500,3,0.006,0,0.0,1,specific_model,0.68
flag_20,eda_declined,sonnet,skill_on_e2e,entry_origin,500,3,0.006,0,0.0,1,manual,0.538
flag_20,eda_declined,sonnet,skill_on_e2e,processed_date_missing,500,2,0.004,0,0.0,1,False,0.592
flag_20,eda_declined,sonnet,skill_on_e2e,is_high_value_or_luxury_item,500,2,0.004,0,0.0,1,False,0.982
flag_20,eda_declined,sonnet,skill_on_e2e,repeat_user_flag,500,2,0.004,0,0.0,1,False,0.786
flag_20,eda_declined,haiku,skill_on,travel_expense_flag,500,2,0.004,0,0.0,1,False,0.712
flag_20,eda_declined,haiku,skill_on,asset_type_category,500,7,0.014,0,0.0,1,laptop,0.456
flag_20,eda_declined,haiku,skill_on,item_specification_clarity,500,3,0.006,0,0.0,1,specific_model,0.712
flag_20,eda_declined,haiku,skill_on,processing_time_lag,500,4,0.008,124,0.248,1,delayed_1_to_7_days,0.282
flag_20,eda_declined,haiku,skill_on,data_completeness,500,3,0.006,0,0.0,1,all_fields_present,0.656
flag_20,eda_declined,haiku,skill_on,department_requestor,500,7,0.014,0,0.0,1,Customer_Support,0.544
flag_20,eda_declined,haiku,skill_on,repeat_requestor,500,2,0.004,0,0.0,1,False,0.766
flag_20,eda_declined,haiku,skill_on,asset_cost_tier,500,4,0.008,0,0.0,1,high_cost_asset,0.436
flag_20,eda_declined,sonnet,skill_on,asset_category,500,5,0.01,0,0.0,1,hardware,0.606
flag_20,eda_declined,sonnet,skill_on,ci_device_class,500,8,0.016,0,0.0,1,laptop,0.464
flag_20,eda_declined,sonnet,skill_on,ci_is_generic_or_vague,500,2,0.004,0,0.0,1,False,0.612
flag_20,eda_declined,sonnet,skill_on,entry_method,500,2,0.004,0,0.0,1,manual,0.64
flag_20,eda_declined,sonnet,skill_on,description_specificity,500,4,0.008,0,0.0,1,named_model_specific,0.724
flag_20,eda_declined,sonnet,skill_on,source_id_present,500,2,0.004,0,0.0,1,True,0.654
flag_20,eda_declined,sonnet,skill_on,processing_lag_bucket,500,5,0.01,0,0.0,1,not_processed,0.41
flag_20,eda_declined,sonnet,skill_on,asset_action_type,500,6,0.012,0,0.0,1,registration_tracking,0.322
flag_20,eda_declined,sonnet,skill_on,department_group,500,7,0.014,0,0.0,1,Customer_Support,0.544
flag_20,focus_inference,haiku,skill_off_update,is_processed,500,2,0.004,0,0.0,1,1,0.59
flag_20,focus_inference,haiku,skill_off_update,days_to_process,500,176,0.352,0,0.0,0,1,0.216
flag_20,focus_inference,haiku,skill_off_update,amount_decile,500,10,0.02,0,0.0,1,7,0.1
flag_20,focus_inference,sonnet,skill_off_update,spend_tier,500,3,0.006,0,0.0,1,High,0.542
flag_20,focus_inference,sonnet,skill_off_update,processing_days,500,23,0.046,205,0.41,1,,0.41
flag_20,focus_inference,sonnet,skill_off_update,is_amount_anomaly,500,2,0.004,0,0.0,1,No,0.976
flag_20,focus_inference,sonnet,skill_off_update,fiscal_quarter,500,5,0.01,0,0.0,1,Q3 2023,0.302
flag_20,focus_inference,haiku,skill_on_e2e,asset_category,500,10,0.02,0,0.0,1,hardware_laptop,0.456
flag_20,focus_inference,haiku,skill_on_e2e,travel_relation_strength,500,5,0.01,0,0.0,1,non_travel,0.708
flag_20,focus_inference,haiku,skill_on_e2e,creation_method,500,6,0.012,0,0.0,1,system_generated,0.488
flag_20,focus_inference,haiku,skill_on_e2e,record_purpose_primary,500,6,0.012,0,0.0,1,asset_registration,0.372
flag_20,focus_inference,haiku,skill_on_e2e,department_functional_area,500,7,0.014,0,0.0,1,customer_support,0.544
flag_20,focus_inference,haiku,skill_on_e2e,source_id_presence,500,2,0.004,0,0.0,1,True,0.66
flag_20,focus_inference,sonnet,skill_on_e2e,asset_category,500,5,0.01,0,0.0,1,hardware,0.616
flag_20,focus_inference,sonnet,skill_on_e2e,asset_subcategory,500,13,0.026,18,0.036,1,laptop,0.462
flag_20,focus_inference,sonnet,skill_on_e2e,asset_vendor,500,12,0.024,0,0.0,1,dell,0.538
flag_20,focus_inference,sonnet,skill_on_e2e,record_origin,500,6,0.012,50,0.1,1,asset_registration,0.534
flag_20,focus_inference,sonnet,skill_on_e2e,source_id_present,500,2,0.004,0,0.0,1,True,0.654
flag_20,focus_inference,sonnet,skill_on_e2e,department_group,500,7,0.014,0,0.0,1,customer_support,0.544
flag_20,focus_inference,sonnet,skill_on_e2e,fiscal_quarter,500,4,0.008,0,0.0,1,Q3,0.302
flag_20,focus_inference,haiku,skill_on,processing_status,500,3,0.006,0,0.0,1,processed_dated,0.59
flag_20,focus_inference,haiku,skill_on,source_id_coverage,500,2,0.004,0,0.0,1,True,0.658
flag_20,focus_inference,haiku,skill_on,department_cluster,500,4,0.008,0,0.0,1,customer_support,0.544
flag_20,focus_inference,sonnet,skill_on,asset_category,500,5,0.01,0,0.0,1,hardware,0.608
flag_20,focus_inference,sonnet,skill_on,asset_brand,500,11,0.022,0,0.0,1,Dell,0.538
flag_20,focus_inference,sonnet,skill_on,record_action_type,500,5,0.01,0,0.0,1,registration_tracking,0.636
flag_20,focus_inference,sonnet,skill_on,creation_method,500,3,0.006,0,0.0,1,manual_entry,0.608
flag_20,focus_inference,sonnet,skill_on,processing_lag_bucket,500,4,0.008,0,0.0,1,not_processed,0.41
flag_20,focus_inference,sonnet,skill_on,source_id_present,500,2,0.004,0,0.0,1,True,0.654
flag_20,focus_inference,sonnet,skill_on,ci_specificity,500,4,0.008,0,0.0,1,named_specific_model,0.658
flag_20,focus_inference,sonnet,skill_on,department_cluster,500,7,0.014,0,0.0,1,customer_support,0.544
flag_20,focus_inference,sonnet,skill_on,asset_subcategory_hardware,500,8,0.016,151,0.302,1,laptop,0.448
flag_20,predictive_declined,haiku,skill_off_update,has_processed_date,500,2,0.004,0,0.0,1,1,0.59
flag_20,predictive_declined,haiku,skill_off_update,is_customer_support_travel,500,2,0.004,0,0.0,1,0,0.842
flag_20,predictive_declined,haiku,skill_off_update,is_sales_travel,500,2,0.004,0,0.0,1,0,0.912
flag_20,predictive_declined,sonnet,skill_off_update,missing_source_id,500,2,0.004,0,0.0,1,0,0.656
flag_20,predictive_declined,sonnet,skill_off_update,no_processed_date,500,2,0.004,0,0.0,1,0,0.59
flag_20,predictive_declined,sonnet,skill_off_update,amount_above_travel_median,500,2,0.004,0,0.0,1,0,0.854
flag_20,predictive_declined,sonnet,skill_off_update,amount_below_dept_median,500,2,0.004,0,0.0,1,0,0.858
flag_20,predictive_declined,sonnet,skill_off_update,user_prior_decline_rate,500,23,0.046,0,0.0,1,0.0,0.192
flag_20,predictive_declined,sonnet,skill_off_update,high_decline_dept,500,2,0.004,0,0.0,1,0,0.728
flag_20,predictive_declined,sonnet,skill_off_update,submitted_off_hours,500,2,0.004,0,0.0,1,1,0.562
flag_20,predictive_declined,sonnet,skill_off_update,decline_risk_score,500,10,0.02,0,0.0,1,0.0,0.716
flag_20,predictive_declined,haiku,skill_on_e2e,asset_category_type,500,5,0.01,0,0.0,1,hardware_device,0.65
flag_20,predictive_declined,haiku,skill_on_e2e,creation_mode,500,3,0.006,0,0.0,1,automated_generation,0.592
flag_20,predictive_declined,haiku,skill_on_e2e,travel_intent_signal,500,2,0.004,0,0.0,1,False,0.712
flag_20,predictive_declined,haiku,skill_on_e2e,requestor_department,500,7,0.014,0,0.0,1,customer_support,0.544
flag_20,predictive_declined,haiku,skill_on_e2e,ci_specificity_level,500,4,0.008,0,0.0,1,specific_model,0.734
flag_20,predictive_declined,haiku,skill_on_e2e,has_source_id,500,2,0.004,0,0.0,1,True,0.656
flag_20,predictive_declined,haiku,skill_on_e2e,description_clarity,500,3,0.006,0,0.0,1,clear_intent,0.772
flag_20,predictive_declined,sonnet,skill_on_e2e,asset_category,500,5,0.01,0,0.0,1,hardware,0.592
flag_20,predictive_declined,sonnet,skill_on_e2e,entry_method,500,3,0.006,0,0.0,1,manual_self_input,0.622
flag_20,predictive_declined,sonnet,skill_on_e2e,source_id_present,500,2,0.004,0,0.0,1,True,0.654
flag_20,predictive_declined,sonnet,skill_on_e2e,processing_lag_tier,500,4,0.008,0,0.0,1,not_processed,0.41
flag_20,predictive_declined,sonnet,skill_on_e2e,department_group,500,7,0.014,0,0.0,1,Customer_Support,0.544
flag_20,predictive_declined,sonnet,skill_on_e2e,ci_specificity,500,4,0.008,0,0.0,1,named_model,0.71
flag_20,predictive_declined,sonnet,skill_on_e2e,asset_lifecycle_action,500,7,0.014,0,0.0,1,new_acquisition,0.422
flag_20,predictive_declined,sonnet,skill_on_e2e,is_premium_or_luxury_item,500,2,0.004,0,0.0,1,False,0.97
flag_20,predictive_declined,sonnet,skill_on_e2e,submitter_is_repeat_user,500,2,0.004,0,0.0,1,True,0.912
flag_20,predictive_declined,haiku,skill_on,asset_category_type,500,10,0.02,0,0.0,1,hardware_laptop,0.452
flag_20,predictive_declined,haiku,skill_on,expense_generation_mode,500,2,0.004,0,0.0,1,automatically_generated,0.548
flag_20,predictive_declined,haiku,skill_on,travel_related_indicator,500,2,0.004,0,0.0,1,False,0.716
flag_20,predictive_declined,haiku,skill_on,department_source,500,7,0.014,0,0.0,1,Customer_Support,0.544
flag_20,predictive_declined,haiku,skill_on,processing_delay_signal,500,4,0.008,0,0.0,1,not_yet_processed,0.41
flag_20,predictive_declined,haiku,skill_on,asset_cost_indicator,500,4,0.008,0,0.0,1,high_value_device,0.606
flag_20,predictive_declined,haiku,skill_on,source_id_completeness,500,2,0.004,0,0.0,1,True,0.66
flag_20,predictive_declined,haiku,skill_on,non_standard_asset_flag,500,2,0.004,0,0.0,1,False,0.716
flag_20,predictive_declined,sonnet,skill_on,asset_category,500,5,0.01,0,0.0,1,hardware,0.6
flag_20,predictive_declined,sonnet,skill_on,expense_purpose_type,500,6,0.012,0,0.0,1,asset_registration,0.456
flag_20,predictive_declined,sonnet,skill_on,entry_method,500,3,0.006,0,0.0,1,manual,0.66
flag_20,predictive_declined,sonnet,skill_on,has_source_id,500,2,0.004,0,0.0,1,True,0.654
flag_20,predictive_declined,sonnet,skill_on,processing_lag_band,500,5,0.01,0,0.0,1,not_processed,0.41
flag_20,predictive_declined,sonnet,skill_on,luxury_or_premium_indicator,500,2,0.004,0,0.0,1,False,0.974
flag_20,predictive_declined,sonnet,skill_on,ci_is_generic_or_ambiguous,500,2,0.004,0,0.0,1,False,0.584
flag_20,predictive_declined,sonnet,skill_on,opened_day_of_week,500,7,0.014,0,0.0,1,Friday,0.154
flag_20,predictive_declined,sonnet,skill_on,recurring_user_flag,500,2,0.004,0,0.0,1,True,0.862
flag_28,causal_department,haiku,skill_off_update,department_avg_completion,550,4,0.0073,0,0.0,1,42.37837837837838,0.2691
flag_28,causal_department,haiku,skill_off_update,exceeds_dept_avg,550,2,0.0036,0,0.0,1,1,0.5309
flag_28,causal_department,haiku,skill_off_update,exceeds_overall_avg,550,2,0.0036,0,0.0,1,1,0.5636
flag_28,causal_department,haiku,skill_off_update,status_numeric,550,4,0.0073,0,0.0,1,1,0.4836
flag_28,causal_department,sonnet,skill_off_update,goal_achieved,550,2,0.0036,0,0.0,1,0,0.7473
flag_28,causal_department,sonnet,skill_off_update,completion_gap,550,130,0.2364,0,0.0,0,14,0.0255
flag_28,causal_department,sonnet,skill_off_update,dept_goal_achievement_rate,550,4,0.0073,0,0.0,1,0.1486,0.2691
flag_28,causal_department,sonnet,skill_off_update,dept_avg_target_pct,550,4,0.0073,0,0.0,1,74.17,0.2691
flag_28,causal_department,sonnet,skill_off_update,dept_avg_completion_pct,550,4,0.0073,0,0.0,1,42.38,0.2691
flag_28,causal_department,sonnet,skill_off_update,dept_completion_rate,550,4,0.0073,0,0.0,1,0.4459,0.2691
flag_28,causal_department,sonnet,skill_off_update,dept_cancellation_rate,550,4,0.0073,0,0.0,1,0.0541,0.2691
flag_28,causal_department,sonnet,skill_off_update,dept_high_priority_rate,550,4,0.0073,0,0.0,1,0.1622,0.2691
flag_28,causal_department,haiku,skill_on_e2e,goal_outcome_dimension,550,4,0.0073,0,0.0,1,financial_efficiency,0.2909
flag_28,causal_department,haiku,skill_on_e2e,strategy_intervention_type,550,6,0.0109,0,0.0,1,people_engagement,0.3964
flag_28,causal_department,haiku,skill_on_e2e,implementation_mechanism_class,550,4,0.0073,0,0.0,1,training_engagement,0.3927
flag_28,causal_department,haiku,skill_on_e2e,execution_timeline,550,4,0.0073,10,0.0182,1,fiscal_year_sustained,0.5436
flag_28,causal_department,sonnet,skill_on_e2e,primary_lever,550,6,0.0109,0,0.0,1,people_engagement,0.2164
flag_28,causal_department,sonnet,skill_on_e2e,improvement_mechanism,550,8,0.0145,0,0.0,1,feedback_system,0.2218
flag_28,causal_department,sonnet,skill_on_e2e,goal_complexity,550,3,0.0055,0,0.0,1,multi_action,0.5109
flag_28,causal_department,sonnet,skill_on_e2e,time_horizon,550,5,0.0091,58,0.1055,1,within_fiscal_year,0.4764
flag_28,causal_department,sonnet,skill_on_e2e,target_ambition_level,550,4,0.0073,10,0.0182,1,moderate_15_to_25pct,0.7964
flag_28,causal_department,sonnet,skill_on_e2e,quantified_target_present,550,2,0.0036,0,0.0,1,True,0.9982
flag_28,causal_department,sonnet,skill_on_e2e,metric_outcome_alignment,550,2,0.0036,0,0.0,1,misaligned,0.6
flag_28,causal_department,sonnet,skill_on_e2e,cross_functional_dependency,550,2,0.0036,0,0.0,1,False,0.9964
flag_28,causal_department,sonnet,skill_on_e2e,technology_enabler_required,550,2,0.0036,0,0.0,1,False,0.5273
flag_28,causal_department,haiku,skill_on,goal_outcome_domain,550,5,0.0091,0,0.0,1,employee_satisfaction,0.2145
flag_28,causal_department,haiku,skill_on,improvement_mechanism,550,5,0.0091,0,0.0,1,training_or_engagement,0.2655
flag_28,causal_department,haiku,skill_on,resource_dependency_type,550,4,0.0073,0,0.0,1,internal_process,0.4273
flag_28,causal_department,haiku,skill_on,target_metric_type,550,4,0.0073,0,0.0,1,employee_turnover_rate,0.2782
flag_28,causal_department,haiku,skill_on,time_frame_horizon,550,4,0.0073,44,0.08,1,quarterly,0.4636
flag_28,causal_department,sonnet,skill_on,intervention_type,550,8,0.0145,0,0.0,1,marketing_sales,0.2109
flag_28,causal_department,sonnet,skill_on,primary_action_lever,550,7,0.0127,0,0.0,1,workflow_automation,0.1964
flag_28,causal_department,sonnet,skill_on,outcome_domain,550,5,0.0091,0,0.0,1,employee_satisfaction,0.2145
flag_28,causal_department,sonnet,skill_on,goal_ambition_level,550,4,0.0073,39,0.0709,1,standard_20pct,0.7673
flag_28,causal_department,sonnet,skill_on,time_horizon,550,5,0.0091,53,0.0964,1,within_fiscal_year,0.4782
flag_28,causal_department,sonnet,skill_on,scope_breadth,550,4,0.0073,0,0.0,1,company_wide,0.6345
flag_28,causal_department,sonnet,skill_on,technology_enablement,550,2,0.0036,0,0.0,1,False,0.72
flag_28,causal_department,sonnet,skill_on,action_specificity,550,2,0.0036,0,0.0,1,multi_action_plan,0.5055
flag_28,causal_department,sonnet,skill_on,metric_goal_alignment,550,2,0.0036,0,0.0,1,True,0.5236
flag_28,causal_department,sonnet,skill_on,initiative_novelty,550,3,0.0055,0,0.0,1,new_program_launch,0.3782
flag_28,causal_department,sonnet,skill_on,dependency_on_external_party,550,2,0.0036,0,0.0,1,False,0.8109
flag_28,concept_attribute_success,haiku,skill_off_update,achievement_gap,550,130,0.2364,0,0.0,0,14,0.0255
flag_28,concept_attribute_success,haiku,skill_off_update,progress_status,550,3,0.0055,0,0.0,1,significantly_below,0.5164
flag_28,concept_attribute_success,haiku,skill_off_update,priority_score,550,4,0.0073,0,0.0,1,1,0.3509
flag_28,concept_attribute_success,haiku,skill_off_update,priority_completion_alignment,550,2,0.0036,0,0.0,1,neutral,0.8018
flag_28,concept_attribute_success,haiku,skill_off_update,achievement_level,550,3,0.0055,0,0.0,1,achieved,0.4836
flag_28,concept_attribute_success,sonnet,skill_off_update,goal_specificity_score,550,3,0.0055,0,0.0,1,2,0.62
flag_28,concept_attribute_success,sonnet,skill_off_update,has_quantified_target,550,2,0.0036,0,0.0,1,Yes,0.9964
flag_28,concept_attribute_success,sonnet,skill_off_update,goal_duration_days,550,309,0.5618,0,0.0,0,183,0.0109
flag_28,concept_attribute_success,sonnet,skill_off_update,priority_numeric,550,4,0.0073,0,0.0,1,2,0.3509
flag_28,concept_attribute_success,sonnet,skill_off_update,achievement_vs_target,550,4,0.0073,0,0.0,1,Low Progress,0.3255
flag_28,concept_attribute_success,sonnet,skill_off_update,goal_outcome,550,7,0.0127,0,0.0,1,Successful Completion,0.3018
flag_28,concept_attribute_success,haiku,skill_on_e2e,goal_outcome_domain,550,5,0.0091,0,0.0,1,employee_satisfaction,0.2145
flag_28,concept_attribute_success,haiku,skill_on_e2e,improvement_mechanism,550,6,0.0109,0,0.0,1,staff_training,0.32
flag_28,concept_attribute_success,haiku,skill_on_e2e,implementation_scope,550,4,0.0073,0,0.0,1,single_function,0.5
flag_28,concept_attribute_success,haiku,skill_on_e2e,measurement_rigor,550,2,0.0036,0,0.0,1,quantified_target_only,0.6927
flag_28,concept_attribute_success,haiku,skill_on_e2e,stakeholder_engagement,550,5,0.0091,0,0.0,1,cross_functional_collaboration,0.3036
flag_28,concept_attribute_success,haiku,skill_on_e2e,capability_investment,550,2,0.0036,0,0.0,1,False,0.54
flag_28,concept_attribute_success,haiku,skill_on_e2e,feedback_mechanism,550,2,0.0036,0,0.0,1,False,0.82
flag_28,concept_attribute_success,sonnet,skill_on_e2e,intervention_type,550,9,0.0164,6,0.0109,1,process_redesign,0.3036
flag_28,concept_attribute_success,sonnet,skill_on_e2e,goal_specificity,550,3,0.0055,0,0.0,1,quantified_no_baseline,0.7564
flag_28,concept_attribute_success,sonnet,skill_on_e2e,multi_lever_goal,550,2,0.0036,0,0.0,1,False,0.7055
flag_28,concept_attribute_success,sonnet,skill_on_e2e,timeline_horizon,550,5,0.0091,55,0.1,1,within_year,0.4691
flag_28,concept_attribute_success,sonnet,skill_on_e2e,scope_breadth,550,3,0.0055,0,0.0,1,cross_dept_or_company_wide,0.7364
flag_28,concept_attribute_success,sonnet,skill_on_e2e,technology_lever,550,2,0.0036,0,0.0,1,False,0.7291
flag_28,concept_attribute_success,sonnet,skill_on_e2e,feedback_loop_present,550,2,0.0036,0,0.0,1,False,0.8164
flag_28,concept_attribute_success,sonnet,skill_on_e2e,measurement_mechanism,550,4,0.0073,0,0.0,1,employee_turnover_rate,0.2782
flag_28,concept_attribute_success,haiku,skill_on,goal_outcome_domain,550,5,0.0091,0,0.0,1,employee_satisfaction,0.2145
flag_28,concept_attribute_success,haiku,skill_on,improvement_mechanism,550,6,0.0109,0,0.0,1,capability_building,0.2236
flag_28,concept_attribute_success,haiku,skill_on,stakeholder_involvement_scope,550,6,0.0109,0,0.0,1,infrastructure_wide,0.2382
flag_28,concept_attribute_success,haiku,skill_on,measurement_clarity,550,1,0.0018,0,0.0,1,True,1.0
flag_28,concept_attribute_success,sonnet,skill_on,primary_intervention_type,550,7,0.0127,0,0.0,1,marketing_sales,0.2109
flag_28,concept_attribute_success,sonnet,skill_on,measurement_mechanism,550,4,0.0073,0,0.0,1,turnover_rate,0.2782
flag_28,concept_attribute_success,sonnet,skill_on,time_horizon,550,5,0.0091,58,0.1055,1,within_fiscal_year,0.4691
flag_28,concept_attribute_success,sonnet,skill_on,stakeholder_scope,550,6,0.0109,0,0.0,1,company_wide,0.6473
flag_28,concept_attribute_success,sonnet,skill_on,baseline_reference_present,550,2,0.0036,0,0.0,1,False,0.7618
flag_28,concept_attribute_success,sonnet,skill_on,comparative_reference_type,550,5,0.0091,0,0.0,1,prior_fiscal_year,0.46
flag_28,concept_attribute_success,sonnet,skill_on,improvement_magnitude_tier,550,4,0.0073,28,0.0509,1,standard_20pct,0.7709
flag_28,concept_attribute_success,sonnet,skill_on,technology_enablement,550,2,0.0036,0,0.0,1,False,0.7327
flag_28,concept_attribute_success,sonnet,skill_on,multi_initiative_goal,550,2,0.0036,0,0.0,1,False,0.7382
flag_28,concept_attribute_success,sonnet,skill_on,external_vs_internal_focus,550,4,0.0073,0,0.0,1,internal_operations,0.3691
flag_28,eda_achievement,haiku,skill_off_update,achievement_gap,550,130,0.2364,0,0.0,0,14.0,0.0255
flag_28,eda_achievement,haiku,skill_off_update,on_track,550,2,0.0036,0,0.0,1,Yes,0.7127
flag_28,eda_achievement,haiku,skill_off_update,priority_impact_level,550,4,0.0073,0,0.0,1,Medium Impact,0.3509
flag_28,eda_achievement,haiku,skill_off_update,goal_status_category,550,3,0.0055,0,0.0,1,Achieved,0.4836
flag_28,eda_achievement,sonnet,skill_off_update,achievement_status,550,6,0.0109,0,0.0,1,Achieved,0.2527
flag_28,eda_achievement,sonnet,skill_off_update,completion_gap,550,130,0.2364,0,0.0,0,-14.0,0.0255
flag_28,eda_achievement,sonnet,skill_off_update,duration_days,550,365,0.6636,0,0.0,0,183,0.0109
flag_28,eda_achievement,sonnet,skill_off_update,management_practice,550,6,0.0109,0,0.0,1,Other,0.2527
flag_28,eda_achievement,haiku,skill_on_e2e,goal_outcome_domain,550,5,0.0091,0,0.0,1,employee_satisfaction,0.2145
flag_28,eda_achievement,haiku,skill_on_e2e,improvement_mechanism,550,6,0.0109,0,0.0,1,process_optimization,0.2073
flag_28,eda_achievement,haiku,skill_on_e2e,management_practice_type,550,6,0.0109,0,0.0,1,employee_engagement,0.2145
flag_28,eda_achievement,haiku,skill_on_e2e,measurement_metric_type,550,4,0.0073,0,0.0,1,employee_turnover_rate,0.2782
flag_28,eda_achievement,haiku,skill_on_e2e,metric_alignment_category,550,3,0.0055,0,0.0,1,indirectly_measures,0.4455
flag_28,eda_achievement,haiku,skill_on_e2e,implementation_scope,550,5,0.0091,0,0.0,1,organization_wide,0.6455
flag_28,eda_achievement,haiku,skill_on_e2e,baseline_comparison_type,550,4,0.0073,8,0.0145,1,prior_year,0.5673
flag_28,eda_achievement,haiku,skill_on_e2e,technology_automation_lever,550,2,0.0036,0,0.0,1,False,0.78
flag_28,eda_achievement,haiku,skill_on_e2e,human_centered_practice,550,2,0.0036,0,0.0,1,False,0.6345
flag_28,eda_achievement,haiku,skill_on_e2e,stakeholder_engagement_signal,550,5,0.0091,0,0.0,1,no_engagement_signal,0.7
flag_28,eda_achievement,sonnet,skill_on_e2e,improvement_lever,550,7,0.0127,0,0.0,1,feedback_system,0.2436
flag_28,eda_achievement,sonnet,skill_on_e2e,technology_enabler,550,2,0.0036,0,0.0,1,False,0.7145
flag_28,eda_achievement,sonnet,skill_on_e2e,employee_involvement_required,550,1,0.0018,0,0.0,1,True,1.0
flag_28,eda_achievement,sonnet,skill_on_e2e,target_outcome_domain,550,5,0.0091,0,0.0,1,employee_satisfaction,0.2145
flag_28,eda_achievement,sonnet,skill_on_e2e,time_horizon,550,5,0.0091,68,0.1236,1,within_year,0.4655
flag_28,eda_achievement,sonnet,skill_on_e2e,scope_of_change,550,4,0.0073,0,0.0,1,company_wide,0.74
flag_28,eda_achievement,sonnet,skill_on_e2e,measurement_mechanism,550,5,0.0091,0,0.0,1,percentage_rate,0.5182
flag_28,eda_achievement,sonnet,skill_on_e2e,metric_category_alignment,550,2,0.0036,0,0.0,1,False,0.8655
flag_28,eda_achievement,sonnet,skill_on_e2e,baseline_reference_present,550,2,0.0036,0,0.0,1,False,0.6873
flag_28,eda_achievement,haiku,skill_on,improvement_domain,550,5,0.0091,0,0.0,1,employee_satisfaction,0.2145
flag_28,eda_achievement,haiku,skill_on,improvement_mechanism,550,6,0.0109,0,0.0,1,training_engagement,0.2327
flag_28,eda_achievement,haiku,skill_on,process_automation,550,2,0.0036,0,0.0,1,False,0.7855
flag_28,eda_achievement,haiku,skill_on,training_engagement,550,2,0.0036,0,0.0,1,False,0.7709
flag_28,eda_achievement,haiku,skill_on,resource_optimization,550,2,0.0036,0,0.0,1,False,0.6455
flag_28,eda_achievement,haiku,skill_on,temporal_scope,550,5,0.0091,0,0.0,1,quarter,0.4291
flag_28,eda_achievement,haiku,skill_on,stakeholder_scope,550,5,0.0091,0,0.0,1,financial_cost_focus,0.2545
flag_28,eda_achievement,haiku,skill_on,financial_quantification,550,2,0.0036,0,0.0,1,True,0.8036
flag_28,eda_achievement,sonnet,skill_on,primary_action_lever,550,6,0.0109,0,0.0,1,process_improvement,0.2527
flag_28,eda_achievement,sonnet,skill_on,management_practice_type,550,7,0.0127,94,0.1709,1,workflow_redesign,0.54
flag_28,eda_achievement,sonnet,skill_on,cost_reduction_method,550,7,0.0127,357,0.6491,1,,0.4673
flag_28,eda_achievement,sonnet,skill_on,time_horizon,550,5,0.0091,53,0.0964,1,within_year,0.4945
flag_28,eda_achievement,sonnet,skill_on,measurement_mechanism,550,5,0.0091,0,0.0,1,rate_percentage,0.5364
flag_28,eda_achievement,sonnet,skill_on,initiative_scope,550,4,0.0073,0,0.0,1,company_wide,0.7255
flag_28,eda_achievement,sonnet,skill_on,has_quantified_baseline,550,2,0.0036,0,0.0,1,False,0.7745
flag_28,eda_achievement,sonnet,skill_on,multi_lever_goal,550,2,0.0036,0,0.0,1,True,0.8073
flag_28,eda_achievement,sonnet,skill_on,metric_category_alignment,550,2,0.0036,0,0.0,1,False,0.86
flag_28,focus_inference,haiku,skill_off_update,completion_gap,550,130,0.2364,0,0.0,0,14,0.0255
flag_28,focus_inference,haiku,skill_off_update,target_achievement_ratio,550,155,0.2818,0,0.0,0,1.0,0.02
flag_28,focus_inference,haiku,skill_off_update,priority_rigor,550,4,0.0073,0,0.0,1,routine,0.9055
flag_28,focus_inference,haiku,skill_off_update,anomaly_flag,550,9,0.0164,407,0.74,1,none,0.74
flag_28,focus_inference,sonnet,skill_off_update,completion_gap,550,130,0.2364,0,0.0,0,-14.0,0.0255
flag_28,focus_inference,sonnet,skill_off_update,is_overdue,550,2,0.0036,0,0.0,1,No,0.5273
flag_28,focus_inference,sonnet,skill_off_update,attention_flag,550,3,0.0055,0,0.0,1,On Track,0.4836
flag_28,focus_inference,sonnet,skill_off_update,duration_days,550,365,0.6636,0,0.0,0,183,0.0109
flag_28,focus_inference,haiku,skill_on_e2e,goal_outcome_domain,550,5,0.0091,0,0.0,1,employee_satisfaction,0.2145
flag_28,focus_inference,haiku,skill_on_e2e,primary_intervention_type,550,7,0.0127,0,0.0,1,service_enhancement,0.2327
flag_28,focus_inference,haiku,skill_on_e2e,business_process_domain,550,7,0.0127,0,0.0,1,human_resources,0.2164
flag_28,focus_inference,haiku,skill_on_e2e,quantified_financial_impact,550,2,0.0036,0,0.0,1,True,0.7891
flag_28,focus_inference,haiku,skill_on_e2e,has_baseline_measurement,550,2,0.0036,0,0.0,1,True,0.6927
flag_28,focus_inference,sonnet,skill_on_e2e,primary_lever,550,8,0.0145,0,0.0,1,process_improvement,0.2418
flag_28,focus_inference,sonnet,skill_on_e2e,improvement_target_type,550,7,0.0127,0,0.0,1,employee_engagement,0.2145
flag_28,focus_inference,sonnet,skill_on_e2e,target_audience_scope,550,5,0.0091,0,0.0,1,organization_wide,0.2236
flag_28,focus_inference,sonnet,skill_on_e2e,time_horizon,550,5,0.0091,58,0.1055,1,within_fiscal_year,0.4818
flag_28,focus_inference,sonnet,skill_on_e2e,baseline_comparison_type,550,5,0.0091,0,0.0,1,prior_quarter,0.3291
flag_28,focus_inference,sonnet,skill_on_e2e,metric_category_alignment,550,2,0.0036,0,0.0,1,False,0.9418
flag_28,focus_inference,haiku,skill_on,goal_outcome_domain,550,5,0.0091,0,0.0,1,employee_satisfaction,0.2145
flag_28,focus_inference,haiku,skill_on,intervention_type,550,5,0.0091,0,0.0,1,automation_technology,0.2327
flag_28,focus_inference,haiku,skill_on,temporal_commitment_level,550,3,0.0055,0,0.0,1,medium_term_fiscal_year,0.5473
flag_28,focus_inference,haiku,skill_on,baseline_vs_target_specificity,550,3,0.0055,0,0.0,1,target_only,0.6218
flag_28,focus_inference,haiku,skill_on,financial_quantification,550,2,0.0036,0,0.0,1,True,0.5727
flag_28,focus_inference,haiku,skill_on,scope_span,550,3,0.0055,0,0.0,1,single_function_or_team,0.5218
flag_28,focus_inference,sonnet,skill_on,primary_lever,550,8,0.0145,0,0.0,1,automation,0.1945
flag_28,focus_inference,sonnet,skill_on,improvement_mechanism,550,7,0.0127,0,0.0,1,workflow_automation,0.2236
flag_28,focus_inference,sonnet,skill_on,improvement_magnitude,550,5,0.0091,1,0.0018,1,moderate_15_to_20pct,0.76
flag_28,focus_inference,sonnet,skill_on,target_scope,550,5,0.0091,0,0.0,1,company_wide,0.6618
flag_28,focus_inference,sonnet,skill_on,timeframe_horizon,550,5,0.0091,62,0.1127,1,within_fiscal_year,0.4764
flag_28,focus_inference,sonnet,skill_on,metric_goal_alignment,550,2,0.0036,0,0.0,1,False,0.6273
flag_28,focus_inference,sonnet,skill_on,has_baseline_value,550,2,0.0036,0,0.0,1,False,0.7709
flag_28,focus_inference,sonnet,skill_on,initiative_type,550,6,0.0109,0,0.0,1,process_redesign,0.2727
flag_28,predictive_high,haiku,skill_off_update,achievement_score,550,268,0.4873,0,0.0,0,1.0,0.1964
flag_28,predictive_high,haiku,skill_off_update,status_is_completed,550,2,0.0036,0,0.0,1,0,0.5164
flag_28,predictive_high,haiku,skill_off_update,priority_is_high,550,2,0.0036,0,0.0,1,0,0.6636
flag_28,predictive_high,haiku,skill_off_update,completion_rate_high,550,2,0.0036,0,0.0,1,0,0.7
flag_28,predictive_high,haiku,skill_off_update,time_spent_ratio,550,101,0.1836,0,0.0,1,1.0,0.1491
flag_28,predictive_high,sonnet,skill_off_update,completion_gap,550,130,0.2364,0,0.0,0,-14,0.0255
flag_28,predictive_high,sonnet,skill_off_update,progress_ratio,550,489,0.8891,0,0.0,0,1.0,0.02
flag_28,predictive_high,sonnet,skill_off_update,priority_score,550,4,0.0073,0,0.0,1,2,0.3509
flag_28,predictive_high,sonnet,skill_off_update,duration_days,550,365,0.6636,0,0.0,0,183,0.0109
flag_28,predictive_high,sonnet,skill_off_update,is_on_track,550,2,0.0036,0,0.0,1,0,0.58
flag_28,predictive_high,sonnet,skill_off_update,high_achievement_score,550,511,0.9291,0,0.0,0,3.0,0.0109
flag_28,predictive_high,haiku,skill_on_e2e,outcome_domain,550,5,0.0091,0,0.0,1,employee_satisfaction,0.2145
flag_28,predictive_high,haiku,skill_on_e2e,baseline_reference,550,3,0.0055,0,0.0,1,explicit_baseline,0.5109
flag_28,predictive_high,haiku,skill_on_e2e,target_scope,550,5,0.0091,0,0.0,1,company_wide,0.7964
flag_28,predictive_high,haiku,skill_on_e2e,temporal_urgency,550,4,0.0073,11,0.02,1,mid_term_fiscal_year,0.5618
flag_28,predictive_high,sonnet,skill_on_e2e,goal_category,550,5,0.0091,0,0.0,1,Employee Satisfaction,0.2145
flag_28,predictive_high,sonnet,skill_on_e2e,intervention_type,550,7,0.0127,0,0.0,1,feedback_system,0.2182
flag_28,predictive_high,sonnet,skill_on_e2e,time_horizon,550,5,0.0091,64,0.1164,1,within_year,0.4655
flag_28,predictive_high,sonnet,skill_on_e2e,has_quantified_baseline,550,2,0.0036,0,0.0,1,False,0.72
flag_28,predictive_high,sonnet,skill_on_e2e,has_specific_tactic,550,1,0.0018,0,0.0,1,True,1.0
flag_28,predictive_high,sonnet,skill_on_e2e,metric_alignment,550,2,0.0036,0,0.0,1,misaligned,0.6418
flag_28,predictive_high,sonnet,skill_on_e2e,measurement_instrument,550,5,0.0091,0,0.0,1,financial_kpi,0.3655
flag_28,predictive_high,sonnet,skill_on_e2e,goal_scope,550,4,0.0073,0,0.0,1,company_wide,0.72
flag_28,predictive_high,sonnet,skill_on_e2e,comparison_reference,550,5,0.0091,0,0.0,1,no_explicit_reference,0.3091
flag_28,predictive_high,sonnet,skill_on_e2e,multi_lever_goal,550,2,0.0036,0,0.0,1,False,0.7273
flag_28,predictive_high,sonnet,skill_on_e2e,monitoring_frequency,550,6,0.0109,96,0.1745,1,quarterly,0.3927
flag_28,predictive_high,haiku,skill_on,goal_category,550,5,0.0091,0,0.0,1,employee_satisfaction,0.2145
flag_28,predictive_high,haiku,skill_on,improvement_mechanism,550,7,0.0127,0,0.0,1,training_engagement,0.2345
flag_28,predictive_high,haiku,skill_on,measurement_baseline_specified,550,2,0.0036,0,0.0,1,False,0.6382
flag_28,predictive_high,haiku,skill_on,timeline_specificity,550,5,0.0091,0,0.0,1,fiscal_year,0.4618
flag_28,predictive_high,haiku,skill_on,metric_goal_alignment,550,3,0.0055,0,0.0,1,misaligned_to_domain,0.6982
flag_28,predictive_high,haiku,skill_on,financial_quantification,550,2,0.0036,0,0.0,1,False,0.6345
flag_28,predictive_high,sonnet,skill_on,intervention_type,550,8,0.0145,0,0.0,1,process_improvement,0.2091
flag_28,predictive_high,sonnet,skill_on,action_concreteness,550,3,0.0055,0,0.0,1,multi_action,0.5564
flag_28,predictive_high,sonnet,skill_on,technology_enablement,550,2,0.0036,0,0.0,1,False,0.7164
flag_28,predictive_high,sonnet,skill_on,target_specificity,550,2,0.0036,0,0.0,1,quantified_percentage,0.7891
flag_28,predictive_high,sonnet,skill_on,baseline_referenced,550,2,0.0036,0,0.0,1,False,0.7545
flag_28,predictive_high,sonnet,skill_on,measurement_method,550,4,0.0073,0,0.0,1,financial_metric,0.3891
flag_28,predictive_high,sonnet,skill_on,scope_breadth,550,4,0.0073,0,0.0,1,company_wide,0.6782
flag_28,predictive_high,sonnet,skill_on,time_horizon,550,5,0.0091,0,0.0,1,within_fiscal_year,0.4709
flag_28,predictive_high,sonnet,skill_on,improvement_magnitude,550,4,0.0073,9,0.0164,1,standard_15_20pct,0.7509
flag_28,predictive_high,sonnet,skill_on,comparison_reference,550,4,0.0073,0,0.0,1,prior_year,0.4909
flag_28,predictive_high,sonnet,skill_on,feedback_loop_present,550,2,0.0036,0,0.0,1,False,0.8
flag_28,whatif_practices,haiku,skill_off_update,performance_category,550,5,0.0091,0,0.0,1,At Risk,0.3618
flag_28,whatif_practices,haiku,skill_off_update,achievement_gap,550,130,0.2364,0,0.0,0,14,0.0255
flag_28,whatif_practices,haiku,skill_off_update,target_alignment,550,4,0.0073,0,0.0,1,Misaligned,0.3255
flag_28,whatif_practices,haiku,skill_off_update,improvement_potential,550,5,0.0091,0,0.0,1,22,0.3618
flag_28,whatif_practices,sonnet,skill_off_update,current_achievement_rate,550,489,0.8891,0,0.0,0,1.0,0.02
flag_28,whatif_practices,sonnet,skill_off_update,is_top_performer_priority,550,2,0.0036,0,0.0,1,False,0.6636
flag_28,whatif_practices,sonnet,skill_off_update,top_performer_benchmark_achievement,550,5,0.0091,0,0.0,1,1.0786,0.2145
flag_28,whatif_practices,sonnet,skill_off_update,projected_achievement_rate,550,175,0.3182,0,0.0,0,1.093,0.1436
flag_28,whatif_practices,sonnet,skill_off_update,projected_improvement_pct_pts,550,323,0.5873,0,0.0,0,0.0,0.3364
flag_28,whatif_practices,haiku,skill_on_e2e,goal_category,550,5,0.0091,0,0.0,1,employee_satisfaction,0.2145
flag_28,whatif_practices,haiku,skill_on_e2e,implementation_mechanism,550,8,0.0145,0,0.0,1,market_expansion,0.2109
flag_28,whatif_practices,haiku,skill_on_e2e,measurement_metric_type,550,4,0.0073,0,0.0,1,employee_turnover_rate,0.2782
flag_28,whatif_practices,haiku,skill_on_e2e,plan_specificity,550,2,0.0036,0,0.0,1,high_detail,0.72
flag_28,whatif_practices,haiku,skill_on_e2e,baseline_reference,550,2,0.0036,0,0.0,1,True,0.7127
flag_28,whatif_practices,haiku,skill_on_e2e,stakeholder_engagement_signal,550,4,0.0073,0,0.0,1,employee_involvement,0.3382
flag_28,whatif_practices,haiku,skill_on_e2e,technology_dependency,550,2,0.0036,0,0.0,1,False,0.7127
flag_28,whatif_practices,haiku,skill_on_e2e,scope_specificity,550,5,0.0091,0,0.0,1,broad_organizational,0.3145
flag_28,whatif_practices,haiku,skill_on_e2e,financial_impact_quantified,550,2,0.0036,0,0.0,1,True,0.8164
flag_28,whatif_practices,sonnet,skill_on_e2e,goal_practice_type,550,7,0.0127,0,0.0,1,feedback_system,0.2491
flag_28,whatif_practices,sonnet,skill_on_e2e,goal_specificity_level,550,2,0.0036,0,0.0,1,medium_specific,0.7
flag_28,whatif_practices,sonnet,skill_on_e2e,has_baseline_value,550,2,0.0036,0,0.0,1,False,0.7691
flag_28,whatif_practices,sonnet,skill_on_e2e,improvement_lever,550,7,0.0127,0,0.0,1,survey_feedback_loop,0.2545
flag_28,whatif_practices,sonnet,skill_on_e2e,multi_lever_approach,550,2,0.0036,0,0.0,1,False,0.7018
flag_28,whatif_practices,sonnet,skill_on_e2e,comparison_reference_type,550,5,0.0091,83,0.1509,1,prior_year,0.4727
flag_28,whatif_practices,sonnet,skill_on_e2e,time_horizon,550,5,0.0091,56,0.1018,1,within_year,0.4745
flag_28,whatif_practices,sonnet,skill_on_e2e,target_improvement_magnitude,550,4,0.0073,17,0.0309,1,moderate_15_to_20pct,0.7582
flag_28,whatif_practices,haiku,skill_on,goal_outcome_domain,550,5,0.0091,0,0.0,1,employee_satisfaction,0.2145
flag_28,whatif_practices,haiku,skill_on,improvement_mechanism,550,8,0.0145,0,0.0,1,market_expansion,0.2127
flag_28,whatif_practices,haiku,skill_on,measurement_metric_alignment,550,4,0.0073,0,0.0,1,employee_turnover_rate,0.2709
flag_28,whatif_practices,haiku,skill_on,quantified_financial_scope,550,2,0.0036,0,0.0,1,True,0.7964
flag_28,whatif_practices,haiku,skill_on,time_horizon_specificity,550,5,0.0091,27,0.0491,1,next_quarter,0.3764
flag_28,whatif_practices,haiku,skill_on,baseline_reference_type,550,5,0.0091,45,0.0818,1,previous_year,0.5182
flag_28,whatif_practices,haiku,skill_on,outcome_measurement_specificity,550,3,0.0055,0,0.0,1,percentage_improvement,0.7618
flag_28,whatif_practices,haiku,skill_on,stakeholder_commitment_signal,550,4,0.0073,0,0.0,1,single_lever,0.7
flag_28,whatif_practices,haiku,skill_on,interdependency_scope,550,3,0.0055,0,0.0,1,single_function,0.5564
flag_28,whatif_practices,sonnet,skill_on,goal_approach_type,550,7,0.0127,0,0.0,1,market_expansion,0.2109
flag_28,whatif_practices,sonnet,skill_on,action_specificity,550,3,0.0055,0,0.0,1,multi_action_plan,0.5091
flag_28,whatif_practices,sonnet,skill_on,ambition_level,550,5,0.0091,1,0.0018,1,moderate_15_to_25pct,0.7745
flag_28,whatif_practices,sonnet,skill_on,measurement_mechanism,550,5,0.0091,0,0.0,1,financial_metric,0.3327
flag_28,whatif_practices,sonnet,skill_on,time_horizon,550,6,0.0109,16,0.0291,1,within_fiscal_year,0.4782
flag_28,whatif_practices,sonnet,skill_on,cross_functional_dependency,550,1,0.0018,0,0.0,1,False,1.0
flag_28,whatif_practices,sonnet,skill_on,feedback_loop_included,550,2,0.0036,0,0.0,1,False,0.8073
flag_28,whatif_practices,sonnet,skill_on,automation_lever,550,2,0.0036,0,0.0,1,False,0.8218
flag_28,whatif_practices,sonnet,skill_on,multi_lever_goal,550,2,0.0036,0,0.0,1,False,0.8236
flag_28,whatif_practices,sonnet,skill_on,initiative_cadence,550,5,0.0091,56,0.1018,1,annual,0.4545
flag_6,causal_agent,haiku,skill_off_update,resolution_hours,500,467,0.934,22,0.044,0,,0.044
flag_6,causal_agent,haiku,skill_off_update,priority_numeric,500,3,0.006,0,0.0,1,2,0.758
flag_6,causal_agent,haiku,skill_off_update,category_type,500,3,0.006,0,0.0,1,Infrastructure,0.838
flag_6,causal_agent,haiku,skill_off_update,is_critical,500,2,0.004,0,0.0,1,0,0.824
flag_6,causal_agent,haiku,skill_off_update,assigned_to_experience,500,104,0.208,0,0.0,0,0,0.012
flag_6,causal_agent,haiku,skill_off_update,category_incident_count,500,60,0.12,0,0.0,1,0,0.052
flag_6,causal_agent,sonnet,skill_off_update,resolution_hours,500,467,0.934,22,0.044,0,,0.044
flag_6,causal_agent,sonnet,skill_off_update,priority_numeric,500,3,0.006,0,0.0,1,2,0.758
flag_6,causal_agent,sonnet,skill_off_update,agent_avg_resolution_hours,500,6,0.012,0,0.0,1,160.22,0.208
flag_6,causal_agent,sonnet,skill_off_update,agent_concurrent_load,500,14,0.028,0,0.0,1,1,0.308
flag_6,causal_agent,sonnet,skill_off_update,category_avg_resolution_hours,500,5,0.01,0,0.0,1,264.91,0.568
flag_6,causal_agent,sonnet,skill_off_update,is_self_closed,500,2,0.004,0,0.0,1,0,0.78
flag_6,causal_agent,haiku,skill_on_e2e,assigned_agent,500,6,0.012,11,0.022,1,Luke Wilson,0.208
flag_6,causal_agent,haiku,skill_on_e2e,issue_category,500,8,0.016,0,0.0,1,email,0.272
flag_6,causal_agent,haiku,skill_on_e2e,issue_complexity,500,6,0.012,7,0.014,1,infrastructure_failure,0.304
flag_6,causal_agent,haiku,skill_on_e2e,issue_severity_urgency,500,4,0.008,0,0.0,1,access_problem,0.51
flag_6,causal_agent,haiku,skill_on_e2e,closing_agent_match,500,2,0.004,0,0.0,1,False,0.668
flag_6,causal_agent,sonnet,skill_on_e2e,assigned_agent,500,6,0.012,11,0.022,1,Luke Wilson,0.208
flag_6,causal_agent,sonnet,skill_on_e2e,incident_category,500,8,0.016,0,0.0,1,email_system,0.272
flag_6,causal_agent,sonnet,skill_on_e2e,failure_pattern,500,8,0.016,1,0.002,1,connectivity_failure,0.612
flag_6,causal_agent,sonnet,skill_on_e2e,resolver_matches_assignee,500,3,0.006,22,0.044,1,False,0.758
flag_6,causal_agent,sonnet,skill_on_e2e,scope_indicator,500,7,0.014,47,0.094,1,server_infrastructure,0.472
flag_6,causal_agent,sonnet,skill_on_e2e,is_open_unresolved,500,2,0.004,0,0.0,1,False,0.956
flag_6,causal_agent,haiku,skill_on,assigned_agent,500,6,0.012,11,0.022,1,luke_wilson,0.208
flag_6,causal_agent,haiku,skill_on,incident_category,500,7,0.014,0,0.0,1,email_system,0.272
flag_6,causal_agent,haiku,skill_on,incident_complexity_level,500,4,0.008,0,0.0,1,infrastructure_wide_outage,0.382
flag_6,causal_agent,haiku,skill_on,cross_agent_handoff,500,3,0.006,22,0.044,1,True,0.842
flag_6,causal_agent,haiku,skill_on,closed_by_agent,500,6,0.012,22,0.044,1,howard_johnson,0.222
flag_6,causal_agent,haiku,skill_on,agent_skill_match,500,1,0.002,500,1.0,1,,1.0
flag_6,causal_agent,sonnet,skill_on,assigned_agent,500,6,0.012,11,0.022,1,Luke Wilson,0.208
flag_6,causal_agent,sonnet,skill_on,incident_category,500,10,0.02,2,0.004,1,email_server,0.27
flag_6,causal_agent,sonnet,skill_on,incident_severity_signal,500,7,0.014,29,0.058,1,access_denied,0.528
flag_6,causal_agent,sonnet,skill_on,problem_action_type,500,10,0.02,0,0.0,1,cannot_connect,0.418
flag_6,causal_agent,sonnet,skill_on,resolution_ownership,500,3,0.006,22,0.044,1,cross_agent_resolved,0.758
flag_6,causal_agent,sonnet,skill_on,ticket_closed,500,2,0.004,0,0.0,1,True,0.956
flag_6,causal_agent,sonnet,skill_on,named_agent_closed_by,500,6,0.012,22,0.044,1,Howard Johnson,0.222
flag_6,causal_agent,sonnet,skill_on,recurrence_signal,500,2,0.004,0,0.0,1,False,0.956
flag_6,causal_agent,sonnet,skill_on,resolution_requires_restoration,500,3,0.006,100,0.2,1,False,0.798
flag_6,causal_agent,sonnet,skill_on,remote_access_context,500,2,0.004,0,0.0,1,False,0.774
flag_6,concept_attribute_workload,haiku,skill_off_update,resolution_days,500,416,0.832,22,0.044,0,,0.044
flag_6,concept_attribute_workload,haiku,skill_off_update,workload_intensity,500,282,0.564,0,0.0,0,6.0,0.094
flag_6,concept_attribute_workload,haiku,skill_off_update,critical_infrastructure,500,2,0.004,0,0.0,1,Yes,0.786
flag_6,concept_attribute_workload,sonnet,skill_off_update,resolution_hours,500,468,0.936,0,0.0,0,0.0,0.028
flag_6,concept_attribute_workload,sonnet,skill_off_update,priority_score,500,3,0.006,0,0.0,1,3,0.758
flag_6,concept_attribute_workload,sonnet,skill_off_update,updated_after_close,500,1,0.002,0,0.0,1,0,1.0
flag_6,concept_attribute_workload,sonnet,skill_off_update,workload_index,500,467,0.934,0,0.0,0,0.0,0.028
flag_6,concept_attribute_workload,haiku,skill_on_e2e,issue_category,500,7,0.014,0,0.0,1,email_system,0.268
flag_6,concept_attribute_workload,haiku,skill_on_e2e,scope_scale,500,4,0.008,0,0.0,1,system_wide_outage,0.626
flag_6,concept_attribute_workload,haiku,skill_on_e2e,resolution_time_tier,500,5,0.01,22,0.044,1,2,0.326
flag_6,concept_attribute_workload,haiku,skill_on_e2e,user_impact_scale,500,3,0.006,0,0.0,1,blocking_critical,0.538
flag_6,concept_attribute_workload,haiku,skill_on_e2e,infrastructure_layer,500,6,0.012,0,0.0,1,network_layer,0.302
flag_6,concept_attribute_workload,haiku,skill_on_e2e,resolution_complexity,500,5,0.01,22,0.044,1,2,0.552
flag_6,concept_attribute_workload,haiku,skill_on_e2e,ticket_reassignment_pattern,500,3,0.006,0,0.0,1,cross_resolved,0.756
flag_6,concept_attribute_workload,sonnet,skill_on_e2e,incident_category,500,11,0.022,0,0.0,1,vpn_connectivity,0.222
flag_6,concept_attribute_workload,sonnet,skill_on_e2e,issue_nature,500,7,0.014,0,0.0,1,connectivity_failure,0.418
flag_6,concept_attribute_workload,sonnet,skill_on_e2e,symptom_type,500,7,0.014,0,0.0,1,cannot_connect,0.28
flag_6,concept_attribute_workload,sonnet,skill_on_e2e,service_layer,500,3,0.006,0,0.0,1,server_side,0.434
flag_6,concept_attribute_workload,sonnet,skill_on_e2e,scope_indicator,500,5,0.01,0,0.0,1,general_infrastructure,0.612
flag_6,concept_attribute_workload,sonnet,skill_on_e2e,ticket_unresolved,500,2,0.004,0,0.0,1,False,0.956
flag_6,concept_attribute_workload,sonnet,skill_on_e2e,reassigned_or_cross_closed,500,3,0.006,22,0.044,1,True,0.754
flag_6,concept_attribute_workload,haiku,skill_on,ticket_category,500,8,0.016,0,0.0,1,email,0.272
flag_6,concept_attribute_workload,haiku,skill_on,issue_severity_signal,500,6,0.012,2,0.004,1,user_access_blocked,0.506
flag_6,concept_attribute_workload,haiku,skill_on,resolution_complexity_indicator,500,5,0.01,0,0.0,1,connectivity_troubleshooting,0.59
flag_6,concept_attribute_workload,haiku,skill_on,cross_assignment_complexity,500,3,0.006,22,0.044,1,False,0.524
flag_6,concept_attribute_workload,sonnet,skill_on,incident_category,500,10,0.02,2,0.004,1,email_server,0.27
flag_6,concept_attribute_workload,sonnet,skill_on,failure_mode,500,9,0.018,4,0.008,1,connectivity_failure,0.402
flag_6,concept_attribute_workload,sonnet,skill_on,affected_scope,500,4,0.008,0,0.0,1,individual_user,0.562
flag_6,concept_attribute_workload,sonnet,skill_on,involves_server_infrastructure,500,2,0.004,0,0.0,1,False,0.574
flag_6,concept_attribute_workload,sonnet,skill_on,is_unresolved,500,2,0.004,0,0.0,1,False,0.956
flag_6,concept_attribute_workload,sonnet,skill_on,cross_agent_handoff,500,3,0.006,22,0.044,1,True,0.756
flag_6,concept_attribute_workload,sonnet,skill_on,self_resolved,500,3,0.006,22,0.044,1,False,0.758
flag_6,concept_attribute_workload,sonnet,skill_on,reopened_or_long_tail,500,3,0.006,22,0.044,1,False,0.602
flag_6,focus_inference,haiku,skill_off_update,resolution_time_hours,500,447,0.894,22,0.044,0,,0.044
flag_6,focus_inference,haiku,skill_off_update,is_critical,500,2,0.004,0,0.0,1,0,0.824
flag_6,focus_inference,haiku,skill_off_update,domain_type,500,4,0.008,0,0.0,1,Infrastructure,0.62
flag_6,focus_inference,haiku,skill_off_update,recurrence_indicator,500,4,0.008,0,0.0,1,1,0.69
flag_6,focus_inference,sonnet,skill_off_update,resolution_hours,500,415,0.83,72,0.144,0,,0.144
flag_6,focus_inference,sonnet,skill_off_update,priority_tier,500,3,0.006,0,0.0,1,High,0.758
flag_6,focus_inference,sonnet,skill_off_update,topic_cluster,500,7,0.014,0,0.0,1,Network/Connectivity,0.44
flag_6,focus_inference,sonnet,skill_off_update,sla_status,500,3,0.006,72,0.144,1,Breached,0.814
flag_6,focus_inference,haiku,skill_on_e2e,incident_type,500,10,0.02,0,0.0,1,email,0.27
flag_6,focus_inference,haiku,skill_on_e2e,system_component,500,9,0.018,0,0.0,1,email_system,0.272
flag_6,focus_inference,haiku,skill_on_e2e,severity_signal,500,2,0.004,0,0.0,1,False,0.8
flag_6,focus_inference,haiku,skill_on_e2e,resolution_latency,500,5,0.01,22,0.044,1,1,0.432
flag_6,focus_inference,haiku,skill_on_e2e,assigned_technician,500,6,0.012,11,0.022,1,Luke Wilson,0.208
flag_6,focus_inference,haiku,skill_on_e2e,closing_technician,500,6,0.012,22,0.044,1,Howard Johnson,0.222
flag_6,focus_inference,haiku,skill_on_e2e,recurring_problem,500,2,0.004,0,0.0,1,True,0.936
flag_6,focus_inference,sonnet,skill_on_e2e,incident_category,500,10,0.02,0,0.0,1,email,0.27
flag_6,focus_inference,sonnet,skill_on_e2e,affected_system,500,10,0.02,0,0.0,1,vpn,0.22
flag_6,focus_inference,sonnet,skill_on_e2e,failure_mode,500,10,0.02,0,0.0,1,cannot_connect,0.324
flag_6,focus_inference,sonnet,skill_on_e2e,scope_indicator,500,4,0.008,0,0.0,1,individual_user,0.508
flag_6,focus_inference,sonnet,skill_on_e2e,assigned_agent,500,6,0.012,11,0.022,1,Luke Wilson,0.208
flag_6,focus_inference,sonnet,skill_on_e2e,self_resolved,500,3,0.006,22,0.044,1,False,0.758
flag_6,focus_inference,haiku,skill_on,problem_domain,500,6,0.012,0,0.0,1,email,0.272
flag_6,focus_inference,haiku,skill_on,problem_type,500,7,0.014,10,0.02,1,connectivity,0.414
flag_6,focus_inference,haiku,skill_on,scope_context,500,4,0.008,0,0.0,1,infrastructure_wide,0.732
flag_6,focus_inference,haiku,skill_on,assignment_pattern,500,4,0.008,22,0.044,1,reassigned,0.672
flag_6,focus_inference,haiku,skill_on,recurrence_signal,500,2,0.004,0,0.0,1,True,0.746
flag_6,focus_inference,haiku,skill_on,technician_load,500,4,0.008,22,0.044,1,high,0.678
flag_6,focus_inference,sonnet,skill_on,incident_category,500,8,0.016,0,0.0,1,email,0.272
flag_6,focus_inference,sonnet,skill_on,affected_component,500,10,0.02,24,0.048,1,database_server,0.224
flag_6,focus_inference,sonnet,skill_on,failure_mode,500,9,0.018,30,0.06,1,connection_failure,0.446
flag_6,focus_inference,sonnet,skill_on,scope_context,500,5,0.01,0,0.0,1,infrastructure_wide,0.426
flag_6,focus_inference,sonnet,skill_on,assigned_resolver_match,500,3,0.006,22,0.044,1,False,0.758
flag_6,focus_inference,sonnet,skill_on,recurrence_signal,500,3,0.006,100,0.2,1,False,0.452
flag_6,predictive_long,haiku,skill_off_update,resolution_days,500,467,0.934,22,0.044,0,,0.044
flag_6,predictive_long,haiku,skill_off_update,priority_level,500,3,0.006,0,0.0,1,2,0.758
flag_6,predictive_long,haiku,skill_off_update,is_network_category,500,2,0.004,0,0.0,1,1,0.568
flag_6,predictive_long,haiku,skill_off_update,same_agent,500,2,0.004,0,0.0,1,0,0.802
flag_6,predictive_long,haiku,skill_off_update,agent_changed,500,2,0.004,0,0.0,1,1,0.802
flag_6,predictive_long,haiku,skill_off_update,is_open,500,2,0.004,0,0.0,1,0,0.956
flag_6,predictive_long,haiku,skill_off_update,days_in_system,500,472,0.944,0,0.0,0,0.0,0.028
flag_6,predictive_long,haiku,skill_off_update,is_critical_domain,500,2,0.004,0,0.0,1,0,0.73
flag_6,predictive_long,haiku,skill_off_update,self_assigned,500,1,0.002,0,0.0,1,0,1.0
flag_6,predictive_long,sonnet,skill_off_update,agent_avg_resolution_hrs,500,6,0.012,0,0.0,1,160.22,0.208
flag_6,predictive_long,sonnet,skill_off_update,agent_workload,500,6,0.012,0,0.0,1,90,0.208
flag_6,predictive_long,sonnet,skill_off_update,priority_numeric,500,3,0.006,0,0.0,1,2,0.758
flag_6,predictive_long,sonnet,skill_off_update,category_avg_resolution_hrs,500,5,0.01,0,0.0,1,264.91,0.568
flag_6,predictive_long,sonnet,skill_off_update,opened_hour_of_day,500,24,0.048,0,0.0,1,6,0.06
flag_6,predictive_long,sonnet,skill_off_update,opened_day_of_week,500,7,0.014,0,0.0,1,6,0.182
flag_6,predictive_long,haiku,skill_on_e2e,problem_category,500,7,0.014,0,0.0,1,email_server,0.27
flag_6,predictive_long,haiku,skill_on_e2e,assigned_agent,500,6,0.012,11,0.022,1,luke_wilson,0.208
flag_6,predictive_long,haiku,skill_on_e2e,is_self_closed,500,2,0.004,0,0.0,1,False,0.69
flag_6,predictive_long,haiku,skill_on_e2e,issue_specificity,500,4,0.008,0,0.0,1,generic_connectivity,0.36
flag_6,predictive_long,haiku,skill_on_e2e,issue_scope,500,4,0.008,0,0.0,1,system_wide,0.798
flag_6,predictive_long,haiku,skill_on_e2e,issue_severity_signal,500,4,0.008,0,0.0,1,connectivity_loss,0.384
flag_6,predictive_long,sonnet,skill_on_e2e,incident_category,500,8,0.016,0,0.0,1,email,0.27
flag_6,predictive_long,sonnet,skill_on_e2e,issue_type,500,9,0.018,0,0.0,1,connection_failure,0.424
flag_6,predictive_long,sonnet,skill_on_e2e,severity_signal,500,6,0.012,7,0.014,1,access_blocked,0.588
flag_6,predictive_long,sonnet,skill_on_e2e,affected_resource_type,500,9,0.018,0,0.0,1,email_server,0.272
flag_6,predictive_long,sonnet,skill_on_e2e,scope_indicator,500,3,0.006,0,0.0,1,individual_user,0.516
flag_6,predictive_long,sonnet,skill_on_e2e,resolver_matches_assignee,500,3,0.006,22,0.044,1,False,0.758
flag_6,predictive_long,sonnet,skill_on_e2e,opened_hour_of_day,500,3,0.006,0,0.0,1,after_hours_1700_2400,0.41
flag_6,predictive_long,sonnet,skill_on_e2e,opened_day_of_week,500,7,0.014,0,0.0,1,sunday,0.18
flag_6,predictive_long,sonnet,skill_on_e2e,ticket_open_status,500,2,0.004,0,0.0,1,False,0.956
flag_6,predictive_long,sonnet,skill_on_e2e,remote_access_context,500,2,0.004,0,0.0,1,False,0.774
flag_6,predictive_long,haiku,skill_on,problem_domain,500,8,0.016,1,0.002,1,email,0.272
flag_6,predictive_long,haiku,skill_on,assigned_agent,500,6,0.012,11,0.022,1,Luke Wilson,0.208
flag_6,predictive_long,haiku,skill_on,issue_severity_signal,500,6,0.012,13,0.026,1,connectivity_loss,0.364
flag_6,predictive_long,haiku,skill_on,problem_characterization,500,5,0.01,0,0.0,1,access_denial,0.552
flag_6,predictive_long,haiku,skill_on,action_verb_required,500,5,0.01,0,0.0,1,reconnect_restore,0.594
flag_6,predictive_long,haiku,skill_on,resolution_closure_pattern,500,2,0.004,0,0.0,1,True,0.734
flag_6,predictive_long,sonnet,skill_on,incident_category,500,7,0.014,0,0.0,1,email,0.272
flag_6,predictive_long,sonnet,skill_on,incident_subtype,500,7,0.014,0,0.0,1,client_access_error,0.572
flag_6,predictive_long,sonnet,skill_on,issue_severity_signal,500,7,0.014,0,0.0,1,connection_failure,0.4
flag_6,predictive_long,sonnet,skill_on,affected_scope,500,3,0.006,0,0.0,1,individual,0.632
flag_6,predictive_long,sonnet,skill_on,cross_agent_handoff,500,3,0.006,22,0.044,1,True,0.758
flag_6,predictive_long,sonnet,skill_on,opened_hour_of_day,500,2,0.004,0,0.0,1,after_hours,0.642
flag_6,predictive_long,sonnet,skill_on,involves_server_infrastructure,500,2,0.004,0,0.0,1,False,0.57
flag_6,predictive_long,sonnet,skill_on,remote_access_context,500,2,0.004,0,0.0,1,False,0.784
flag_6,predictive_resolution,haiku,skill_off_update,resolution_time_hours,500,470,0.94,0,0.0,0,0.0,0.028
flag_6,predictive_resolution,haiku,skill_off_update,issue_type_category,500,4,0.008,0,0.0,1,Network,0.574
flag_6,predictive_resolution,sonnet,skill_off_update,resolution_hours,500,467,0.934,22,0.044,0,,0.044
flag_6,predictive_resolution,sonnet,skill_off_update,agent_avg_resolution_hours,500,6,0.012,0,0.0,1,148.1150,0.208
flag_6,predictive_resolution,sonnet,skill_off_update,category_avg_resolution_hours,500,5,0.01,0,0.0,1,242.5655,0.568
flag_6,predictive_resolution,sonnet,skill_off_update,agent_category_avg_resolution_hours,500,24,0.048,0,0.0,1,158.8921,0.12
flag_6,predictive_resolution,haiku,skill_on_e2e,issue_category,500,8,0.016,0,0.0,1,email_system,0.27
flag_6,predictive_resolution,haiku,skill_on_e2e,assigned_agent,500,6,0.012,11,0.022,1,luke_wilson,0.208
flag_6,predictive_resolution,haiku,skill_on_e2e,issue_scope,500,4,0.008,0,0.0,1,organization_wide,0.61
flag_6,predictive_resolution,haiku,skill_on_e2e,issue_recurrence,500,2,0.004,0,0.0,1,True,0.56
flag_6,predictive_resolution,sonnet,skill_on_e2e,issue_type,500,8,0.016,0,0.0,1,email,0.272
flag_6,predictive_resolution,sonnet,skill_on_e2e,failure_mode,500,7,0.014,0,0.0,1,cannot_connect,0.432
flag_6,predictive_resolution,sonnet,skill_on_e2e,affected_scope,500,4,0.008,0,0.0,1,individual_user,0.574
flag_6,predictive_resolution,sonnet,skill_on_e2e,issue_severity_signal,500,5,0.01,5,0.01,1,access_blocked,0.48
flag_6,predictive_resolution,sonnet,skill_on_e2e,cross_agent_closure,500,3,0.006,22,0.044,1,True,0.758
flag_6,predictive_resolution,sonnet,skill_on_e2e,ticket_open_status,500,2,0.004,0,0.0,1,False,0.956
flag_6,predictive_resolution,sonnet,skill_on_e2e,remote_access_context,500,2,0.004,0,0.0,1,False,0.774
flag_6,predictive_resolution,haiku,skill_on,assigned_agent,500,6,0.012,11,0.022,1,Luke Wilson,0.208
flag_6,predictive_resolution,haiku,skill_on,issue_category,500,8,0.016,0,0.0,1,email_server,0.27
flag_6,predictive_resolution,haiku,skill_on,issue_severity_class,500,5,0.01,0,0.0,1,infrastructure_outage,0.504
flag_6,predictive_resolution,haiku,skill_on,ticket_reassigned,500,3,0.006,22,0.044,1,True,0.534
flag_6,predictive_resolution,sonnet,skill_on,assigned_agent,500,6,0.012,11,0.022,1,Luke Wilson,0.208
flag_6,predictive_resolution,sonnet,skill_on,issue_type,500,9,0.018,0,0.0,1,email_system,0.27
flag_6,predictive_resolution,sonnet,skill_on,failure_pattern,500,6,0.012,3,0.006,1,connection_failure,0.384
flag_6,predictive_resolution,sonnet,skill_on,resolution_pattern,500,3,0.006,22,0.044,1,cross_agent_handoff,0.758
flag_6,predictive_resolution,sonnet,skill_on,issue_scope,500,4,0.008,0,0.0,1,individual_user,0.578
flag_6,predictive_resolution,sonnet,skill_on,access_context,500,3,0.006,6,0.012,1,on_premises,0.762
flag_6,predictive_resolution,sonnet,skill_on,is_resolved,500,2,0.004,0,0.0,1,True,0.956
flag_6,whatif_workload,haiku,skill_off_update,category_ticket_volume,500,5,0.01,0,0.0,1,284,0.568
flag_6,whatif_workload,haiku,skill_off_update,category_avg_resolution_hours,500,1,0.002,0,0.0,1,0.0,1.0
flag_6,whatif_workload,haiku,skill_off_update,is_heavy_workload_category,500,2,0.004,0,0.0,1,1,0.786
flag_6,whatif_workload,haiku,skill_off_update,estimated_resolution_time_hours,500,1,0.002,500,1.0,1,,1.0
flag_6,whatif_workload,sonnet,skill_off_update,resolution_hours,500,467,0.934,22,0.044,0,,0.044
flag_6,whatif_workload,sonnet,skill_off_update,category_avg_resolution_hours,500,5,0.01,0,0.0,1,230.5612,0.568
flag_6,whatif_workload,sonnet,skill_off_update,category_workload_rank,500,5,0.01,0,0.0,1,1,0.568
flag_6,whatif_workload,sonnet,skill_off_update,is_high_workload_category,500,2,0.004,0,0.0,1,1,0.568
flag_6,whatif_workload,sonnet,skill_off_update,counterfactual_resolution_hours,500,207,0.414,22,0.044,0,214.2197,0.542
flag_6,whatif_workload,haiku,skill_on_e2e,primary_issue_category,500,8,0.016,0,0.0,1,email_service,0.27
flag_6,whatif_workload,haiku,skill_on_e2e,workload_intensity_proxy,500,2,0.004,0,0.0,1,True,0.938
flag_6,whatif_workload,haiku,skill_on_e2e,issue_scope_breadth,500,4,0.008,0,0.0,1,system_wide,0.734
flag_6,whatif_workload,haiku,skill_on_e2e,infrastructure_dependency_type,500,3,0.006,0,0.0,1,single_service,0.774
flag_6,whatif_workload,haiku,skill_on_e2e,assigned_agent,500,6,0.012,11,0.022,1,Luke Wilson,0.208
flag_6,whatif_workload,haiku,skill_on_e2e,assigned_closed_mismatch,500,2,0.004,0,0.0,1,False,0.806
flag_6,whatif_workload,sonnet,skill_on_e2e,incident_category,500,9,0.018,0,0.0,1,email_server,0.27
flag_6,whatif_workload,sonnet,skill_on_e2e,failure_mode,500,8,0.016,30,0.06,1,connection_failure,0.412
flag_6,whatif_workload,sonnet,skill_on_e2e,affected_resource_type,500,5,0.01,1,0.002,1,network_infrastructure,0.392
flag_6,whatif_workload,sonnet,skill_on_e2e,assigned_agent,500,6,0.012,11,0.022,1,Luke Wilson,0.208
flag_6,whatif_workload,sonnet,skill_on_e2e,resolver_same_as_assignee,500,3,0.006,22,0.044,1,False,0.758
flag_6,whatif_workload,sonnet,skill_on_e2e,ticket_open_status,500,2,0.004,0,0.0,1,False,0.956
flag_6,whatif_workload,haiku,skill_on,ticket_type_category,500,7,0.014,0,0.0,1,email_system,0.27
flag_6,whatif_workload,haiku,skill_on,ticket_complexity_signal,500,3,0.006,0,0.0,1,complex_system_outage,0.53
flag_6,whatif_workload,haiku,skill_on,assigned_agent_name,500,6,0.012,11,0.022,1,luke_wilson,0.208
flag_6,whatif_workload,sonnet,skill_on,ticket_category,500,10,0.02,0,0.0,1,vpn_connectivity,0.22
flag_6,whatif_workload,sonnet,skill_on,failure_mode,500,9,0.018,18,0.036,1,connection_refused,0.594
flag_6,whatif_workload,sonnet,skill_on,affected_resource_type,500,9,0.018,2,0.004,1,vpn_gateway,0.22
flag_6,whatif_workload,sonnet,skill_on,scope_indicator,500,6,0.012,156,0.312,1,individual_user,0.58
flag_6,whatif_workload,sonnet,skill_on,assigned_resolver_match,500,3,0.006,22,0.044,1,False,0.758
flag_6,whatif_workload,sonnet,skill_on,is_open_unresolved,500,2,0.004,0,0.0,1,False,0.956
flag_6,whatif_workload,sonnet,skill_on,access_scope,500,3,0.006,66,0.132,1,on_premises_only,0.684
flag_9,causal_hardware,haiku,skill_off_update,is_in_anomaly_window,600,2,0.0033,0,0.0,1,0,0.76
flag_9,causal_hardware,haiku,skill_off_update,days_to_anomaly,600,294,0.49,0,0.0,0,-8,0.015
flag_9,causal_hardware,haiku,skill_off_update,is_critical_or_high,600,2,0.0033,0,0.0,1,1,0.76
flag_9,causal_hardware,haiku,skill_off_update,is_hardware_incident,600,2,0.0033,0,0.0,1,0,0.6967
flag_9,causal_hardware,haiku,skill_off_update,is_anomaly_hardware,600,2,0.0033,0,0.0,1,0,0.8483
flag_9,causal_hardware,sonnet,skill_off_update,weekly_hardware_count,600,10,0.0167,0,0.0,1,4,0.175
flag_9,causal_hardware,sonnet,skill_off_update,weekly_hardware_pct,600,22,0.0367,0,0.0,1,0.0,0.1633
flag_9,causal_hardware,sonnet,skill_off_update,hw_rolling_avg_prior4w,600,22,0.0367,0,0.0,1,2.2,0.135
flag_9,causal_hardware,sonnet,skill_off_update,hw_spike_ratio,600,29,0.0483,32,0.0533,1,0.0,0.1467
flag_9,causal_hardware,sonnet,skill_off_update,in_anomaly_window,600,2,0.0033,0,0.0,1,No,0.725
flag_9,causal_hardware,haiku,skill_on_e2e,incident_primary_category,600,8,0.0133,0,0.0,1,peripherals,0.2183
flag_9,causal_hardware,haiku,skill_on_e2e,hardware_subsystem_affected,600,7,0.0117,0,0.0,1,other,0.3933
flag_9,causal_hardware,haiku,skill_on_e2e,failure_mode_category,600,9,0.015,6,0.01,1,malfunction,0.275
flag_9,causal_hardware,haiku,skill_on_e2e,symptom_pattern,600,7,0.0117,230,0.3833,1,Unknown,0.3833
flag_9,causal_hardware,haiku,skill_on_e2e,incident_severity_proxy,600,4,0.0067,0,0.0,1,workflow_impaired,0.6233
flag_9,causal_hardware,haiku,skill_on_e2e,software_related,600,2,0.0033,0,0.0,1,False,0.5667
flag_9,causal_hardware,haiku,skill_on_e2e,network_or_connectivity_issue,600,2,0.0033,0,0.0,1,False,0.815
flag_9,causal_hardware,haiku,skill_on_e2e,hardware_equipment_type,600,10,0.0167,279,0.465,1,Unknown,0.465
flag_9,causal_hardware,haiku,skill_on_e2e,incident_scope_location,600,5,0.0083,0,0.0,1,individual_device,0.655
flag_9,causal_hardware,haiku,skill_on_e2e,caller_classification,600,2,0.0033,0,0.0,1,named_employee,0.765
flag_9,causal_hardware,haiku,skill_on_e2e,resolution_lead,600,5,0.0083,0,0.0,1,Fred_Luddy,0.2317
flag_9,causal_hardware,sonnet,skill_on_e2e,incident_category,600,6,0.01,4,0.0067,1,software,0.3833
flag_9,causal_hardware,sonnet,skill_on_e2e,failure_symptom,600,10,0.0167,201,0.335,1,Unknown,0.335
flag_9,causal_hardware,sonnet,skill_on_e2e,is_driver_or_update_related,600,2,0.0033,0,0.0,1,False,0.9717
flag_9,causal_hardware,sonnet,skill_on_e2e,is_recurrence_or_frequent_malfunction,600,2,0.0033,0,0.0,1,False,0.9933
flag_9,causal_hardware,sonnet,skill_on_e2e,assigned_agent,600,5,0.0083,0,0.0,1,Fred Luddy,0.2133
flag_9,causal_hardware,haiku,skill_on,incident_primary_category,600,9,0.015,5,0.0083,1,software_installation,0.2233
flag_9,causal_hardware,haiku,skill_on,hardware_device_category,600,8,0.0133,283,0.4717,1,Unknown,0.4717
flag_9,causal_hardware,haiku,skill_on,failure_mode_type,600,6,0.01,6,0.01,1,not_working,0.5167
flag_9,causal_hardware,haiku,skill_on,temporal_pattern,600,3,0.005,0,0.0,1,business_hours_afternoon,0.4267
flag_9,causal_hardware,haiku,skill_on,incident_involves_update_or_crash,600,2,0.0033,0,0.0,1,False,0.645
flag_9,causal_hardware,haiku,skill_on,technician_assignment,600,5,0.0083,0,0.0,1,fred_luddy,0.2133
flag_9,causal_hardware,haiku,skill_on,reporter_identity_type,600,2,0.0033,0,0.0,1,named_employee,0.765
flag_9,causal_hardware,sonnet,skill_on,incident_category,600,10,0.0167,7,0.0117,1,software_installation,0.1733
flag_9,causal_hardware,sonnet,skill_on,failure_mode,600,11,0.0183,29,0.0483,1,installation_error,0.2867
flag_9,causal_hardware,sonnet,skill_on,software_trigger,600,2,0.0033,0,0.0,1,False,0.8833
flag_9,causal_hardware,sonnet,skill_on,server_infrastructure_involved,600,2,0.0033,0,0.0,1,False,0.9067
flag_9,causal_hardware,sonnet,skill_on,incident_action_type,600,7,0.0117,0,0.0,1,repair_replacement,0.42
flag_9,concept_attribute_hardware,haiku,skill_off_update,hardware_component,600,12,0.02,418,0.6967,1,N/A,0.6967
flag_9,concept_attribute_hardware,haiku,skill_off_update,issue_type,600,9,0.015,418,0.6967,1,N/A,0.6967
flag_9,concept_attribute_hardware,haiku,skill_off_update,is_critical_hardware,600,3,0.005,418,0.6967,1,N/A,0.6967
flag_9,concept_attribute_hardware,sonnet,skill_off_update,hardware_issue_type,600,11,0.0183,418,0.6967,1,N/A,0.6967
flag_9,concept_attribute_hardware,sonnet,skill_off_update,is_hardware_incident,600,2,0.0033,0,0.0,1,No,0.6967
flag_9,concept_attribute_hardware,haiku,skill_on_e2e,failure_mode,600,10,0.0167,221,0.3683,1,Unknown,0.3683
flag_9,concept_attribute_hardware,haiku,skill_on_e2e,affected_asset_scope,600,4,0.0067,144,0.24,1,personal_workstation,0.3267
flag_9,concept_attribute_hardware,haiku,skill_on_e2e,hardware_severity_indicator,600,5,0.0083,160,0.2667,1,partial_functionality,0.4183
flag_9,concept_attribute_hardware,haiku,skill_on_e2e,resolution_complexity_hint,600,3,0.005,0,0.0,1,technical_intervention,0.4433
flag_9,concept_attribute_hardware,sonnet,skill_on_e2e,hardware_scope,600,4,0.0067,290,0.4833,1,Unknown,0.4833
flag_9,concept_attribute_hardware,sonnet,skill_on_e2e,hardware_failure_mode,600,8,0.0133,260,0.4333,1,Unknown,0.4333
flag_9,concept_attribute_hardware,sonnet,skill_on_e2e,root_cause_hint,600,6,0.01,142,0.2367,1,driver_or_software_conflict,0.43
flag_9,concept_attribute_hardware,sonnet,skill_on_e2e,hardware_replacement_required,600,2,0.0033,0,0.0,1,False,0.8117
flag_9,concept_attribute_hardware,sonnet,skill_on_e2e,recurrence_signal,600,2,0.0033,0,0.0,1,False,0.865
flag_9,concept_attribute_hardware,haiku,skill_on,hardware_component_type,600,11,0.0183,283,0.4717,1,Unknown,0.4717
flag_9,concept_attribute_hardware,haiku,skill_on,hardware_failure_mode,600,5,0.0083,270,0.45,1,Unknown,0.45
flag_9,concept_attribute_hardware,haiku,skill_on,issue_severity_signal,600,6,0.01,7,0.0117,1,functional_degradation,0.3767
flag_9,concept_attribute_hardware,haiku,skill_on,affected_device_category,600,5,0.0083,140,0.2333,1,personal_workstation,0.3083
flag_9,concept_attribute_hardware,sonnet,skill_on,hardware_failure_mode,600,8,0.0133,229,0.3817,1,Unknown,0.3817
flag_9,concept_attribute_hardware,sonnet,skill_on,is_hardware_replacement_needed,600,2,0.0033,0,0.0,1,False,0.805
flag_9,concept_attribute_hardware,sonnet,skill_on,recurrence_signal,600,2,0.0033,0,0.0,1,False,0.865
flag_9,eda_hardware,haiku,skill_off_update,mentions_hardware_device,600,2,0.0033,0,0.0,1,0,0.6083
flag_9,eda_hardware,haiku,skill_off_update,mentions_physical_symptom,600,2,0.0033,0,0.0,1,0,0.6683
flag_9,eda_hardware,haiku,skill_off_update,is_hardware_category,600,2,0.0033,0,0.0,1,0,0.6967
flag_9,eda_hardware,haiku,skill_off_update,likely_hardware_problem,600,2,0.0033,0,0.0,1,0,0.535
flag_9,eda_hardware,sonnet,skill_off_update,hw_device_mentions,600,21,0.035,374,0.6233,1,,0.6233
flag_9,eda_hardware,sonnet,skill_off_update,hw_symptom_signals,600,9,0.015,405,0.675,1,,0.675
flag_9,eda_hardware,sonnet,skill_off_update,hw_signal_score,600,6,0.01,0,0.0,1,0,0.5583
flag_9,eda_hardware,sonnet,skill_off_update,hw_signal_flag,600,2,0.0033,0,0.0,1,0,0.665
flag_9,eda_hardware,haiku,skill_on_e2e,failure_symptom,600,12,0.02,98,0.1633,1,connection_error,0.2583
flag_9,eda_hardware,haiku,skill_on_e2e,malfunction_failure_language,600,2,0.0033,0,0.0,1,False,0.685
flag_9,eda_hardware,haiku,skill_on_e2e,physical_breakdown_language,600,2,0.0033,0,0.0,1,False,0.77
flag_9,eda_hardware,haiku,skill_on_e2e,connectivity_network_issue,600,2,0.0033,0,0.0,1,False,0.7967
flag_9,eda_hardware,haiku,skill_on_e2e,software_installation_update,600,2,0.0033,0,0.0,1,False,0.74
flag_9,eda_hardware,haiku,skill_on_e2e,database_connectivity_issue,600,2,0.0033,0,0.0,1,False,0.83
flag_9,eda_hardware,sonnet,skill_on_e2e,incident_domain,600,9,0.015,7,0.0117,1,hardware,0.3067
flag_9,eda_hardware,sonnet,skill_on_e2e,hardware_failure_symptom,600,9,0.015,259,0.4317,1,Unknown,0.4317
flag_9,eda_hardware,sonnet,skill_on_e2e,description_keyword_pattern,600,9,0.015,118,0.1967,1,connectivity_keyword,0.2417
flag_9,eda_hardware,sonnet,skill_on_e2e,named_software_or_system,600,10,0.0167,0,0.0,1,none_mentioned,0.7933
flag_9,eda_hardware,haiku,skill_on,hardware_device_mention,600,13,0.0217,0,0.0,1,no_hardware_mention,0.5067
flag_9,eda_hardware,haiku,skill_on,failure_mechanism_type,600,11,0.0183,0,0.0,1,connectivity_issue,0.2067
flag_9,eda_hardware,haiku,skill_on,problem_scope,600,5,0.0083,130,0.2167,1,single_device,0.28
flag_9,eda_hardware,haiku,skill_on,physical_symptom_language,600,2,0.0033,0,0.0,1,False,0.6867
flag_9,eda_hardware,haiku,skill_on,component_replacement_indicator,600,2,0.0033,0,0.0,1,False,0.685
flag_9,eda_hardware,sonnet,skill_on,incident_category_signal,600,6,0.01,11,0.0183,1,hardware,0.305
flag_9,eda_hardware,sonnet,skill_on,hardware_failure_mode,600,6,0.01,260,0.4333,1,Unknown,0.4333
flag_9,eda_hardware,sonnet,skill_on,description_action_verb,600,7,0.0117,133,0.2217,1,unable_to,0.2417
flag_9,eda_hardware,sonnet,skill_on,named_technology,600,11,0.0183,52,0.0867,1,none_hardware_only,0.65
flag_9,eda_hardware,sonnet,skill_on,incident_request_type,600,5,0.0083,0,0.0,1,break_fix,0.6333
flag_9,eda_hardware,sonnet,skill_on,recurrence_signal,600,2,0.0033,0,0.0,1,False,0.855
flag_9,focus_inference,haiku,skill_off_update,hardware_problem_type,600,9,0.015,418,0.6967,1,N/A,0.6967
flag_9,focus_inference,haiku,skill_off_update,is_hardware_incident,600,2,0.0033,0,0.0,1,No,0.6967
flag_9,focus_inference,sonnet,skill_off_update,hardware_problem_type,600,13,0.0217,418,0.6967,1,N/A,0.6967
flag_9,focus_inference,sonnet,skill_off_update,hardware_component,600,14,0.0233,418,0.6967,1,N/A,0.6967
flag_9,focus_inference,haiku,skill_on_e2e,hardware_component_type,600,11,0.0183,321,0.535,1,Unknown,0.3217
flag_9,focus_inference,haiku,skill_on_e2e,failure_mode,600,9,0.015,194,0.3233,1,Unknown,0.3233
flag_9,focus_inference,haiku,skill_on_e2e,hardware_severity_indicator,600,5,0.0083,372,0.62,1,Unknown,0.3583
flag_9,focus_inference,haiku,skill_on_e2e,hardware_system_scope,600,5,0.0083,235,0.3917,1,Unknown,0.3917
flag_9,focus_inference,sonnet,skill_on_e2e,hardware_failure_symptom,600,9,0.015,369,0.615,1,,0.5367
flag_9,focus_inference,sonnet,skill_on_e2e,hardware_scope,600,5,0.0083,233,0.3883,1,Unknown,0.3883
flag_9,focus_inference,sonnet,skill_on_e2e,hardware_replacement_needed,600,2,0.0033,0,0.0,1,False,0.805
flag_9,focus_inference,haiku,skill_on,hardware_device_type,600,10,0.0167,284,0.4733,1,Unknown,0.4733
flag_9,focus_inference,haiku,skill_on,failure_mode,600,9,0.015,229,0.3817,1,Unknown,0.3817
flag_9,focus_inference,haiku,skill_on,scope_infrastructure,600,5,0.0083,3,0.005,1,individual_workstation,0.55
flag_9,focus_inference,sonnet,skill_on,hardware_failure_mode,600,8,0.0133,232,0.3867,1,Unknown,0.3867
flag_9,focus_inference,sonnet,skill_on,printer_sub_issue,600,6,0.01,517,0.8617,1,,0.8617
flag_9,focus_inference,sonnet,skill_on,hardware_replacement_required,600,2,0.0033,0,0.0,1,False,0.805
flag_9,predictive_hardware,haiku,skill_off_update,is_hardware_issue,600,2,0.0033,0,0.0,1,0,0.6967
flag_9,predictive_hardware,haiku,skill_off_update,is_critical_hardware,600,2,0.0033,0,0.0,1,0,0.9733
flag_9,predictive_hardware,haiku,skill_off_update,is_high_priority_hardware,600,2,0.0033,0,0.0,1,0,0.7583
flag_9,predictive_hardware,haiku,skill_off_update,resolution_days,600,21,0.035,0,0.0,1,1,0.1567
flag_9,predictive_hardware,haiku,skill_off_update,long_resolution,600,2,0.0033,0,0.0,1,0,0.5017
flag_9,predictive_hardware,haiku,skill_off_update,hardware_incidents_last_7d,600,28,0.0467,0,0.0,1,1,0.19
flag_9,predictive_hardware,haiku,skill_off_update,is_infrastructure_hardware,600,2,0.0033,0,0.0,1,0,0.7633
flag_9,predictive_hardware,haiku,skill_off_update,in_anomaly_window,600,2,0.0033,0,0.0,1,1,0.9533
flag_9,predictive_hardware,sonnet,skill_off_update,is_hardware,600,2,0.0033,0,0.0,1,0,0.6967
flag_9,predictive_hardware,sonnet,skill_off_update,priority_score,600,4,0.0067,0,0.0,1,2,0.6617
flag_9,predictive_hardware,sonnet,skill_off_update,resolution_hours,600,519,0.865,0,0.0,0,24.00,0.1317
flag_9,predictive_hardware,sonnet,skill_off_update,hw_incidents_last_7d,600,29,0.0483,0,0.0,1,0,0.1717
flag_9,predictive_hardware,sonnet,skill_off_update,hw_anomaly_window,600,2,0.0033,0,0.0,1,0,0.98
flag_9,predictive_hardware,sonnet,skill_off_update,hw_resolution_zscore,600,157,0.2617,418,0.6967,0,,0.6967
flag_9,predictive_hardware,haiku,skill_on_e2e,hardware_component_type,600,8,0.0133,236,0.3933,1,Unknown,0.3933
flag_9,predictive_hardware,haiku,skill_on_e2e,failure_symptom_type,600,7,0.0117,163,0.2717,1,Unknown,0.2717
flag_9,predictive_hardware,haiku,skill_on_e2e,anomaly_window_indicator,600,2,0.0033,0,0.0,1,False,0.7817
flag_9,predictive_hardware,haiku,skill_on_e2e,affected_scope,600,5,0.0083,3,0.005,1,single_device,0.7917
flag_9,predictive_hardware,haiku,skill_on_e2e,caller_pattern,600,2,0.0033,0,0.0,1,known_internal_user,0.765
flag_9,predictive_hardware,sonnet,skill_on_e2e,incident_category,600,8,0.0133,0,0.0,1,software_install,0.185
flag_9,predictive_hardware,sonnet,skill_on_e2e,failure_symptom_type,600,9,0.015,40,0.0667,1,error_on_operation,0.3667
flag_9,predictive_hardware,sonnet,skill_on_e2e,resolution_time_band,600,5,0.0083,0,0.0,1,eight_to_fourteen_days,0.365
flag_9,predictive_hardware,sonnet,skill_on_e2e,recurrence_signal,600,2,0.0033,0,0.0,1,False,0.8117
flag_9,predictive_hardware,sonnet,skill_on_e2e,root_cause_type,600,7,0.0117,9,0.015,1,software_conflict,0.3917
flag_9,predictive_hardware,sonnet,skill_on_e2e,affected_asset_scope,600,5,0.0083,232,0.3867,1,Unknown,0.3867
flag_9,predictive_hardware,sonnet,skill_on_e2e,incident_request_nature,600,5,0.0083,0,0.0,1,break_fix,0.6083
flag_9,predictive_hardware,sonnet,skill_on_e2e,requester_type,600,2,0.0033,0,0.0,1,named_individual,0.765
flag_9,predictive_hardware,sonnet,skill_on_e2e,assigned_agent,600,5,0.0083,0,0.0,1,Fred Luddy,0.2133
flag_9,predictive_hardware,haiku,skill_on,incident_primary_category,600,9,0.015,0,0.0,1,database_connectivity,0.17
flag_9,predictive_hardware,haiku,skill_on,incident_severity_mechanism,600,8,0.0133,130,0.2167,1,malfunction_partial,0.3117
flag_9,predictive_hardware,haiku,skill_on,multiple_incident_clustering,600,2,0.0033,0,0.0,1,False,0.845
flag_9,predictive_hardware,haiku,skill_on,malfunction_keyword_presence,600,2,0.0033,0,0.0,1,False,0.795
flag_9,predictive_hardware,haiku,skill_on,incident_assignment_change,600,2,0.0033,0,0.0,1,reassigned_during_resolution,0.5417
flag_9,predictive_hardware,haiku,skill_on,repair_assignment_owner,600,5,0.0083,0,0.0,1,Fred_Luddy,0.2133
flag_9,predictive_hardware,haiku,skill_on,reporter_identity_stability,600,2,0.0033,0,0.0,1,single_report,0.5667
flag_9,predictive_hardware,sonnet,skill_on,hardware_incident_flag,600,2,0.0033,0,0.0,1,False,0.695
flag_9,predictive_hardware,sonnet,skill_on,failure_symptom_type,600,9,0.015,0,0.0,1,installation_error,0.2767
flag_9,predictive_hardware,sonnet,skill_on,incident_nature,600,5,0.0083,0,0.0,1,hard_failure,0.625
flag_9,predictive_hardware,sonnet,skill_on,resolution_time_bucket,600,5,0.0083,0,0.0,1,8_to_14_days,0.32
flag_9,predictive_hardware,sonnet,skill_on,root_cause_type,600,6,0.01,26,0.0433,1,hardware_failure,0.3117
flag_9,predictive_hardware,sonnet,skill_on,failure_recurrence_signal,600,2,0.0033,0,0.0,1,False,0.8
flag_9,predictive_hardware,sonnet,skill_on,self_assigned_flag,600,2,0.0033,0,0.0,1,False,0.82
flag_9,predictive_hardware,sonnet,skill_on,caller_volume_pattern,600,2,0.0033,0,0.0,1,repeat_caller,0.595
flag_9,whatif_hardware_causes,haiku,skill_off_update,is_hardware_incident,600,2,0.0033,0,0.0,1,0,0.6967
flag_9,whatif_hardware_causes,haiku,skill_off_update,hardware_failure_category,600,10,0.0167,418,0.6967,1,,0.6967
flag_9,whatif_hardware_causes,haiku,skill_off_update,addressable_by_top_causes,600,2,0.0033,0,0.0,1,0,0.78
flag_9,whatif_hardware_causes,sonnet,skill_off_update,hardware_failure_cause,600,11,0.0183,418,0.6967,1,,0.6967
flag_9,whatif_hardware_causes,sonnet,skill_off_update,is_top_hardware_cause,600,2,0.0033,0,0.0,1,0,0.775
flag_9,whatif_hardware_causes,haiku,skill_on_e2e,hardware_failure_category,600,8,0.0133,270,0.45,1,Unknown,0.45
flag_9,whatif_hardware_causes,haiku,skill_on_e2e,specific_failure_pattern,600,8,0.0133,116,0.1933,1,not_functioning,0.33
flag_9,whatif_hardware_causes,haiku,skill_on_e2e,failure_mechanism,600,7,0.0117,251,0.4183,1,Unknown,0.4183
flag_9,whatif_hardware_causes,haiku,skill_on_e2e,affected_equipment_scope,600,5,0.0083,5,0.0083,1,individual_workstation,0.5883
flag_9,whatif_hardware_causes,haiku,skill_on_e2e,resolution_action_category,600,8,0.0133,94,0.1567,1,configuration_fix,0.2767
flag_9,whatif_hardware_causes,haiku,skill_on_e2e,preventive_maintenance_applicability,600,3,0.005,2,0.0033,1,False,0.5033
flag_9,whatif_hardware_causes,sonnet,skill_on_e2e,incident_category,600,6,0.01,5,0.0083,1,software,0.375
flag_9,whatif_hardware_causes,sonnet,skill_on_e2e,hardware_failure_mode,600,9,0.015,377,0.6283,1,,0.535
flag_9,whatif_hardware_causes,sonnet,skill_on_e2e,recurrence_signal,600,2,0.0033,0,0.0,1,False,0.62
flag_9,whatif_hardware_causes,sonnet,skill_on_e2e,incident_scope,600,5,0.0083,4,0.0067,1,individual_device,0.5983
flag_9,whatif_hardware_causes,haiku,skill_on,is_hardware_incident,600,2,0.0033,0,0.0,1,False,0.6367
flag_9,whatif_hardware_causes,haiku,skill_on,failure_mechanism,600,6,0.01,125,0.2083,1,not_responding,0.3867
flag_9,whatif_hardware_causes,haiku,skill_on,primary_device_type,600,11,0.0183,278,0.4633,1,Unknown,0.4633
flag_9,whatif_hardware_causes,haiku,skill_on,affected_asset_scope,600,4,0.0067,3,0.005,1,individual_workstation,0.6083
flag_9,whatif_hardware_causes,haiku,skill_on,is_recurring_component,600,2,0.0033,0,0.0,1,False,0.68
flag_9,whatif_hardware_causes,sonnet,skill_on,is_hardware_incident,600,2,0.0033,0,0.0,1,False,0.695
flag_9,whatif_hardware_causes,sonnet,skill_on,incident_category,600,5,0.0083,11,0.0183,1,software,0.3733
flag_9,whatif_hardware_causes,sonnet,skill_on,hardware_component_type,600,13,0.0217,291,0.485,1,Unknown,0.485
flag_9,whatif_hardware_causes,sonnet,skill_on,hardware_failure_mode,600,10,0.0167,371,0.6183,1,,0.535
flag_9,whatif_hardware_causes,sonnet,skill_on,recurrence_signal,600,2,0.0033,0,0.0,1,False,0.8733
healthcare_visit_notes,causal_long_visit,haiku,skill_off_update,clinical_complexity_score,250,26,0.104,0,0.0,1,3.0,0.12
healthcare_visit_notes,causal_long_visit,haiku,skill_off_update,procedure_needed,250,2,0.008,0,0.0,1,1,0.532
healthcare_visit_notes,causal_long_visit,haiku,skill_off_update,medication_adjustment,250,2,0.008,0,0.0,1,0,0.616
healthcare_visit_notes,causal_long_visit,haiku,skill_off_update,clinical_detail_level,250,2,0.008,0,0.0,1,2,0.772
healthcare_visit_notes,causal_long_visit,sonnet,skill_off_update,procedure_performed,250,2,0.008,0,0.0,1,0,0.68
healthcare_visit_notes,causal_long_visit,sonnet,skill_off_update,chronic_condition_count,250,2,0.008,0,0.0,1,0,0.872
healthcare_visit_notes,causal_long_visit,sonnet,skill_off_update,systems_involved_count,250,5,0.02,0,0.0,1,0,0.568
healthcare_visit_notes,causal_long_visit,sonnet,skill_off_update,referral_or_consult,250,2,0.008,0,0.0,1,0,0.884
healthcare_visit_notes,causal_long_visit,sonnet,skill_off_update,medication_mentions,250,4,0.016,0,0.0,1,0,0.804
healthcare_visit_notes,causal_long_visit,sonnet,skill_off_update,note_word_count,250,13,0.052,0,0.0,1,24,0.18
healthcare_visit_notes,causal_long_visit,haiku,skill_on_e2e,presentation_severity_level,250,6,0.024,0,0.0,1,acute_moderate,0.34
healthcare_visit_notes,causal_long_visit,haiku,skill_on_e2e,diagnostic_workup_scope,250,4,0.016,0,0.0,1,clinical_assessment_only,0.372
healthcare_visit_notes,causal_long_visit,haiku,skill_on_e2e,treatment_intervention_type,250,5,0.02,0,0.0,1,pharmacological_standard,0.316
healthcare_visit_notes,causal_long_visit,haiku,skill_on_e2e,clinical_domain_mechanism,250,8,0.032,0,0.0,1,cardiovascular,0.176
healthcare_visit_notes,causal_long_visit,haiku,skill_on_e2e,comorbidity_complexity_flag,250,2,0.008,0,0.0,1,False,0.504
healthcare_visit_notes,causal_long_visit,sonnet,skill_on_e2e,chief_complaint_category,250,12,0.048,0,0.0,1,cardiovascular,0.188
healthcare_visit_notes,causal_long_visit,sonnet,skill_on_e2e,condition_chronicity,250,4,0.016,0,0.0,1,acute_new,0.4
healthcare_visit_notes,causal_long_visit,sonnet,skill_on_e2e,multisystem_involvement,250,2,0.008,0,0.0,1,True,0.716
healthcare_visit_notes,causal_long_visit,sonnet,skill_on_e2e,clinical_severity,250,5,0.02,0,0.0,1,2,0.428
healthcare_visit_notes,causal_long_visit,sonnet,skill_on_e2e,diagnostic_workup_intensity,250,5,0.02,158,0.632,1,,0.632
healthcare_visit_notes,causal_long_visit,sonnet,skill_on_e2e,procedure_performed,250,6,0.024,201,0.804,1,,0.804
healthcare_visit_notes,causal_long_visit,sonnet,skill_on_e2e,consult_or_referral_triggered,250,2,0.008,0,0.0,1,False,0.764
healthcare_visit_notes,causal_long_visit,sonnet,skill_on_e2e,new_medication_initiated,250,2,0.008,0,0.0,1,False,0.64
healthcare_visit_notes,causal_long_visit,sonnet,skill_on_e2e,visit_purpose_type,250,6,0.024,0,0.0,1,acute_problem,0.468
healthcare_visit_notes,causal_long_visit,sonnet,skill_on_e2e,counseling_education_complexity,250,4,0.016,31,0.124,1,simple_instruction,0.424
healthcare_visit_notes,causal_long_visit,haiku,skill_on,condition_acuity,250,3,0.012,0,0.0,1,acute,0.48
healthcare_visit_notes,causal_long_visit,haiku,skill_on,multi_system_involvement,250,2,0.008,0,0.0,1,False,0.54
healthcare_visit_notes,causal_long_visit,haiku,skill_on,diagnostic_workup_required,250,4,0.016,107,0.428,1,,0.428
healthcare_visit_notes,causal_long_visit,haiku,skill_on,procedure_or_intervention,250,2,0.008,0,0.0,1,True,0.656
healthcare_visit_notes,causal_long_visit,haiku,skill_on,medication_management_complexity,250,4,0.016,0,0.0,1,monitoring_only,0.532
healthcare_visit_notes,causal_long_visit,haiku,skill_on,patient_education_counseling,250,4,0.016,4,0.016,1,moderate_counseling,0.692
healthcare_visit_notes,causal_long_visit,haiku,skill_on,follow_up_coordination,250,4,0.016,0,0.0,1,self_management_only,0.48
healthcare_visit_notes,causal_long_visit,sonnet,skill_on,clinical_problem_type,250,6,0.024,0,0.0,1,chronic_disease_management,0.42
healthcare_visit_notes,causal_long_visit,sonnet,skill_on,condition_chronicity,250,4,0.016,0,0.0,1,new_onset,0.456
healthcare_visit_notes,causal_long_visit,sonnet,skill_on,multisystem_involvement,250,2,0.008,0,0.0,1,True,0.588
healthcare_visit_notes,causal_long_visit,sonnet,skill_on,clinical_severity,250,5,0.02,0,0.0,1,2,0.336
healthcare_visit_notes,causal_long_visit,sonnet,skill_on,symptom_onset_acuity,250,4,0.016,0,0.0,1,chronic_weeks_or_more,0.612
healthcare_visit_notes,causal_long_visit,sonnet,skill_on,procedure_performed,250,6,0.024,201,0.804,1,,0.804
healthcare_visit_notes,causal_long_visit,sonnet,skill_on,imaging_ordered,250,2,0.008,0,0.0,1,False,0.84
healthcare_visit_notes,causal_long_visit,sonnet,skill_on,lab_ordered,250,2,0.008,0,0.0,1,False,0.672
healthcare_visit_notes,causal_long_visit,sonnet,skill_on,specialist_consult,250,2,0.008,0,0.0,1,False,0.796
healthcare_visit_notes,causal_long_visit,sonnet,skill_on,medication_initiation,250,5,0.02,155,0.62,1,,0.62
healthcare_visit_notes,causal_long_visit,sonnet,skill_on,counseling_complexity,250,4,0.016,30,0.12,1,standard_counseling,0.492
healthcare_visit_notes,causal_triage,haiku,skill_off_update,estimated_resource_intensity,250,3,0.012,0,0.0,1,medium,0.416
healthcare_visit_notes,causal_triage,haiku,skill_off_update,follow_up_required,250,2,0.008,0,0.0,1,no,0.636
healthcare_visit_notes,causal_triage,haiku,skill_off_update,specialist_referral_needed,250,2,0.008,0,0.0,1,no,0.824
healthcare_visit_notes,causal_triage,haiku,skill_off_update,has_comorbidity,250,2,0.008,0,0.0,1,no,0.836
healthcare_visit_notes,causal_triage,sonnet,skill_off_update,clinical_complexity_score,250,10,0.04,0,0.0,1,0,0.208
healthcare_visit_notes,causal_triage,sonnet,skill_off_update,triage_priority,250,3,0.012,0,0.0,1,Low,0.6
healthcare_visit_notes,causal_triage,sonnet,skill_off_update,visit_type,250,4,0.016,0,0.0,1,General,0.48
healthcare_visit_notes,causal_triage,sonnet,skill_off_update,telehealth_eligible,250,2,0.008,0,0.0,1,No,0.816
healthcare_visit_notes,causal_triage,sonnet,skill_off_update,duration_deviation_min,250,9,0.036,0,0.0,1,0,0.532
healthcare_visit_notes,causal_triage,sonnet,skill_off_update,recommended_slot_length_min,250,3,0.012,0,0.0,1,15,0.6
healthcare_visit_notes,causal_triage,haiku,skill_on_e2e,clinical_acuity_level,250,5,0.02,0,0.0,1,chronic_stable,0.344
healthcare_visit_notes,causal_triage,haiku,skill_on_e2e,primary_complaint_category,250,14,0.056,0,0.0,1,cardiovascular,0.188
healthcare_visit_notes,causal_triage,haiku,skill_on_e2e,requires_acute_intervention,250,2,0.008,0,0.0,1,False,0.832
healthcare_visit_notes,causal_triage,haiku,skill_on_e2e,diagnostic_workup_intensity,250,6,0.024,0,0.0,1,none_or_minimal,0.392
healthcare_visit_notes,causal_triage,haiku,skill_on_e2e,requires_specialist_referral,250,2,0.008,0,0.0,1,False,0.668
healthcare_visit_notes,causal_triage,sonnet,skill_on_e2e,clinical_urgency_signal,250,5,0.02,0,0.0,1,routine_chronic,0.268
healthcare_visit_notes,causal_triage,sonnet,skill_on_e2e,presentation_type,250,5,0.02,0,0.0,1,acute_new,0.404
healthcare_visit_notes,causal_triage,sonnet,skill_on_e2e,visit_complexity_level,250,5,0.02,0,0.0,1,2,0.412
healthcare_visit_notes,causal_triage,sonnet,skill_on_e2e,procedure_performed,250,2,0.008,0,0.0,1,False,0.82
healthcare_visit_notes,causal_triage,sonnet,skill_on_e2e,diagnostic_workup_type,250,5,0.02,140,0.56,1,,0.56
healthcare_visit_notes,causal_triage,sonnet,skill_on_e2e,referral_generated,250,2,0.008,0,0.0,1,False,0.712
healthcare_visit_notes,causal_triage,sonnet,skill_on_e2e,consult_specialty,250,8,0.032,206,0.824,1,,0.824
healthcare_visit_notes,causal_triage,sonnet,skill_on_e2e,comorbidity_burden,250,4,0.016,180,0.72,1,,0.72
healthcare_visit_notes,causal_triage,haiku,skill_on,clinical_complexity_level,250,3,0.012,0,0.0,1,simple_single_issue,0.488
healthcare_visit_notes,causal_triage,haiku,skill_on,presentation_acuity_signal,250,4,0.016,0,0.0,1,asymptomatic_stable,0.34
healthcare_visit_notes,causal_triage,haiku,skill_on,diagnostic_intensity,250,4,0.016,0,0.0,1,procedural_intervention,0.344
healthcare_visit_notes,causal_triage,haiku,skill_on,treatment_action_tier,250,5,0.02,0,0.0,1,medication_adjustment,0.384
healthcare_visit_notes,causal_triage,haiku,skill_on,patient_risk_profile,250,4,0.016,0,0.0,1,low_risk_uncomplicated,0.392
healthcare_visit_notes,causal_triage,sonnet,skill_on,chief_complaint_category,250,14,0.056,0,0.0,1,dermatologic,0.176
healthcare_visit_notes,causal_triage,sonnet,skill_on,clinical_urgency_signal,250,6,0.024,0,0.0,1,routine_followup,0.408
healthcare_visit_notes,causal_triage,sonnet,skill_on,chronic_vs_acute,250,6,0.024,0,0.0,1,new_acute,0.516
healthcare_visit_notes,causal_triage,sonnet,skill_on,care_pathway_type,250,8,0.032,0,0.0,1,medication_management,0.296
healthcare_visit_notes,causal_triage,sonnet,skill_on,referral_or_escalation,250,5,0.02,0,0.0,1,no_referral,0.704
healthcare_visit_notes,causal_triage,sonnet,skill_on,specialist_resource_need,250,8,0.032,181,0.724,1,,0.724
healthcare_visit_notes,causal_triage,sonnet,skill_on,visit_complexity,250,5,0.02,0,0.0,1,2,0.408
healthcare_visit_notes,causal_triage,sonnet,skill_on,procedure_performed,250,2,0.008,0,0.0,1,False,0.796
healthcare_visit_notes,concept_attribute_patient,haiku,skill_off_update,primary_patient_need,250,232,0.928,0,0.0,0,Preventive well-child care and immunization,0.064
healthcare_visit_notes,concept_attribute_patient,haiku,skill_off_update,patient_need_category,250,6,0.024,0,0.0,1,Chronic disease management,0.308
healthcare_visit_notes,concept_attribute_patient,sonnet,skill_off_update,identified_patient_needs,250,128,0.512,0,0.0,0,medication_management; diagnostic_testing; monitoring_followup,0.056
healthcare_visit_notes,concept_attribute_patient,sonnet,skill_off_update,needs_count,250,6,0.024,0,0.0,1,3,0.312
healthcare_visit_notes,concept_attribute_patient,sonnet,skill_off_update,needs_pain_management,250,2,0.008,0,0.0,1,0,0.732
healthcare_visit_notes,concept_attribute_patient,sonnet,skill_off_update,needs_medication_management,250,2,0.008,0,0.0,1,1,0.56
healthcare_visit_notes,concept_attribute_patient,sonnet,skill_off_update,needs_diagnostic_testing,250,2,0.008,0,0.0,1,0,0.612
healthcare_visit_notes,concept_attribute_patient,sonnet,skill_off_update,needs_specialist_referral,250,2,0.008,0,0.0,1,0,0.728
healthcare_visit_notes,concept_attribute_patient,sonnet,skill_off_update,needs_monitoring_followup,250,2,0.008,0,0.0,1,0,0.54
healthcare_visit_notes,concept_attribute_patient,sonnet,skill_off_update,needs_lifestyle_counseling,250,2,0.008,0,0.0,1,0,0.68
healthcare_visit_notes,concept_attribute_patient,sonnet,skill_off_update,needs_mental_health,250,2,0.008,0,0.0,1,0,0.932
healthcare_visit_notes,concept_attribute_patient,sonnet,skill_off_update,needs_preventive_care,250,2,0.008,0,0.0,1,0,0.804
healthcare_visit_notes,concept_attribute_patient,sonnet,skill_off_update,needs_wound_skin_care,250,2,0.008,0,0.0,1,0,0.876
healthcare_visit_notes,concept_attribute_patient,sonnet,skill_off_update,needs_physical_rehabilitation,250,2,0.008,0,0.0,1,0,0.78
healthcare_visit_notes,concept_attribute_patient,haiku,skill_on_e2e,clinical_domain,250,6,0.024,0,0.0,1,General Practice,0.216
healthcare_visit_notes,concept_attribute_patient,haiku,skill_on_e2e,acuity_level,250,3,0.012,0,0.0,1,Routine,0.696
healthcare_visit_notes,concept_attribute_patient,haiku,skill_on_e2e,disease_stage,250,5,0.02,0,0.0,1,Acute new presentation,0.468
healthcare_visit_notes,concept_attribute_patient,haiku,skill_on_e2e,preventive_vs_acute,250,2,0.008,0,0.0,1,False,0.824
healthcare_visit_notes,concept_attribute_patient,sonnet,skill_on_e2e,need_category,250,8,0.032,0,0.0,1,chronic_disease_management,0.34
healthcare_visit_notes,concept_attribute_patient,sonnet,skill_on_e2e,clinical_acuity,250,5,0.02,0,0.0,1,2,0.468
healthcare_visit_notes,concept_attribute_patient,sonnet,skill_on_e2e,care_continuity,250,6,0.024,0,0.0,1,new_problem,0.392
healthcare_visit_notes,concept_attribute_patient,sonnet,skill_on_e2e,primary_intervention_needed,250,8,0.032,0,0.0,1,pharmacotherapy,0.36
healthcare_visit_notes,concept_attribute_patient,sonnet,skill_on_e2e,diagnostic_workup_needed,250,2,0.008,0,0.0,1,False,0.68
healthcare_visit_notes,concept_attribute_patient,sonnet,skill_on_e2e,specialist_referral_or_escalation,250,6,0.024,179,0.716,1,,0.716
healthcare_visit_notes,concept_attribute_patient,sonnet,skill_on_e2e,preventive_or_wellness_component,250,2,0.008,0,0.0,1,False,0.796
healthcare_visit_notes,concept_attribute_patient,haiku,skill_on,presentation_type,250,6,0.024,0,0.0,1,acute_symptom,0.416
healthcare_visit_notes,concept_attribute_patient,haiku,skill_on,acuity_trajectory,250,4,0.016,0,0.0,1,new_onset,0.456
healthcare_visit_notes,concept_attribute_patient,sonnet,skill_on,visit_purpose_type,250,8,0.032,0,0.0,1,chronic_disease_management,0.36
healthcare_visit_notes,concept_attribute_patient,sonnet,skill_on,clinical_problem_domain,250,15,0.06,8,0.032,1,cardiovascular,0.192
healthcare_visit_notes,concept_attribute_patient,sonnet,skill_on,clinical_acuity,250,5,0.02,0,0.0,1,2,0.444
healthcare_visit_notes,concept_attribute_patient,sonnet,skill_on,primary_care_action,250,9,0.036,0,0.0,1,treatment_initiation,0.272
healthcare_visit_notes,concept_attribute_patient,sonnet,skill_on,chronicity_pattern,250,5,0.02,0,0.0,1,new_acute,0.436
healthcare_visit_notes,concept_attribute_patient,sonnet,skill_on,specialist_referral_needed,250,2,0.008,0,0.0,1,False,0.756
healthcare_visit_notes,concept_attribute_patient,sonnet,skill_on,preventive_care_component,250,4,0.016,175,0.7,1,,0.7
healthcare_visit_notes,concept_attribute_patient,sonnet,skill_on,specialist_or_referral_need,250,2,0.008,0,0.0,1,False,0.76
healthcare_visit_notes,eda_duration,haiku,skill_off_update,visit_complexity,250,3,0.012,0,0.0,1,High,0.888
healthcare_visit_notes,eda_duration,haiku,skill_off_update,symptom_category,250,12,0.048,0,0.0,1,Other,0.224
healthcare_visit_notes,eda_duration,haiku,skill_off_update,has_procedure,250,2,0.008,0,0.0,1,Yes,0.56
healthcare_visit_notes,eda_duration,sonnet,skill_off_update,reason_category,250,13,0.052,0,0.0,1,ENT/Ophthalmology,0.188
healthcare_visit_notes,eda_duration,sonnet,skill_off_update,urgency_score,250,3,0.012,0,0.0,1,1,0.564
healthcare_visit_notes,eda_duration,sonnet,skill_off_update,duration_vs_dept_median,250,7,0.028,0,0.0,1,0.0,0.684
healthcare_visit_notes,eda_duration,sonnet,skill_off_update,age_group_order,250,4,0.016,0,0.0,1,4,0.348
healthcare_visit_notes,eda_duration,sonnet,skill_off_update,is_complex_visit,250,2,0.008,0,0.0,1,0,0.804
healthcare_visit_notes,eda_duration,haiku,skill_on_e2e,symptom_acuity,250,4,0.016,0,0.0,1,acute_moderate,0.392
healthcare_visit_notes,eda_duration,haiku,skill_on_e2e,vital_abnormality,250,2,0.008,0,0.0,1,False,0.72
healthcare_visit_notes,eda_duration,haiku,skill_on_e2e,diagnostic_testing_intensity,250,3,0.012,0,0.0,1,bedside_exam_only,0.44
healthcare_visit_notes,eda_duration,haiku,skill_on_e2e,intervention_acuity,250,3,0.012,0,0.0,1,routine_medication_or_counseling,0.732
healthcare_visit_notes,eda_duration,haiku,skill_on_e2e,comorbidity_burden,250,3,0.012,0,0.0,1,no_prior_conditions,0.64
healthcare_visit_notes,eda_duration,haiku,skill_on_e2e,deterioration_or_failure_risk,250,2,0.008,0,0.0,1,False,0.692
healthcare_visit_notes,eda_duration,sonnet,skill_on_e2e,visit_type,250,7,0.028,0,0.0,1,acute_sick,0.3
healthcare_visit_notes,eda_duration,sonnet,skill_on_e2e,acuity_severity_level,250,5,0.02,0,0.0,1,2,0.42
healthcare_visit_notes,eda_duration,sonnet,skill_on_e2e,symptom_onset_pattern,250,5,0.02,0,0.0,1,asymptomatic,0.424
healthcare_visit_notes,eda_duration,sonnet,skill_on_e2e,clinical_mechanism,250,12,0.048,42,0.168,1,Unknown,0.168
healthcare_visit_notes,eda_duration,sonnet,skill_on_e2e,procedure_or_intervention_performed,250,7,0.028,81,0.324,1,,0.324
healthcare_visit_notes,eda_duration,sonnet,skill_on_e2e,specialist_or_higher_level_referral,250,5,0.02,0,0.0,1,none_needed,0.74
healthcare_visit_notes,eda_duration,sonnet,skill_on_e2e,diagnostic_imaging_ordered,250,7,0.028,201,0.804,1,,0.804
healthcare_visit_notes,eda_duration,sonnet,skill_on_e2e,chronicity,250,5,0.02,0,0.0,1,new_first_presentation,0.536
healthcare_visit_notes,eda_duration,haiku,skill_on,presentation_acuity,250,4,0.016,0,0.0,1,Gradual onset,0.3
healthcare_visit_notes,eda_duration,haiku,skill_on,symptom_onset_timeframe,250,5,0.02,72,0.288,1,More than 7 days,0.304
healthcare_visit_notes,eda_duration,haiku,skill_on,vital_sign_derangement,250,2,0.008,0,0.0,1,False,0.784
healthcare_visit_notes,eda_duration,haiku,skill_on,organ_system_involved,250,12,0.048,7,0.028,1,Cardiovascular,0.192
healthcare_visit_notes,eda_duration,haiku,skill_on,complication_risk,250,4,0.016,0,0.0,1,Stable with monitoring,0.336
healthcare_visit_notes,eda_duration,haiku,skill_on,age_acuity_interaction,250,5,0.02,0,0.0,1,Adult routine,0.452
healthcare_visit_notes,eda_duration,haiku,skill_on,imaging_procedure_required,250,2,0.008,0,0.0,1,False,0.508
healthcare_visit_notes,eda_duration,sonnet,skill_on,chief_complaint_category,250,7,0.028,0,0.0,1,chronic_disease_management,0.388
healthcare_visit_notes,eda_duration,sonnet,skill_on,symptom_acuity,250,5,0.02,0,0.0,1,2,0.416
healthcare_visit_notes,eda_duration,sonnet,skill_on,primary_body_system,250,13,0.052,11,0.044,1,cardiovascular,0.196
healthcare_visit_notes,eda_duration,sonnet,skill_on,diagnostic_workup_intensity,250,6,0.024,137,0.548,1,,0.548
healthcare_visit_notes,eda_duration,sonnet,skill_on,visit_type,250,7,0.028,0,0.0,1,chronic_follow_up,0.36
healthcare_visit_notes,eda_duration,sonnet,skill_on,care_complexity,250,4,0.016,0,0.0,1,moderate,0.376
healthcare_visit_notes,eda_duration,sonnet,skill_on,procedure_performed,250,5,0.02,169,0.676,1,,0.676
healthcare_visit_notes,eda_duration,sonnet,skill_on,disposition_action,250,7,0.028,0,0.0,1,discharged_home,0.404
healthcare_visit_notes,eda_duration,sonnet,skill_on,new_medication_initiated,250,2,0.008,0,0.0,1,False,0.688
healthcare_visit_notes,eda_duration,sonnet,skill_on,specialist_referral_generated,250,2,0.008,0,0.0,1,False,0.74
healthcare_visit_notes,focus_inference,haiku,skill_off_update,primary_concern,250,16,0.064,0,0.0,1,Pain - Musculoskeletal,0.2
healthcare_visit_notes,focus_inference,haiku,skill_off_update,concern_category,250,11,0.044,0,0.0,1,Chronic Disease Management,0.312
healthcare_visit_notes,focus_inference,haiku,skill_off_update,visit_severity,250,3,0.012,0,0.0,1,Routine/Chronic,0.564
healthcare_visit_notes,focus_inference,haiku,skill_off_update,primary_concern,250,16,0.064,0,0.0,1,Pain - Musculoskeletal,0.2
healthcare_visit_notes,focus_inference,haiku,skill_off_update,concern_category,250,11,0.044,0,0.0,1,Chronic Disease Management,0.312
healthcare_visit_notes,focus_inference,haiku,skill_off_update,visit_severity,250,3,0.012,0,0.0,1,Routine/Chronic,0.564
healthcare_visit_notes,focus_inference,sonnet,skill_off_update,concern_category,250,14,0.056,0,0.0,1,Musculoskeletal / Pain,0.176
healthcare_visit_notes,focus_inference,sonnet,skill_off_update,chief_complaint,250,246,0.984,0,0.0,0,Diabetes follow-up.,0.008
healthcare_visit_notes,focus_inference,haiku,skill_on_e2e,concern_category,250,6,0.024,0,0.0,1,acute_illness,0.412
healthcare_visit_notes,focus_inference,haiku,skill_on_e2e,concern_severity,250,5,0.02,0,0.0,1,significant_chronic,0.408
healthcare_visit_notes,focus_inference,haiku,skill_on_e2e,affected_system,250,12,0.048,0,0.0,1,cardiovascular,0.188
healthcare_visit_notes,focus_inference,haiku,skill_on_e2e,concern_mechanism,250,12,0.048,0,0.0,1,vascular,0.16
healthcare_visit_notes,focus_inference,haiku,skill_on_e2e,clinical_action_type,250,7,0.028,0,0.0,1,medication_initiation_or_adjustment,0.28
healthcare_visit_notes,focus_inference,sonnet,skill_on_e2e,clinical_category,250,8,0.032,0,0.0,1,chronic_disease_management,0.36
healthcare_visit_notes,focus_inference,sonnet,skill_on_e2e,visit_purpose,250,6,0.024,0,0.0,1,new_problem,0.376
healthcare_visit_notes,focus_inference,sonnet,skill_on_e2e,acuity_of_presentation,250,4,0.016,0,0.0,1,routine,0.408
healthcare_visit_notes,focus_inference,sonnet,skill_on_e2e,primary_organ_system,250,13,0.052,8,0.032,1,cardiovascular,0.196
healthcare_visit_notes,focus_inference,sonnet,skill_on_e2e,chronicity,250,4,0.016,0,0.0,1,chronic_stable,0.456
healthcare_visit_notes,focus_inference,sonnet,skill_on_e2e,intervention_type,250,6,0.024,0,0.0,1,medication_initiation_change,0.328
healthcare_visit_notes,focus_inference,sonnet,skill_on_e2e,specialist_referral_needed,250,2,0.008,0,0.0,1,False,0.776
healthcare_visit_notes,focus_inference,haiku,skill_on,clinical_domain,250,8,0.032,0,0.0,1,Cardiovascular,0.188
healthcare_visit_notes,focus_inference,haiku,skill_on,concern_category,250,5,0.02,0,0.0,1,Acute_Symptom,0.428
healthcare_visit_notes,focus_inference,haiku,skill_on,management_approach,250,8,0.032,0,0.0,1,Pharmacologic_Therapy,0.288
healthcare_visit_notes,focus_inference,sonnet,skill_on,clinical_domain,250,14,0.056,1,0.004,1,cardiovascular,0.196
healthcare_visit_notes,focus_inference,sonnet,skill_on,visit_purpose,250,8,0.032,0,0.0,1,acute_complaint,0.412
healthcare_visit_notes,focus_inference,sonnet,skill_on,acuity_severity,250,5,0.02,0,0.0,1,moderate_symptomatic,0.348
healthcare_visit_notes,focus_inference,sonnet,skill_on,primary_body_system,250,15,0.06,0,0.0,1,cardiac,0.192
healthcare_visit_notes,focus_inference,sonnet,skill_on,primary_care_action,250,8,0.032,0,0.0,1,medication_initiation,0.216
healthcare_visit_notes,focus_inference,sonnet,skill_on,chronicity,250,5,0.02,0,0.0,1,new_onset_acute,0.424
healthcare_visit_notes,focus_inference,sonnet,skill_on,intervention_tier,250,6,0.024,0,0.0,1,outpatient_conservative,0.632
healthcare_visit_notes,predictive_high,haiku,skill_off_update,urgency_signal_count,250,6,0.024,0,0.0,1,0,0.496
healthcare_visit_notes,predictive_high,haiku,skill_off_update,has_critical_keywords,250,2,0.008,0,0.0,1,0,0.932
healthcare_visit_notes,predictive_high,haiku,skill_off_update,has_acute_presentation,250,2,0.008,0,0.0,1,0,0.78
healthcare_visit_notes,predictive_high,haiku,skill_off_update,has_severe_symptoms,250,2,0.008,0,0.0,1,0,0.904
healthcare_visit_notes,predictive_high,sonnet,skill_off_update,signal_critical_vitals,250,2,0.008,0,0.0,1,0,0.968
healthcare_visit_notes,predictive_high,sonnet,skill_off_update,signal_acute_symptoms,250,2,0.008,0,0.0,1,0,0.84
healthcare_visit_notes,predictive_high,sonnet,skill_off_update,signal_acute_onset,250,2,0.008,0,0.0,1,0,0.968
healthcare_visit_notes,predictive_high,sonnet,skill_off_update,signal_high_risk_dx,250,2,0.008,0,0.0,1,0,0.964
healthcare_visit_notes,predictive_high,sonnet,skill_off_update,signal_severe_pain,250,1,0.004,0,0.0,1,0,1.0
healthcare_visit_notes,predictive_high,sonnet,skill_off_update,urgency_signal_count,250,4,0.016,0,0.0,1,0,0.776
healthcare_visit_notes,predictive_high,sonnet,skill_off_update,urgency_signal_tier,250,3,0.012,0,0.0,1,Low,0.776
healthcare_visit_notes,predictive_high,haiku,skill_on_e2e,vital_sign_instability,250,2,0.008,0,0.0,1,False,0.892
healthcare_visit_notes,predictive_high,haiku,skill_on_e2e,acute_symptom_onset,250,4,0.016,10,0.04,1,sudden_onset,0.404
healthcare_visit_notes,predictive_high,haiku,skill_on_e2e,emergency_intervention_needed,250,2,0.008,0,0.0,1,False,0.852
healthcare_visit_notes,predictive_high,haiku,skill_on_e2e,imaging_stat_status,250,4,0.016,0,0.0,1,no_imaging,0.588
healthcare_visit_notes,predictive_high,haiku,skill_on_e2e,life_threatening_presentation,250,2,0.008,0,0.0,1,False,0.836
healthcare_visit_notes,predictive_high,haiku,skill_on_e2e,hemodynamic_compensation_status,250,4,0.016,0,0.0,1,stable,0.764
healthcare_visit_notes,predictive_high,sonnet,skill_on_e2e,chief_complaint_category,250,13,0.052,0,0.0,1,chronic_disease_followup,0.22
healthcare_visit_notes,predictive_high,sonnet,skill_on_e2e,symptom_onset_acuity,250,5,0.02,0,0.0,1,chronic_weeks_or_more,0.448
healthcare_visit_notes,predictive_high,sonnet,skill_on_e2e,pain_severity_signal,250,4,0.016,0,0.0,1,none_or_not_mentioned,0.44
healthcare_visit_notes,predictive_high,sonnet,skill_on_e2e,hemodynamic_instability,250,2,0.008,0,0.0,1,False,0.948
healthcare_visit_notes,predictive_high,sonnet,skill_on_e2e,disposition_signal,250,6,0.024,0,0.0,1,outpatient_followup,0.628
healthcare_visit_notes,predictive_high,sonnet,skill_on_e2e,intervention_urgency,250,5,0.02,0,0.0,1,no_active_intervention,0.432
healthcare_visit_notes,predictive_high,sonnet,skill_on_e2e,organ_system_at_risk,250,10,0.04,0,0.0,1,none_at_acute_risk,0.208
healthcare_visit_notes,predictive_high,sonnet,skill_on_e2e,visit_type_purpose,250,6,0.024,0,0.0,1,acute_new_problem,0.488
healthcare_visit_notes,predictive_high,sonnet,skill_on_e2e,prior_condition_complexity,250,4,0.016,0,0.0,1,no_significant_prior_condition,0.604
healthcare_visit_notes,predictive_high,haiku,skill_on,vital_sign_instability,250,2,0.008,0,0.0,1,False,0.9
healthcare_visit_notes,predictive_high,haiku,skill_on,symptom_acuity,250,4,0.016,0,0.0,1,gradual_or_chronic,0.412
healthcare_visit_notes,predictive_high,haiku,skill_on,life_threat_indicator,250,2,0.008,0,0.0,1,False,0.868
healthcare_visit_notes,predictive_high,haiku,skill_on,critical_imaging_finding,250,2,0.008,0,0.0,1,False,0.776
healthcare_visit_notes,predictive_high,haiku,skill_on,acute_intervention_required,250,4,0.016,0,0.0,1,supportive_only,0.404
healthcare_visit_notes,predictive_high,haiku,skill_on,system_involvement,250,9,0.036,0,0.0,1,single_or_other,0.464
healthcare_visit_notes,predictive_high,sonnet,skill_on,symptom_severity_class,250,6,0.024,0,0.0,1,chronic_stable,0.296
healthcare_visit_notes,predictive_high,sonnet,skill_on,chief_complaint_category,250,13,0.052,0,0.0,1,chronic_disease_management,0.236
healthcare_visit_notes,predictive_high,sonnet,skill_on,organ_system_at_risk,250,13,0.052,33,0.132,1,cardiovascular,0.2
healthcare_visit_notes,predictive_high,sonnet,skill_on,objective_finding_severity,250,4,0.016,0,0.0,1,positive_non_urgent_exam,0.476
healthcare_visit_notes,predictive_high,sonnet,skill_on,onset_acuity,250,5,0.02,0,0.0,1,planned_scheduled,0.532
healthcare_visit_notes,predictive_high,sonnet,skill_on,injury_mechanism_type,250,8,0.032,210,0.84,1,,0.84
healthcare_visit_notes,predictive_high,sonnet,skill_on,disposition_indicator,250,8,0.032,0,0.0,1,medication_change_only,0.512
healthcare_visit_notes,predictive_high,sonnet,skill_on,diagnostic_urgency_signal,250,4,0.016,0,0.0,1,no_workup,0.62
healthcare_visit_notes,predictive_long,haiku,skill_off_update,num_conditions,250,6,0.024,0,0.0,1,2,0.372
healthcare_visit_notes,predictive_long,haiku,skill_off_update,has_procedure,250,2,0.008,0,0.0,1,0,0.656
healthcare_visit_notes,predictive_long,haiku,skill_off_update,has_multiple_meds,250,2,0.008,0,0.0,1,0,0.972
healthcare_visit_notes,predictive_long,haiku,skill_off_update,note_length,250,46,0.184,0,0.0,1,180,0.06
healthcare_visit_notes,predictive_long,haiku,skill_off_update,is_urgent_note,250,2,0.008,0,0.0,1,0,0.8
healthcare_visit_notes,predictive_long,haiku,skill_off_update,has_diagnostics,250,2,0.008,0,0.0,1,1,0.54
healthcare_visit_notes,predictive_long,sonnet,skill_off_update,note_length_chars,250,46,0.184,0,0.0,1,180,0.06
healthcare_visit_notes,predictive_long,sonnet,skill_off_update,sentence_count,250,5,0.02,0,0.0,1,4,0.456
healthcare_visit_notes,predictive_long,sonnet,skill_off_update,medical_term_count,250,13,0.052,0,0.0,1,24,0.168
healthcare_visit_notes,predictive_long,sonnet,skill_off_update,comorbidity_count,250,3,0.012,0,0.0,1,0,0.528
healthcare_visit_notes,predictive_long,sonnet,skill_off_update,action_count,250,4,0.016,0,0.0,1,0,0.452
healthcare_visit_notes,predictive_long,sonnet,skill_off_update,multi_complaint_flag,250,2,0.008,0,0.0,1,0,0.916
healthcare_visit_notes,predictive_long,haiku,skill_on_e2e,procedure_or_intervention_mentioned,250,2,0.008,0,0.0,1,True,0.768
healthcare_visit_notes,predictive_long,haiku,skill_on_e2e,diagnostic_workup_intensity,250,2,0.008,0,0.0,1,minimal,0.704
healthcare_visit_notes,predictive_long,haiku,skill_on_e2e,follow_up_or_management_type,250,5,0.02,0,0.0,1,new_diagnosis_management,0.46
healthcare_visit_notes,predictive_long,haiku,skill_on_e2e,vital_sign_derangement_present,250,2,0.008,0,0.0,1,False,0.8
healthcare_visit_notes,predictive_long,haiku,skill_on_e2e,multi_site_or_multi_system,250,2,0.008,0,0.0,1,False,0.744
healthcare_visit_notes,predictive_long,haiku,skill_on_e2e,counseling_or_education_focus,250,2,0.008,0,0.0,1,True,0.764
healthcare_visit_notes,predictive_long,haiku,skill_on_e2e,medication_or_regimen_complexity,250,5,0.02,95,0.38,1,Unknown,0.38
healthcare_visit_notes,predictive_long,sonnet,skill_on_e2e,visit_type_category,250,6,0.024,0,0.0,1,chronic_disease_followup,0.36
healthcare_visit_notes,predictive_long,sonnet,skill_on_e2e,presenting_acuity_severity,250,4,0.016,0,0.0,1,moderate_symptomatic,0.476
healthcare_visit_notes,predictive_long,sonnet,skill_on_e2e,vital_sign_instability,250,2,0.008,0,0.0,1,False,0.932
healthcare_visit_notes,predictive_long,sonnet,skill_on_e2e,clinical_problem_count,250,3,0.012,70,0.28,1,2,0.688
healthcare_visit_notes,predictive_long,sonnet,skill_on_e2e,chronic_disease_burden,250,4,0.016,38,0.152,1,single_condition,0.6
healthcare_visit_notes,predictive_long,sonnet,skill_on_e2e,diagnostic_workup_intensity,250,4,0.016,146,0.584,1,,0.584
healthcare_visit_notes,predictive_long,sonnet,skill_on_e2e,procedure_performed_in_visit,250,6,0.024,202,0.808,1,,0.808
healthcare_visit_notes,predictive_long,sonnet,skill_on_e2e,specialist_consult_or_referral_initiated,250,2,0.008,0,0.0,1,False,0.788
healthcare_visit_notes,predictive_long,sonnet,skill_on_e2e,medication_initiation_or_regimen_change,250,4,0.016,157,0.628,1,,0.628
healthcare_visit_notes,predictive_long,sonnet,skill_on_e2e,counseling_topic_count,250,2,0.008,154,0.616,1,,0.616
healthcare_visit_notes,predictive_long,haiku,skill_on,acuity_severity_level,250,3,0.012,0,0.0,1,moderate_acuity,0.496
healthcare_visit_notes,predictive_long,haiku,skill_on,procedure_or_intervention_performed,250,2,0.008,0,0.0,1,True,0.58
healthcare_visit_notes,predictive_long,haiku,skill_on,diagnostic_imaging_or_testing_ordered,250,2,0.008,0,0.0,1,True,0.552
healthcare_visit_notes,predictive_long,haiku,skill_on,medication_initiation_or_titration,250,2,0.008,0,0.0,1,True,0.5
healthcare_visit_notes,predictive_long,haiku,skill_on,follow_up_plan_complexity,250,4,0.016,0,0.0,1,routine_scheduled,0.568
healthcare_visit_notes,predictive_long,haiku,skill_on,chief_complaint_multisystem_or_complex,250,2,0.008,0,0.0,1,False,0.704
healthcare_visit_notes,predictive_long,sonnet,skill_on,clinical_complexity_tier,250,3,0.012,0,0.0,1,moderate,0.536
healthcare_visit_notes,predictive_long,sonnet,skill_on,symptom_acuity,250,5,0.02,0,0.0,1,2,0.368
healthcare_visit_notes,predictive_long,sonnet,skill_on,vital_instability,250,2,0.008,0,0.0,1,False,0.912
healthcare_visit_notes,predictive_long,sonnet,skill_on,procedure_performed,250,6,0.024,201,0.804,1,,0.804
healthcare_visit_notes,predictive_long,sonnet,skill_on,imaging_ordered,250,2,0.008,0,0.0,1,False,0.852
healthcare_visit_notes,predictive_long,sonnet,skill_on,consult_ordered,250,2,0.008,0,0.0,1,False,0.82
healthcare_visit_notes,predictive_long,sonnet,skill_on,visit_purpose,250,7,0.028,0,0.0,1,chronic_disease_followup,0.38
healthcare_visit_notes,predictive_long,sonnet,skill_on,new_diagnosis,250,2,0.008,0,0.0,1,False,0.696
healthcare_visit_notes,predictive_long,sonnet,skill_on,medication_change,250,5,0.02,163,0.652,1,,0.652
healthcare_visit_notes,predictive_long,sonnet,skill_on,counseling_intensity,250,3,0.012,0,0.0,1,2,0.676
healthcare_visit_notes,predictive_visit,haiku,skill_off_update,primary_reason,250,246,0.984,0,0.0,0,Diabetes follow-up,0.008
healthcare_visit_notes,predictive_visit,haiku,skill_off_update,condition_category,250,9,0.036,0,0.0,1,Other_Clinical_Issue,0.26
healthcare_visit_notes,predictive_visit,sonnet,skill_off_update,reason_category,250,15,0.06,0,0.0,1,Other,0.156
healthcare_visit_notes,predictive_visit,sonnet,skill_off_update,departments_for_reason_category,250,10,0.04,0,0.0,1,Cardiology|Dermatology|Emergency|GeneralPractice|Orthopedics|Pediatrics,0.452
healthcare_visit_notes,predictive_visit,sonnet,skill_off_update,reason_category_dept_count,250,5,0.02,0,0.0,1,6,0.452
healthcare_visit_notes,predictive_visit,haiku,skill_on_e2e,presentation_severity,250,4,0.016,0,0.0,1,Routine,0.336
healthcare_visit_notes,predictive_visit,haiku,skill_on_e2e,vital_sign_abnormality_present,250,2,0.008,0,0.0,1,False,0.784
healthcare_visit_notes,predictive_visit,haiku,skill_on_e2e,anatomic_system_affected,250,10,0.04,0,0.0,1,Cardiovascular,0.184
healthcare_visit_notes,predictive_visit,haiku,skill_on_e2e,diagnostic_concern_type,250,10,0.04,0,0.0,1,Functional_Impairment,0.172
healthcare_visit_notes,predictive_visit,haiku,skill_on_e2e,procedure_or_intervention_required,250,5,0.02,0,0.0,1,Medical_Management_Only,0.36
healthcare_visit_notes,predictive_visit,sonnet,skill_on_e2e,chief_complaint_category,250,12,0.048,0,0.0,1,chronic_disease_management,0.192
healthcare_visit_notes,predictive_visit,sonnet,skill_on_e2e,body_system,250,13,0.052,0,0.0,1,cardiovascular,0.2
healthcare_visit_notes,predictive_visit,sonnet,skill_on_e2e,visit_type,250,8,0.032,0,0.0,1,follow_up_chronic,0.4
healthcare_visit_notes,predictive_visit,sonnet,skill_on_e2e,clinical_acuity,250,5,0.02,0,0.0,1,2,0.456
healthcare_visit_notes,predictive_visit,sonnet,skill_on_e2e,onset_pattern,250,6,0.024,4,0.016,1,sudden_acute,0.392
healthcare_visit_notes,predictive_visit,sonnet,skill_on_e2e,procedure_performed,250,7,0.028,55,0.22,1,medication_initiation_or_adjustment,0.452
healthcare_visit_notes,predictive_visit,sonnet,skill_on_e2e,referral_or_consult_generated,250,2,0.008,0,0.0,1,False,0.772
healthcare_visit_notes,predictive_visit,sonnet,skill_on_e2e,chronic_vs_acute_condition,250,5,0.02,0,0.0,1,acute_new,0.408
healthcare_visit_notes,predictive_visit,haiku,skill_on,primary_problem_class,250,11,0.044,0,0.0,1,cardiovascular,0.188
healthcare_visit_notes,predictive_visit,haiku,skill_on,life_threat_indicator,250,2,0.008,0,0.0,1,False,0.844
healthcare_visit_notes,predictive_visit,haiku,skill_on,symptom_onset_tempo,250,5,0.02,0,0.0,1,chronic_established,0.516
healthcare_visit_notes,predictive_visit,haiku,skill_on,surgical_procedural_need,250,4,0.016,0,0.0,1,procedural_therapeutic,0.388
healthcare_visit_notes,predictive_visit,haiku,skill_on,pediatric_context,250,2,0.008,0,0.0,1,False,0.816
healthcare_visit_notes,predictive_visit,sonnet,skill_on,clinical_specialty_category,250,6,0.024,0,0.0,1,Primary_Care,0.216
healthcare_visit_notes,predictive_visit,sonnet,skill_on,primary_complaint_type,250,11,0.044,5,0.02,1,Chronic_Disease_Management,0.24
healthcare_visit_notes,predictive_visit,sonnet,skill_on,body_system,250,10,0.04,0,0.0,1,Cardiac,0.2
healthcare_visit_notes,predictive_visit,sonnet,skill_on,visit_acuity_level,250,4,0.016,0,0.0,1,Semi_Urgent,0.38
healthcare_visit_notes,predictive_visit,sonnet,skill_on,condition_severity,250,5,0.02,0,0.0,1,2,0.312
healthcare_visit_notes,predictive_visit,sonnet,skill_on,presentation_onset,250,6,0.024,0,0.0,1,Acute,0.368
healthcare_visit_notes,predictive_visit,sonnet,skill_on,chief_complaint_mechanism,250,9,0.036,0,0.0,1,Vascular_Ischemic,0.164
healthcare_visit_notes,predictive_visit,sonnet,skill_on,procedure_or_intervention_type,250,7,0.028,0,0.0,1,Medication_Prescription,0.276
healthcare_visit_notes,predictive_visit,sonnet,skill_on,visit_subtype,250,8,0.032,0,0.0,1,Acute_Sick_Visit,0.344
healthcare_visit_notes,predictive_visit,sonnet,skill_on,management_disposition,250,8,0.032,0,0.0,1,Outpatient_Followup,0.384
imdb_movie_reviews,causal_audience,haiku,skill_off_update,has_acting_complaints,250,2,0.008,0,0.0,1,0,0.788
imdb_movie_reviews,causal_audience,haiku,skill_off_update,has_pacing_issues,250,2,0.008,0,0.0,1,0,0.976
imdb_movie_reviews,causal_audience,haiku,skill_off_update,writing_quality_signal,250,3,0.012,0,0.0,1,0,0.968
imdb_movie_reviews,causal_audience,haiku,skill_off_update,has_character_depth_signal,250,2,0.008,0,0.0,1,0,0.792
imdb_movie_reviews,causal_audience,haiku,skill_off_update,production_quality_flag,250,2,0.008,0,0.0,1,0,0.82
imdb_movie_reviews,causal_audience,sonnet,skill_off_update,dissatisfaction_category,250,8,0.032,0,0.0,1,positive,0.5
imdb_movie_reviews,causal_audience,sonnet,skill_off_update,complaint_intensity,250,6,0.024,0,0.0,1,0,0.808
imdb_movie_reviews,causal_audience,sonnet,skill_off_update,mentions_acting_issues,250,2,0.008,0,0.0,1,0,0.684
imdb_movie_reviews,causal_audience,sonnet,skill_off_update,mentions_writing_issues,250,2,0.008,0,0.0,1,0,0.604
imdb_movie_reviews,causal_audience,sonnet,skill_off_update,wasted_potential,250,2,0.008,0,0.0,1,0,0.984
imdb_movie_reviews,causal_audience,haiku,skill_on_e2e,acting_quality,250,6,0.024,121,0.484,1,Unknown,0.484
imdb_movie_reviews,causal_audience,haiku,skill_on_e2e,directorial_competence,250,7,0.028,111,0.444,1,Unknown,0.444
imdb_movie_reviews,causal_audience,haiku,skill_on_e2e,expectation_mismatch,250,7,0.028,39,0.156,1,exceeded_expectations,0.4
imdb_movie_reviews,causal_audience,haiku,skill_on_e2e,comparative_positioning,250,5,0.02,25,0.1,1,stands_alone_weak,0.78
imdb_movie_reviews,causal_audience,sonnet,skill_on_e2e,writing_quality_verdict,250,3,0.012,0,0.0,1,adequate,0.42
imdb_movie_reviews,causal_audience,sonnet,skill_on_e2e,acting_quality_verdict,250,5,0.02,59,0.236,1,poor,0.324
imdb_movie_reviews,causal_audience,sonnet,skill_on_e2e,plot_originality,250,5,0.02,120,0.48,1,Unknown,0.48
imdb_movie_reviews,causal_audience,sonnet,skill_on_e2e,tonal_genre_mismatch,250,3,0.012,1,0.004,1,False,0.96
imdb_movie_reviews,causal_audience,sonnet,skill_on_e2e,content_offensiveness,250,3,0.012,224,0.896,1,,0.896
imdb_movie_reviews,causal_audience,sonnet,skill_on_e2e,character_development_verdict,250,5,0.02,27,0.108,1,adequate,0.268
imdb_movie_reviews,causal_audience,sonnet,skill_on_e2e,expectation_level_prior,250,3,0.012,0,0.0,1,low_or_no_expectation,0.716
imdb_movie_reviews,causal_audience,haiku,skill_on,plot_coherence_issue,250,2,0.008,0,0.0,1,False,0.892
imdb_movie_reviews,causal_audience,haiku,skill_on,screenplay_dialogue_weakness,250,2,0.008,0,0.0,1,False,0.808
imdb_movie_reviews,causal_audience,haiku,skill_on,acting_quality_poor,250,2,0.008,0,0.0,1,False,0.884
imdb_movie_reviews,causal_audience,haiku,skill_on,premise_promise_unfulfilled,250,2,0.008,0,0.0,1,False,0.568
imdb_movie_reviews,causal_audience,sonnet,skill_on,writing_quality_issue,250,6,0.024,170,0.68,1,,0.68
imdb_movie_reviews,causal_audience,sonnet,skill_on,acting_quality_verdict,250,6,0.024,0,0.0,1,adequate,0.336
imdb_movie_reviews,causal_audience,sonnet,skill_on,plot_originality_level,250,6,0.024,160,0.64,1,,0.64
imdb_movie_reviews,causal_audience,sonnet,skill_on,pacing_issue,250,5,0.02,228,0.912,1,,0.912
imdb_movie_reviews,causal_audience,sonnet,skill_on,production_value_issue,250,5,0.02,228,0.912,1,,0.912
imdb_movie_reviews,causal_audience,sonnet,skill_on,expectation_mismatch_type,250,5,0.02,220,0.88,1,,0.88
imdb_movie_reviews,causal_audience,sonnet,skill_on,character_development_quality,250,5,0.02,210,0.84,1,,0.84
imdb_movie_reviews,causal_audience,sonnet,skill_on,prior_expectation_driver,250,5,0.02,0,0.0,1,general_viewer,0.688
imdb_movie_reviews,concept_attribute_praise,haiku,skill_off_update,praise_terms,250,82,0.328,91,0.364,0,,0.364
imdb_movie_reviews,concept_attribute_praise,haiku,skill_off_update,complaint_terms,250,79,0.316,124,0.496,0,,0.496
imdb_movie_reviews,concept_attribute_praise,haiku,skill_off_update,sentiment_polarity,250,3,0.012,0,0.0,1,positive,0.416
imdb_movie_reviews,concept_attribute_praise,haiku,skill_off_update,praise_terms,250,82,0.328,91,0.364,0,,0.364
imdb_movie_reviews,concept_attribute_praise,haiku,skill_off_update,complaint_terms,250,79,0.316,124,0.496,0,,0.496
imdb_movie_reviews,concept_attribute_praise,haiku,skill_off_update,sentiment_polarity,250,3,0.012,0,0.0,1,positive,0.416
imdb_movie_reviews,concept_attribute_praise,sonnet,skill_off_update,praise_count,250,5,0.02,0,0.0,1,0,0.728
imdb_movie_reviews,concept_attribute_praise,sonnet,skill_off_update,complaint_count,250,6,0.024,0,0.0,1,0,0.732
imdb_movie_reviews,concept_attribute_praise,sonnet,skill_off_update,praised_aspects,250,8,0.032,226,0.904,1,none,0.904
imdb_movie_reviews,concept_attribute_praise,sonnet,skill_off_update,complained_aspects,250,13,0.052,216,0.864,1,none,0.864
imdb_movie_reviews,concept_attribute_praise,sonnet,skill_off_update,review_sentiment_type,250,4,0.016,0,0.0,1,neutral,0.524
imdb_movie_reviews,concept_attribute_praise,haiku,skill_on_e2e,praise_acting_or_performance,250,2,0.008,0,0.0,1,False,0.732
imdb_movie_reviews,concept_attribute_praise,haiku,skill_on_e2e,praise_cinematography_or_visuals,250,2,0.008,0,0.0,1,False,0.84
imdb_movie_reviews,concept_attribute_praise,haiku,skill_on_e2e,praise_story_or_plot,250,2,0.008,0,0.0,1,False,0.644
imdb_movie_reviews,concept_attribute_praise,haiku,skill_on_e2e,complaint_acting_or_performance,250,2,0.008,0,0.0,1,False,0.504
imdb_movie_reviews,concept_attribute_praise,haiku,skill_on_e2e,complaint_cinematography_or_visuals,250,2,0.008,0,0.0,1,False,0.768
imdb_movie_reviews,concept_attribute_praise,haiku,skill_on_e2e,complaint_story_or_plot,250,2,0.008,0,0.0,1,False,0.564
imdb_movie_reviews,concept_attribute_praise,sonnet,skill_on_e2e,sentiment_polarity,250,3,0.012,0,0.0,1,positive,0.392
imdb_movie_reviews,concept_attribute_praise,sonnet,skill_on_e2e,praised_aspect,250,9,0.036,113,0.452,1,,0.452
imdb_movie_reviews,concept_attribute_praise,sonnet,skill_on_e2e,criticized_aspect,250,9,0.036,120,0.48,1,,0.48
imdb_movie_reviews,concept_attribute_praise,sonnet,skill_on_e2e,praise_intensity,250,4,0.016,112,0.448,1,,0.448
imdb_movie_reviews,concept_attribute_praise,sonnet,skill_on_e2e,complaint_intensity,250,4,0.016,100,0.4,1,,0.4
imdb_movie_reviews,concept_attribute_praise,sonnet,skill_on_e2e,acting_quality,250,4,0.016,107,0.428,1,,0.428
imdb_movie_reviews,concept_attribute_praise,sonnet,skill_on_e2e,writing_quality,250,4,0.016,93,0.372,1,criticized,0.408
imdb_movie_reviews,concept_attribute_praise,sonnet,skill_on_e2e,technical_quality,250,4,0.016,35,0.14,1,criticized,0.356
imdb_movie_reviews,concept_attribute_praise,sonnet,skill_on_e2e,comparison_reference,250,5,0.02,149,0.596,1,,0.596
imdb_movie_reviews,concept_attribute_praise,sonnet,skill_on_e2e,recommendation_stance,250,5,0.02,0,0.0,1,strongly_discourage,0.268
imdb_movie_reviews,concept_attribute_praise,haiku,skill_on,complained_aspect,250,16,0.064,135,0.54,1,,0.416
imdb_movie_reviews,concept_attribute_praise,sonnet,skill_on,sentiment_polarity,250,3,0.012,0,0.0,1,positive,0.396
imdb_movie_reviews,concept_attribute_praise,sonnet,skill_on,praised_aspect,250,9,0.036,127,0.508,1,,0.508
imdb_movie_reviews,concept_attribute_praise,sonnet,skill_on,complaint_aspect,250,9,0.036,118,0.472,1,,0.472
imdb_movie_reviews,concept_attribute_praise,sonnet,skill_on,acting_quality_judgment,250,5,0.02,0,0.0,1,mildly_praised,0.276
imdb_movie_reviews,concept_attribute_praise,sonnet,skill_on,writing_script_judgment,250,5,0.02,0,0.0,1,harshly_criticized,0.312
imdb_movie_reviews,concept_attribute_praise,sonnet,skill_on,direction_cinematography_judgment,250,5,0.02,0,0.0,1,neutral_or_absent,0.62
imdb_movie_reviews,concept_attribute_praise,sonnet,skill_on,complaint_severity,250,6,0.024,94,0.376,1,,0.376
imdb_movie_reviews,concept_attribute_praise,sonnet,skill_on,praise_intensity,250,5,0.02,0,0.0,1,1,0.308
imdb_movie_reviews,concept_attribute_praise,sonnet,skill_on,comparison_reference,250,4,0.016,186,0.744,1,,0.744
imdb_movie_reviews,concept_attribute_praise,sonnet,skill_on,recommendation_stance,250,5,0.02,0,0.0,1,strong_avoid,0.252
imdb_movie_reviews,eda_sentiment,haiku,skill_off_update,sentiment_description,250,2,0.008,0,0.0,1,negative,0.5
imdb_movie_reviews,eda_sentiment,haiku,skill_off_update,review_character_count,250,64,0.256,0,0.0,0,700,0.736
imdb_movie_reviews,eda_sentiment,haiku,skill_off_update,detected_themes,250,72,0.288,0,0.0,0,general,0.156
imdb_movie_reviews,eda_sentiment,haiku,skill_off_update,positive_sentiment_words,250,5,0.02,0,0.0,1,0,0.472
imdb_movie_reviews,eda_sentiment,haiku,skill_off_update,negative_sentiment_words,250,7,0.028,0,0.0,1,0,0.632
imdb_movie_reviews,eda_sentiment,haiku,skill_off_update,sentiment_word_ratio,250,13,0.052,0,0.0,1,0.0,0.472
imdb_movie_reviews,eda_sentiment,sonnet,skill_off_update,aspect_acting,250,7,0.028,0,0.0,1,0,0.484
imdb_movie_reviews,eda_sentiment,sonnet,skill_off_update,aspect_plot,250,5,0.02,0,0.0,1,0,0.516
imdb_movie_reviews,eda_sentiment,sonnet,skill_off_update,aspect_direction,250,10,0.04,0,0.0,1,0,0.428
imdb_movie_reviews,eda_sentiment,sonnet,skill_off_update,aspect_music,250,5,0.02,0,0.0,1,0,0.876
imdb_movie_reviews,eda_sentiment,sonnet,skill_off_update,aspect_humor,250,7,0.028,0,0.0,1,0,0.772
imdb_movie_reviews,eda_sentiment,sonnet,skill_off_update,aspect_emotion,250,4,0.016,0,0.0,1,0,0.864
imdb_movie_reviews,eda_sentiment,sonnet,skill_off_update,aspect_special_effects,250,3,0.012,0,0.0,1,0,0.932
imdb_movie_reviews,eda_sentiment,sonnet,skill_off_update,aspect_nostalgia,250,6,0.024,0,0.0,1,0,0.844
imdb_movie_reviews,eda_sentiment,sonnet,skill_off_update,dominant_theme,250,9,0.036,0,0.0,1,acting,0.308
imdb_movie_reviews,eda_sentiment,sonnet,skill_off_update,positive_word_count,250,7,0.028,0,0.0,1,0,0.544
imdb_movie_reviews,eda_sentiment,sonnet,skill_off_update,negative_word_count,250,9,0.036,0,0.0,1,0,0.58
imdb_movie_reviews,eda_sentiment,sonnet,skill_off_update,sentiment_word_ratio,250,17,0.068,0,0.0,1,0.0,0.544
imdb_movie_reviews,eda_sentiment,sonnet,skill_off_update,sarcasm_signal,250,2,0.008,0,0.0,1,0,0.992
imdb_movie_reviews,eda_sentiment,sonnet,skill_off_update,review_length_words,250,68,0.272,0,0.0,0,127,0.084
imdb_movie_reviews,eda_sentiment,haiku,skill_on_e2e,craft_quality_assessment,250,5,0.02,1,0.004,1,strong_execution,0.312
imdb_movie_reviews,eda_sentiment,haiku,skill_on_e2e,emotional_resonance_intensity,250,4,0.016,0,0.0,1,emotionally_flat,0.532
imdb_movie_reviews,eda_sentiment,haiku,skill_on_e2e,narrative_coherence_clarity,250,5,0.02,1,0.004,1,confusing_disjointed,0.456
imdb_movie_reviews,eda_sentiment,haiku,skill_on_e2e,actor_performance_quality,250,5,0.02,68,0.272,1,competent_solid,0.284
imdb_movie_reviews,eda_sentiment,haiku,skill_on_e2e,ensemble_chemistry,250,2,0.008,0,0.0,1,False,0.9
imdb_movie_reviews,eda_sentiment,haiku,skill_on_e2e,comparative_framing,250,3,0.012,0,0.0,1,unfavorable_comparison,0.484
imdb_movie_reviews,eda_sentiment,haiku,skill_on_e2e,genre_expectation_alignment,250,5,0.02,1,0.004,1,exceeds_expectations,0.296
imdb_movie_reviews,eda_sentiment,sonnet,skill_on_e2e,primary_criticism_target,250,8,0.032,0,0.0,1,none_criticized,0.5
imdb_movie_reviews,eda_sentiment,sonnet,skill_on_e2e,primary_praise_target,250,8,0.032,0,0.0,1,none_praised,0.5
imdb_movie_reviews,eda_sentiment,sonnet,skill_on_e2e,narrative_quality,250,5,0.02,0,0.0,1,competent_conventional,0.38
imdb_movie_reviews,eda_sentiment,sonnet,skill_on_e2e,acting_quality,250,5,0.02,0,0.0,1,not_assessed,0.652
imdb_movie_reviews,eda_sentiment,sonnet,skill_on_e2e,emotional_intensity,250,4,0.016,0,0.0,1,3,0.732
imdb_movie_reviews,eda_sentiment,sonnet,skill_on_e2e,hyperbole_valence,250,5,0.02,0,0.0,1,moderate_negative,0.296
imdb_movie_reviews,eda_sentiment,sonnet,skill_on_e2e,nostalgic_framing,250,2,0.008,0,0.0,1,False,0.808
imdb_movie_reviews,eda_sentiment,sonnet,skill_on_e2e,comparative_reference_type,250,5,0.02,0,0.0,1,no_comparison,0.656
imdb_movie_reviews,eda_sentiment,sonnet,skill_on_e2e,genre_expectation_met,250,5,0.02,0,0.0,1,not_met,0.412
imdb_movie_reviews,eda_sentiment,sonnet,skill_on_e2e,watch_recommendation,250,5,0.02,0,0.0,1,conditional_avoid,0.28
imdb_movie_reviews,eda_sentiment,haiku,skill_on,screenplay_dialogue_quality,250,3,0.012,26,0.104,1,weak_critique,0.496
imdb_movie_reviews,eda_sentiment,haiku,skill_on,acting_quality,250,4,0.016,143,0.572,1,,0.572
imdb_movie_reviews,eda_sentiment,haiku,skill_on,technical_filmmaking,250,4,0.016,83,0.332,1,,0.332
imdb_movie_reviews,eda_sentiment,haiku,skill_on,emotional_impact,250,4,0.016,8,0.032,1,unmoved_flat,0.532
imdb_movie_reviews,eda_sentiment,haiku,skill_on,character_development,250,4,0.016,128,0.512,1,,0.512
imdb_movie_reviews,eda_sentiment,haiku,skill_on,plot_coherence,250,4,0.016,33,0.132,1,logical_well_structured,0.416
imdb_movie_reviews,eda_sentiment,haiku,skill_on,originality_freshness,250,4,0.016,109,0.436,1,,0.436
imdb_movie_reviews,eda_sentiment,haiku,skill_on,pacing_watchability,250,4,0.016,32,0.128,1,engaging_riveting,0.412
imdb_movie_reviews,eda_sentiment,haiku,skill_on,comparative_framing,250,4,0.016,1,0.004,1,unfavorably_compared,0.448
imdb_movie_reviews,eda_sentiment,sonnet,skill_on,primary_criticism_type,250,7,0.028,121,0.484,1,,0.484
imdb_movie_reviews,eda_sentiment,sonnet,skill_on,praise_dimension,250,7,0.028,13,0.052,1,story_writing,0.456
imdb_movie_reviews,eda_sentiment,sonnet,skill_on,plot_quality_signal,250,5,0.02,0,0.0,1,competent_conventional,0.352
imdb_movie_reviews,eda_sentiment,sonnet,skill_on,acting_quality_signal,250,5,0.02,133,0.532,1,,0.532
imdb_movie_reviews,eda_sentiment,sonnet,skill_on,writing_quality_signal,250,5,0.02,21,0.084,1,solid_serviceable,0.396
imdb_movie_reviews,eda_sentiment,sonnet,skill_on,reviewer_emotional_intensity,250,5,0.02,0,0.0,1,mildly_positive,0.288
imdb_movie_reviews,eda_sentiment,sonnet,skill_on,recommendation_stance,250,5,0.02,0,0.0,1,implicit_positive,0.408
imdb_movie_reviews,eda_sentiment,sonnet,skill_on,personal_investment,250,2,0.008,0,0.0,1,False,0.676
imdb_movie_reviews,eda_sentiment,sonnet,skill_on,comparative_reference,250,4,0.016,0,0.0,1,no_comparison,0.56
imdb_movie_reviews,eda_sentiment,sonnet,skill_on,genre_expectation_alignment,250,5,0.02,0,0.0,1,below_expectations,0.464
imdb_movie_reviews,focus_inference,haiku,skill_off_update,aspects_discussed,250,36,0.144,29,0.116,1,none,0.116
imdb_movie_reviews,focus_inference,haiku,skill_off_update,num_aspects,250,6,0.024,0,0.0,1,2,0.32
imdb_movie_reviews,focus_inference,sonnet,skill_off_update,focus_acting,250,2,0.008,0,0.0,1,1,0.532
imdb_movie_reviews,focus_inference,sonnet,skill_off_update,focus_plot_story,250,2,0.008,0,0.0,1,0,0.556
imdb_movie_reviews,focus_inference,sonnet,skill_off_update,focus_directing,250,2,0.008,0,0.0,1,0,0.692
imdb_movie_reviews,focus_inference,sonnet,skill_off_update,focus_visuals_cinematography,250,2,0.008,0,0.0,1,0,0.768
imdb_movie_reviews,focus_inference,sonnet,skill_off_update,focus_music_sound,250,2,0.008,0,0.0,1,0,0.876
imdb_movie_reviews,focus_inference,sonnet,skill_off_update,focus_dialogue,250,2,0.008,0,0.0,1,0,0.852
imdb_movie_reviews,focus_inference,sonnet,skill_off_update,focus_effects_technical,250,2,0.008,0,0.0,1,0,0.952
imdb_movie_reviews,focus_inference,sonnet,skill_off_update,focus_atmosphere_tone,250,2,0.008,0,0.0,1,0,0.828
imdb_movie_reviews,focus_inference,sonnet,skill_off_update,focus_entertainment_humor,250,2,0.008,0,0.0,1,0,0.712
imdb_movie_reviews,focus_inference,sonnet,skill_off_update,primary_focus,250,10,0.04,0,0.0,1,acting,0.532
imdb_movie_reviews,focus_inference,haiku,skill_on_e2e,technical_craft_focus,250,2,0.008,0,0.0,1,False,0.688
imdb_movie_reviews,focus_inference,haiku,skill_on_e2e,narrative_structure_focus,250,2,0.008,0,0.0,1,True,0.704
imdb_movie_reviews,focus_inference,haiku,skill_on_e2e,performance_quality_focus,250,2,0.008,0,0.0,1,False,0.604
imdb_movie_reviews,focus_inference,haiku,skill_on_e2e,emotional_impact_focus,250,2,0.008,0,0.0,1,False,0.648
imdb_movie_reviews,focus_inference,haiku,skill_on_e2e,genre_appropriateness_focus,250,2,0.008,0,0.0,1,True,0.516
imdb_movie_reviews,focus_inference,sonnet,skill_on_e2e,writing_script_assessment,250,4,0.016,118,0.472,1,,0.472
imdb_movie_reviews,focus_inference,sonnet,skill_on_e2e,plot_story_assessment,250,4,0.016,5,0.02,1,negative,0.428
imdb_movie_reviews,focus_inference,sonnet,skill_on_e2e,genre_originality_assessment,250,4,0.016,216,0.864,1,,0.864
imdb_movie_reviews,focus_inference,sonnet,skill_on_e2e,direction_cinematography_assessment,250,4,0.016,146,0.584,1,,0.584
imdb_movie_reviews,focus_inference,sonnet,skill_on_e2e,special_effects_production_assessment,250,4,0.016,237,0.948,1,,0.948
imdb_movie_reviews,focus_inference,sonnet,skill_on_e2e,pacing_tone_assessment,250,4,0.016,6,0.024,1,negative,0.428
imdb_movie_reviews,focus_inference,sonnet,skill_on_e2e,acting_performance_assessment,250,4,0.016,114,0.456,1,,0.456
imdb_movie_reviews,focus_inference,sonnet,skill_on_e2e,casting_fit_assessment,250,4,0.016,177,0.708,1,,0.708
imdb_movie_reviews,focus_inference,sonnet,skill_on_e2e,personal_emotional_reception,250,4,0.016,0,0.0,1,mild_positive,0.28
imdb_movie_reviews,focus_inference,sonnet,skill_on_e2e,comparison_to_other_works,250,4,0.016,0,0.0,1,no_comparison,0.7
imdb_movie_reviews,focus_inference,haiku,skill_on,acting_quality_focus,250,2,0.008,0,0.0,1,False,0.552
imdb_movie_reviews,focus_inference,haiku,skill_on,direction_cinematography_focus,250,2,0.008,0,0.0,1,False,0.796
imdb_movie_reviews,focus_inference,haiku,skill_on,technical_effects_focus,250,2,0.008,0,0.0,1,False,0.832
imdb_movie_reviews,focus_inference,haiku,skill_on,script_dialogue_focus,250,2,0.008,0,0.0,1,False,0.804
imdb_movie_reviews,focus_inference,haiku,skill_on,plot_originality_focus,250,2,0.008,0,0.0,1,False,0.512
imdb_movie_reviews,focus_inference,haiku,skill_on,thematic_depth_focus,250,2,0.008,0,0.0,1,False,0.572
imdb_movie_reviews,focus_inference,sonnet,skill_on,primary_aspect_focus,250,10,0.04,1,0.004,1,acting,0.276
imdb_movie_reviews,focus_inference,sonnet,skill_on,acting_quality,250,6,0.024,108,0.432,1,,0.432
imdb_movie_reviews,focus_inference,sonnet,skill_on,writing_script_quality,250,6,0.024,110,0.44,1,,0.44
imdb_movie_reviews,focus_inference,sonnet,skill_on,plot_originality,250,6,0.024,114,0.456,1,Unknown,0.456
imdb_movie_reviews,focus_inference,sonnet,skill_on,direction_cinematography_quality,250,6,0.024,158,0.632,1,,0.632
imdb_movie_reviews,focus_inference,sonnet,skill_on,genre_fit_assessment,250,5,0.02,0,0.0,1,fails_genre_expectations,0.388
imdb_movie_reviews,focus_inference,sonnet,skill_on,comparative_reference_type,250,5,0.02,0,0.0,1,no_comparison_made,0.752
imdb_movie_reviews,focus_inference,sonnet,skill_on,emotional_engagement_level,250,4,0.016,0,0.0,1,3,0.396
imdb_movie_reviews,predictive_negative,haiku,skill_off_update,negative_word_count,250,10,0.04,0,0.0,1,0,0.584
imdb_movie_reviews,predictive_negative,haiku,skill_off_update,exclamation_count,250,9,0.036,0,0.0,1,0,0.784
imdb_movie_reviews,predictive_negative,haiku,skill_off_update,caps_word_count,250,11,0.044,0,0.0,1,0,0.64
imdb_movie_reviews,predictive_negative,haiku,skill_off_update,negation_intensifier_count,250,13,0.052,0,0.0,1,2,0.2
imdb_movie_reviews,predictive_negative,sonnet,skill_off_update,neg_word_ratio,250,87,0.348,0,0.0,0,0.0,0.476
imdb_movie_reviews,predictive_negative,sonnet,skill_off_update,pos_word_ratio,250,94,0.376,0,0.0,0,0.0,0.376
imdb_movie_reviews,predictive_negative,sonnet,skill_off_update,neg_minus_pos_ratio,250,139,0.556,0,0.0,0,0.0,0.268
imdb_movie_reviews,predictive_negative,sonnet,skill_off_update,negation_count,250,8,0.032,0,0.0,1,1,0.32
imdb_movie_reviews,predictive_negative,sonnet,skill_off_update,intensified_neg_count,250,5,0.02,0,0.0,1,0,0.856
imdb_movie_reviews,predictive_negative,sonnet,skill_off_update,exclamation_count,250,9,0.036,0,0.0,1,0,0.784
imdb_movie_reviews,predictive_negative,sonnet,skill_off_update,avg_sentence_length,250,165,0.66,0,0.0,0,13.0,0.028
imdb_movie_reviews,predictive_negative,sonnet,skill_off_update,caps_ratio,250,57,0.228,0,0.0,1,0.0,0.704
imdb_movie_reviews,predictive_negative,sonnet,skill_off_update,review_length_log,250,67,0.268,0,0.0,0,4.844187,0.06
imdb_movie_reviews,predictive_negative,sonnet,skill_off_update,negation_before_pos_count,250,3,0.012,0,0.0,1,0,0.936
imdb_movie_reviews,predictive_negative,haiku,skill_on_e2e,explicit_harsh_judgment,250,2,0.008,0,0.0,1,False,0.548
imdb_movie_reviews,predictive_negative,haiku,skill_on_e2e,frustration_or_regret_signal,250,2,0.008,0,0.0,1,False,0.508
imdb_movie_reviews,predictive_negative,haiku,skill_on_e2e,acting_performance_criticism,250,2,0.008,0,0.0,1,False,0.66
imdb_movie_reviews,predictive_negative,haiku,skill_on_e2e,script_or_writing_problem,250,2,0.008,0,0.0,1,False,0.66
imdb_movie_reviews,predictive_negative,haiku,skill_on_e2e,narrative_coherence_issue,250,2,0.008,0,0.0,1,False,0.784
imdb_movie_reviews,predictive_negative,haiku,skill_on_e2e,fails_genre_or_expectation,250,2,0.008,0,0.0,1,False,0.524
imdb_movie_reviews,predictive_negative,sonnet,skill_on_e2e,script_quality,250,4,0.016,1,0.004,1,poor,0.368
imdb_movie_reviews,predictive_negative,sonnet,skill_on_e2e,plot_coherence,250,4,0.016,1,0.004,1,coherent,0.512
imdb_movie_reviews,predictive_negative,sonnet,skill_on_e2e,originality_assessment,250,3,0.012,0,0.0,1,somewhat_derivative,0.652
imdb_movie_reviews,predictive_negative,sonnet,skill_on_e2e,acting_quality,250,4,0.016,57,0.228,1,good,0.332
imdb_movie_reviews,predictive_negative,sonnet,skill_on_e2e,cast_chemistry_complaint,250,2,0.008,0,0.0,1,False,0.96
imdb_movie_reviews,predictive_negative,sonnet,skill_on_e2e,technical_production_quality,250,4,0.016,15,0.06,1,poor,0.424
imdb_movie_reviews,predictive_negative,sonnet,skill_on_e2e,reviewer_disgust_intensity,250,5,0.02,130,0.52,1,,0.52
imdb_movie_reviews,predictive_negative,sonnet,skill_on_e2e,reviewer_boredom_signal,250,2,0.008,0,0.0,1,False,0.888
imdb_movie_reviews,predictive_negative,sonnet,skill_on_e2e,overall_watchability_verdict,250,4,0.016,0,0.0,1,poor,0.356
imdb_movie_reviews,predictive_negative,sonnet,skill_on_e2e,negative_comparative_reference,250,2,0.008,0,0.0,1,False,0.82
imdb_movie_reviews,predictive_negative,sonnet,skill_on_e2e,genre_expectation_failure,250,2,0.008,0,0.0,1,False,0.656
imdb_movie_reviews,predictive_negative,haiku,skill_on,script_writing_quality_negative,250,5,0.02,143,0.572,1,,0.572
imdb_movie_reviews,predictive_negative,haiku,skill_on,acting_performance_issue,250,6,0.024,219,0.876,1,,0.876
imdb_movie_reviews,predictive_negative,haiku,skill_on,direction_cinematography_quality,250,5,0.02,157,0.628,1,,0.628
imdb_movie_reviews,predictive_negative,haiku,skill_on,special_effects_production_quality,250,4,0.016,219,0.876,1,,0.876
imdb_movie_reviews,predictive_negative,haiku,skill_on,pacing_editing_problem,250,5,0.02,229,0.916,1,,0.916
imdb_movie_reviews,predictive_negative,haiku,skill_on,unintended_negative_humor,250,2,0.008,0,0.0,1,False,0.604
imdb_movie_reviews,predictive_negative,haiku,skill_on,character_development_poor,250,2,0.008,0,0.0,1,False,0.864
imdb_movie_reviews,predictive_negative,haiku,skill_on,strong_negative_language_intensity,250,5,0.02,134,0.536,1,,0.536
imdb_movie_reviews,predictive_negative,haiku,skill_on,watch_completion_or_abandonment,250,5,0.02,225,0.9,1,,0.9
imdb_movie_reviews,predictive_negative,sonnet,skill_on,writing_quality,250,3,0.012,0,0.0,1,good,0.476
imdb_movie_reviews,predictive_negative,sonnet,skill_on,technical_execution,250,3,0.012,0,0.0,1,poor,0.36
imdb_movie_reviews,predictive_negative,sonnet,skill_on,pacing_structure,250,5,0.02,98,0.392,1,acceptable,0.416
imdb_movie_reviews,predictive_negative,sonnet,skill_on,acting_quality,250,4,0.016,69,0.276,1,poor,0.324
imdb_movie_reviews,predictive_negative,sonnet,skill_on,reviewer_disgust_intensity,250,5,0.02,137,0.548,1,,0.548
imdb_movie_reviews,predictive_negative,sonnet,skill_on,rewatchability_intent,250,5,0.02,0,0.0,1,mild_recommend,0.288
imdb_movie_reviews,whatif_complaints,haiku,skill_off_update,complaint_categories,250,18,0.072,202,0.808,1,none,0.808
imdb_movie_reviews,whatif_complaints,haiku,skill_off_update,num_complaints,250,4,0.016,0,0.0,1,0,0.808
imdb_movie_reviews,whatif_complaints,haiku,skill_off_update,sentiment_boost_if_addressed,250,5,0.02,0,0.0,1,0,0.808
imdb_movie_reviews,whatif_complaints,sonnet,skill_off_update,poor_writing,250,2,0.008,0,0.0,1,1,0.504
imdb_movie_reviews,whatif_complaints,sonnet,skill_off_update,weak_acting,250,2,0.008,0,0.0,1,0,0.784
imdb_movie_reviews,whatif_complaints,sonnet,skill_off_update,bad_pacing,250,2,0.008,0,0.0,1,0,0.796
imdb_movie_reviews,whatif_complaints,sonnet,skill_off_update,poor_direction,250,2,0.008,0,0.0,1,0,0.744
imdb_movie_reviews,whatif_complaints,sonnet,skill_off_update,shallow_characters,250,2,0.008,0,0.0,1,0,0.868
imdb_movie_reviews,whatif_complaints,sonnet,skill_off_update,sentiment_boost_if_complaints_fixed,250,11,0.044,0,0.0,1,0.0,0.412
imdb_movie_reviews,whatif_complaints,haiku,skill_on_e2e,primary_complaint_category,250,13,0.052,96,0.384,1,Unknown,0.384
imdb_movie_reviews,whatif_complaints,haiku,skill_on_e2e,reviewer_sentiment_orientation,250,4,0.016,0,0.0,1,harsh_dismissive,0.424
imdb_movie_reviews,whatif_complaints,haiku,skill_on_e2e,complaint_addressability_scope,250,6,0.024,1,0.004,1,story_inherent,0.456
imdb_movie_reviews,whatif_complaints,sonnet,skill_on_e2e,writing_complaint_type,250,6,0.024,162,0.648,1,,0.648
imdb_movie_reviews,whatif_complaints,sonnet,skill_on_e2e,acting_complaint_type,250,6,0.024,221,0.884,1,,0.884
imdb_movie_reviews,whatif_complaints,sonnet,skill_on_e2e,pacing_narrative_complaint,250,5,0.02,229,0.916,1,,0.916
imdb_movie_reviews,whatif_complaints,sonnet,skill_on_e2e,technical_production_complaint,250,5,0.02,227,0.908,1,,0.908
imdb_movie_reviews,whatif_complaints,sonnet,skill_on_e2e,originality_complaint,250,5,0.02,212,0.848,1,,0.848
imdb_movie_reviews,whatif_complaints,sonnet,skill_on_e2e,character_believability_complaint,250,5,0.02,205,0.82,1,,0.82
imdb_movie_reviews,whatif_complaints,sonnet,skill_on_e2e,complaint_severity,250,6,0.024,105,0.42,1,,0.42
imdb_movie_reviews,whatif_complaints,sonnet,skill_on_e2e,genre_expectation_mismatch,250,3,0.012,1,0.004,1,False,0.852
imdb_movie_reviews,whatif_complaints,sonnet,skill_on_e2e,low_budget_confounder,250,2,0.008,0,0.0,1,False,0.9
imdb_movie_reviews,whatif_complaints,haiku,skill_on,criticizes_writing,250,2,0.008,0,0.0,1,False,0.632
imdb_movie_reviews,whatif_complaints,haiku,skill_on,criticizes_acting,250,2,0.008,0,0.0,1,False,0.66
imdb_movie_reviews,whatif_complaints,haiku,skill_on,criticizes_technical_craft,250,2,0.008,0,0.0,1,False,0.752
imdb_movie_reviews,whatif_complaints,haiku,skill_on,criticizes_pacing_narrative,250,2,0.008,0,0.0,1,False,0.776
imdb_movie_reviews,whatif_complaints,sonnet,skill_on,writing_quality_complaint,250,5,0.02,0,0.0,1,no_complaint,0.784
imdb_movie_reviews,whatif_complaints,sonnet,skill_on,casting_fit_complaint,250,3,0.012,1,0.004,1,False,0.928
imdb_movie_reviews,whatif_complaints,sonnet,skill_on,genre_expectation_mismatch,250,2,0.008,0,0.0,1,False,0.932
imdb_movie_reviews,whatif_complaints,sonnet,skill_on,source_fidelity_complaint,250,2,0.008,0,0.0,1,False,0.948
imdb_movie_reviews,whatif_complaints,sonnet,skill_on,complaint_severity,250,5,0.02,0,0.0,1,1,0.344
yelp_polarity_reviews,causal_improve,haiku,skill_off_update,sentiment_driver,250,8,0.032,0,0.0,1,service_quality,0.416
yelp_polarity_reviews,causal_improve,haiku,skill_off_update,problem_mentioned,250,2,0.008,0,0.0,1,0,0.74
yelp_polarity_reviews,causal_improve,haiku,skill_off_update,improvement_keyword_count,250,5,0.02,0,0.0,1,0,0.664
yelp_polarity_reviews,causal_improve,sonnet,skill_off_update,service_sentiment,250,3,0.012,0,0.0,1,neutral,0.772
yelp_polarity_reviews,causal_improve,sonnet,skill_off_update,food_sentiment,250,3,0.012,0,0.0,1,neutral,0.784
yelp_polarity_reviews,causal_improve,sonnet,skill_off_update,value_sentiment,250,3,0.012,0,0.0,1,neutral,0.872
yelp_polarity_reviews,causal_improve,sonnet,skill_off_update,ambiance_sentiment,250,3,0.012,0,0.0,1,neutral,0.868
yelp_polarity_reviews,causal_improve,sonnet,skill_off_update,primary_complaint,250,6,0.024,208,0.832,1,none,0.5
yelp_polarity_reviews,causal_improve,sonnet,skill_off_update,top_positive_driver,250,6,0.024,125,0.5,1,none,0.5
yelp_polarity_reviews,causal_improve,sonnet,skill_off_update,satisfaction_driver,250,10,0.04,0,0.0,1,weakness:unspecified,0.332
yelp_polarity_reviews,causal_improve,haiku,skill_on_e2e,service_attentiveness_issue,250,2,0.008,0,0.0,1,False,0.752
yelp_polarity_reviews,causal_improve,haiku,skill_on_e2e,food_quality_issue,250,5,0.02,207,0.828,1,,0.828
yelp_polarity_reviews,causal_improve,haiku,skill_on_e2e,cleanliness_hygiene_issue,250,4,0.016,241,0.964,1,,0.964
yelp_polarity_reviews,causal_improve,haiku,skill_on_e2e,atmosphere_complaint,250,6,0.024,221,0.884,1,,0.884
yelp_polarity_reviews,causal_improve,haiku,skill_on_e2e,wait_time_delay,250,2,0.008,0,0.0,1,False,0.856
yelp_polarity_reviews,causal_improve,haiku,skill_on_e2e,staff_rudeness_dismissiveness,250,2,0.008,0,0.0,1,False,0.8
yelp_polarity_reviews,causal_improve,haiku,skill_on_e2e,crowd_density_context,250,4,0.016,126,0.504,1,,0.504
yelp_polarity_reviews,causal_improve,sonnet,skill_on_e2e,complaint_type,250,9,0.036,119,0.476,1,,0.476
yelp_polarity_reviews,causal_improve,sonnet,skill_on_e2e,staff_attitude_issue,250,2,0.008,0,0.0,1,False,0.8
yelp_polarity_reviews,causal_improve,sonnet,skill_on_e2e,wait_time_issue,250,2,0.008,0,0.0,1,False,0.872
yelp_polarity_reviews,causal_improve,sonnet,skill_on_e2e,food_quality_rating,250,6,0.024,108,0.432,1,,0.432
yelp_polarity_reviews,causal_improve,sonnet,skill_on_e2e,cleanliness_issue,250,2,0.008,0,0.0,1,False,0.96
yelp_polarity_reviews,causal_improve,sonnet,skill_on_e2e,order_accuracy_issue,250,2,0.008,0,0.0,1,False,0.952
yelp_polarity_reviews,causal_improve,sonnet,skill_on_e2e,ambiance_sentiment,250,4,0.016,150,0.6,1,,0.6
yelp_polarity_reviews,causal_improve,sonnet,skill_on_e2e,business_type,250,7,0.028,0,0.0,1,restaurant,0.596
yelp_polarity_reviews,causal_improve,sonnet,skill_on_e2e,revisit_intent,250,4,0.016,183,0.732,1,,0.732
yelp_polarity_reviews,causal_improve,haiku,skill_on,staff_attentiveness_issue,250,2,0.008,0,0.0,1,False,0.724
yelp_polarity_reviews,causal_improve,haiku,skill_on,staff_demeanor_issue,250,2,0.008,0,0.0,1,False,0.676
yelp_polarity_reviews,causal_improve,haiku,skill_on,order_fulfillment_problem,250,2,0.008,0,0.0,1,False,0.788
yelp_polarity_reviews,causal_improve,haiku,skill_on,food_taste_or_preparation_issue,250,2,0.008,0,0.0,1,False,0.504
yelp_polarity_reviews,causal_improve,haiku,skill_on,excessive_wait_time,250,2,0.008,0,0.0,1,False,0.864
yelp_polarity_reviews,causal_improve,haiku,skill_on,wait_time_transparency_issue,250,2,0.008,0,0.0,1,False,0.856
yelp_polarity_reviews,causal_improve,haiku,skill_on,pricing_concern,250,2,0.008,0,0.0,1,False,0.86
yelp_polarity_reviews,causal_improve,haiku,skill_on,ambiance_or_comfort_issue,250,2,0.008,0,0.0,1,False,0.632
yelp_polarity_reviews,causal_improve,sonnet,skill_on,complaint_type,250,9,0.036,0,0.0,1,no_complaint,0.472
yelp_polarity_reviews,causal_improve,sonnet,skill_on,staff_conduct,250,6,0.024,105,0.42,1,Unknown,0.42
yelp_polarity_reviews,causal_improve,sonnet,skill_on,management_response_quality,250,5,0.02,187,0.748,1,not_applicable,0.748
yelp_polarity_reviews,causal_improve,sonnet,skill_on,food_flavor_quality,250,7,0.028,113,0.452,1,Unknown,0.452
yelp_polarity_reviews,causal_improve,sonnet,skill_on,food_freshness_issue,250,2,0.008,0,0.0,1,False,0.96
yelp_polarity_reviews,causal_improve,sonnet,skill_on,cleanliness_issue,250,2,0.008,0,0.0,1,False,0.964
yelp_polarity_reviews,causal_improve,sonnet,skill_on,venue_category,250,7,0.028,0,0.0,1,restaurant,0.608
yelp_polarity_reviews,causal_improve,sonnet,skill_on,visit_completion,250,4,0.016,0,0.0,1,completed_dissatisfied,0.488
yelp_polarity_reviews,causal_improve,sonnet,skill_on,positive_standout_aspect,250,6,0.024,120,0.48,1,,0.48
yelp_polarity_reviews,causal_negative,haiku,skill_off_update,service_factor,250,2,0.008,0,0.0,1,0,0.516
yelp_polarity_reviews,causal_negative,haiku,skill_off_update,food_quality_factor,250,2,0.008,0,0.0,1,0,0.636
yelp_polarity_reviews,causal_negative,haiku,skill_off_update,cleanliness_factor,250,2,0.008,0,0.0,1,0,0.892
yelp_polarity_reviews,causal_negative,haiku,skill_off_update,price_factor,250,2,0.008,0,0.0,1,0,0.796
yelp_polarity_reviews,causal_negative,haiku,skill_off_update,ambiance_factor,250,2,0.008,0,0.0,1,0,0.852
yelp_polarity_reviews,causal_negative,haiku,skill_off_update,num_complaint_factors,250,6,0.024,0,0.0,1,1,0.408
yelp_polarity_reviews,causal_negative,haiku,skill_off_update,emotional_intensity,250,6,0.024,0,0.0,1,0,0.58
yelp_polarity_reviews,causal_negative,haiku,skill_off_update,emotional_language,250,2,0.008,0,0.0,1,0,0.9
yelp_polarity_reviews,causal_negative,sonnet,skill_off_update,complaint_category,250,8,0.032,0,0.0,1,positive,0.5
yelp_polarity_reviews,causal_negative,sonnet,skill_off_update,negative_signal_count,250,8,0.032,0,0.0,1,0,0.328
yelp_polarity_reviews,causal_negative,sonnet,skill_off_update,service_mention_count,250,7,0.028,0,0.0,1,0,0.516
yelp_polarity_reviews,causal_negative,sonnet,skill_off_update,food_mention_count,250,8,0.032,0,0.0,1,0,0.372
yelp_polarity_reviews,causal_negative,sonnet,skill_off_update,price_mention_count,250,4,0.016,0,0.0,1,0,0.772
yelp_polarity_reviews,causal_negative,sonnet,skill_off_update,wait_mention_count,250,6,0.024,0,0.0,1,0,0.74
yelp_polarity_reviews,causal_negative,sonnet,skill_off_update,cleanliness_mention_count,250,4,0.016,0,0.0,1,0,0.924
yelp_polarity_reviews,causal_negative,sonnet,skill_off_update,atmosphere_mention_count,250,4,0.016,0,0.0,1,0,0.836
yelp_polarity_reviews,causal_negative,sonnet,skill_off_update,review_length_bucket,250,3,0.012,0,0.0,1,medium,0.804
yelp_polarity_reviews,causal_negative,haiku,skill_on_e2e,staff_slow_or_inattentive,250,2,0.008,0,0.0,1,False,0.808
yelp_polarity_reviews,causal_negative,haiku,skill_on_e2e,staff_rude_or_dismissive,250,2,0.008,0,0.0,1,False,0.84
yelp_polarity_reviews,causal_negative,haiku,skill_on_e2e,food_bland_or_poor_flavor,250,2,0.008,0,0.0,1,False,0.852
yelp_polarity_reviews,causal_negative,haiku,skill_on_e2e,excessive_wait_time,250,2,0.008,0,0.0,1,False,0.864
yelp_polarity_reviews,causal_negative,haiku,skill_on_e2e,overpriced_or_poor_value,250,2,0.008,0,0.0,1,False,0.896
yelp_polarity_reviews,causal_negative,sonnet,skill_on_e2e,service_failure_type,250,6,0.024,1,0.004,1,no_failure,0.704
yelp_polarity_reviews,causal_negative,sonnet,skill_on_e2e,staff_behavior,250,5,0.02,61,0.244,1,positive,0.464
yelp_polarity_reviews,causal_negative,sonnet,skill_on_e2e,wait_time_issue,250,2,0.008,0,0.0,1,False,0.872
yelp_polarity_reviews,causal_negative,sonnet,skill_on_e2e,food_quality_issue,250,7,0.028,199,0.796,1,,0.796
yelp_polarity_reviews,causal_negative,sonnet,skill_on_e2e,food_safety_concern,250,2,0.008,0,0.0,1,False,0.96
yelp_polarity_reviews,causal_negative,sonnet,skill_on_e2e,order_accuracy,250,5,0.02,119,0.476,1,Unknown,0.476
yelp_polarity_reviews,causal_negative,sonnet,skill_on_e2e,operational_issue_type,250,6,0.024,228,0.912,1,,0.912
yelp_polarity_reviews,causal_negative,sonnet,skill_on_e2e,management_failure,250,2,0.008,0,0.0,1,False,0.856
yelp_polarity_reviews,causal_negative,sonnet,skill_on_e2e,cleanliness_issue,250,5,0.02,243,0.972,1,,0.972
yelp_polarity_reviews,causal_negative,haiku,skill_on,staff_attitude_rudeness,250,2,0.008,0,0.0,1,False,0.848
yelp_polarity_reviews,causal_negative,haiku,skill_on,slow_service_wait,250,2,0.008,0,0.0,1,False,0.864
yelp_polarity_reviews,causal_negative,haiku,skill_on,food_taste_freshness,250,2,0.008,0,0.0,1,False,0.832
yelp_polarity_reviews,causal_negative,haiku,skill_on,food_temperature_texture,250,2,0.008,0,0.0,1,False,0.888
yelp_polarity_reviews,causal_negative,haiku,skill_on,disorganization_crowding,250,2,0.008,0,0.0,1,False,0.832
yelp_polarity_reviews,causal_negative,haiku,skill_on,food_taste_or_freshness_poor,250,2,0.008,0,0.0,1,False,0.832
yelp_polarity_reviews,causal_negative,haiku,skill_on,slow_service_excessive_wait,250,2,0.008,0,0.0,1,False,0.868
yelp_polarity_reviews,causal_negative,haiku,skill_on,disorganization_or_overcrowding,250,2,0.008,0,0.0,1,False,0.856
yelp_polarity_reviews,causal_negative,haiku,skill_on,food_temperature_or_texture_wrong,250,2,0.008,0,0.0,1,False,0.876
yelp_polarity_reviews,causal_negative,haiku,skill_on,staff_inattentiveness_forgotten,250,2,0.008,0,0.0,1,False,0.848
yelp_polarity_reviews,causal_negative,sonnet,skill_on,service_failure_type,250,7,0.028,215,0.86,1,,0.86
yelp_polarity_reviews,causal_negative,sonnet,skill_on,staff_behavior,250,7,0.028,76,0.304,1,friendly_positive,0.352
yelp_polarity_reviews,causal_negative,sonnet,skill_on,wait_time_issue,250,2,0.008,0,0.0,1,False,0.88
yelp_polarity_reviews,causal_negative,sonnet,skill_on,food_quality_issue,250,7,0.028,216,0.864,1,,0.864
yelp_polarity_reviews,causal_negative,sonnet,skill_on,hygiene_issue,250,5,0.02,241,0.964,1,,0.964
yelp_polarity_reviews,causal_negative,sonnet,skill_on,value_mismatch,250,5,0.02,214,0.856,1,,0.856
yelp_polarity_reviews,causal_negative,sonnet,skill_on,complaint_severity,250,5,0.02,114,0.456,1,,0.456
yelp_polarity_reviews,causal_negative,sonnet,skill_on,business_category,250,9,0.036,10,0.04,1,restaurant,0.596
yelp_polarity_reviews,concept_attribute_experience,haiku,skill_off_update,sentiment_type,250,2,0.008,0,0.0,1,positive,0.5
yelp_polarity_reviews,concept_attribute_experience,haiku,skill_off_update,primary_theme,250,10,0.04,0,0.0,1,general_negative,0.244
yelp_polarity_reviews,concept_attribute_experience,haiku,skill_off_update,theme_count,250,6,0.024,0,0.0,1,0,0.452
yelp_polarity_reviews,concept_attribute_experience,sonnet,skill_off_update,satisfaction_themes,250,16,0.064,150,0.6,1,none,0.6
yelp_polarity_reviews,concept_attribute_experience,sonnet,skill_off_update,complaint_themes,250,9,0.036,195,0.78,1,none,0.78
yelp_polarity_reviews,concept_attribute_experience,sonnet,skill_off_update,sentiment_intensity,250,6,0.024,0,0.0,1,positive,0.288
yelp_polarity_reviews,concept_attribute_experience,sonnet,skill_off_update,theme_count,250,6,0.024,0,0.0,1,0,0.48
yelp_polarity_reviews,concept_attribute_experience,haiku,skill_on_e2e,service_wait_time_issue,250,2,0.008,0,0.0,1,False,0.888
yelp_polarity_reviews,concept_attribute_experience,haiku,skill_on_e2e,staff_attentiveness_issue,250,2,0.008,0,0.0,1,False,0.548
yelp_polarity_reviews,concept_attribute_experience,haiku,skill_on_e2e,food_taste_assessment,250,5,0.02,99,0.396,1,,0.396
yelp_polarity_reviews,concept_attribute_experience,haiku,skill_on_e2e,portion_size_assessment,250,5,0.02,194,0.776,1,,0.588
yelp_polarity_reviews,concept_attribute_experience,haiku,skill_on_e2e,atmosphere_assessment,250,2,0.008,0,0.0,1,False,0.68
yelp_polarity_reviews,concept_attribute_experience,haiku,skill_on_e2e,food_taste_complaint,250,5,0.02,128,0.512,1,,0.512
yelp_polarity_reviews,concept_attribute_experience,haiku,skill_on_e2e,staff_rudeness_or_inattention,250,2,0.008,0,0.0,1,False,0.692
yelp_polarity_reviews,concept_attribute_experience,haiku,skill_on_e2e,atmosphere_positive,250,2,0.008,0,0.0,1,False,0.712
yelp_polarity_reviews,concept_attribute_experience,sonnet,skill_on_e2e,service_quality,250,5,0.02,11,0.044,1,poor,0.36
yelp_polarity_reviews,concept_attribute_experience,sonnet,skill_on_e2e,service_failure_type,250,6,0.024,0,0.0,1,no_failure,0.796
yelp_polarity_reviews,concept_attribute_experience,sonnet,skill_on_e2e,staff_behavior,250,5,0.02,37,0.148,1,friendly_attentive,0.356
yelp_polarity_reviews,concept_attribute_experience,sonnet,skill_on_e2e,food_quality_tier,250,5,0.02,106,0.424,1,Unknown,0.424
yelp_polarity_reviews,concept_attribute_experience,sonnet,skill_on_e2e,ambiance_sentiment,250,4,0.016,91,0.364,1,Unknown,0.364
yelp_polarity_reviews,concept_attribute_experience,sonnet,skill_on_e2e,wait_time_issue,250,2,0.008,0,0.0,1,False,0.872
yelp_polarity_reviews,concept_attribute_experience,sonnet,skill_on_e2e,hygiene_issue,250,2,0.008,0,0.0,1,False,0.96
yelp_polarity_reviews,concept_attribute_experience,sonnet,skill_on_e2e,highlight_item,250,6,0.024,12,0.048,1,food_item,0.464
yelp_polarity_reviews,concept_attribute_experience,haiku,skill_on,service_sentiment,250,3,0.012,0,0.0,1,negative,0.468
yelp_polarity_reviews,concept_attribute_experience,haiku,skill_on,food_quality_assessment,250,5,0.02,52,0.208,1,good,0.264
yelp_polarity_reviews,concept_attribute_experience,haiku,skill_on,pricing_complaint,250,2,0.008,0,0.0,1,False,0.868
yelp_polarity_reviews,concept_attribute_experience,haiku,skill_on,atmosphere_sentiment,250,3,0.012,0,0.0,1,positive,0.44
yelp_polarity_reviews,concept_attribute_experience,haiku,skill_on,wait_time_issue,250,2,0.008,0,0.0,1,False,0.86
yelp_polarity_reviews,concept_attribute_experience,sonnet,skill_on,experience_aspect,250,11,0.044,0,0.0,1,multiple,0.484
yelp_polarity_reviews,concept_attribute_experience,sonnet,skill_on,service_failure_type,250,8,0.032,178,0.712,1,,0.712
yelp_polarity_reviews,concept_attribute_experience,sonnet,skill_on,food_quality_signal,250,6,0.024,135,0.54,1,,0.54
yelp_polarity_reviews,concept_attribute_experience,sonnet,skill_on,complaint_severity,250,6,0.024,106,0.424,1,,0.424
yelp_polarity_reviews,concept_attribute_experience,sonnet,skill_on,failure_mechanism,250,8,0.032,129,0.516,1,,0.516
yelp_polarity_reviews,concept_attribute_experience,sonnet,skill_on,value_perception,250,5,0.02,186,0.744,1,,0.744
yelp_polarity_reviews,concept_attribute_experience,sonnet,skill_on,hygiene_or_cleanliness_issue,250,2,0.008,0,0.0,1,False,0.964
yelp_polarity_reviews,concept_attribute_experience,sonnet,skill_on,recommended_action_lever,250,8,0.032,9,0.036,1,no_action_needed,0.448
yelp_polarity_reviews,eda_sentiment,haiku,skill_off_update,mentions_service,250,2,0.008,0,0.0,1,0,0.636
yelp_polarity_reviews,eda_sentiment,haiku,skill_off_update,mentions_food_quality,250,2,0.008,0,0.0,1,0,0.792
yelp_polarity_reviews,eda_sentiment,haiku,skill_off_update,mentions_wait_time,250,2,0.008,0,0.0,1,0,0.772
yelp_polarity_reviews,eda_sentiment,haiku,skill_off_update,mentions_price,250,2,0.008,0,0.0,1,0,0.896
yelp_polarity_reviews,eda_sentiment,haiku,skill_off_update,mentions_cleanliness,250,2,0.008,0,0.0,1,0,0.924
yelp_polarity_reviews,eda_sentiment,haiku,skill_off_update,mentions_atmosphere,250,2,0.008,0,0.0,1,0,0.876
yelp_polarity_reviews,eda_sentiment,haiku,skill_off_update,exclamation_count,250,10,0.04,0,0.0,1,0,0.58
yelp_polarity_reviews,eda_sentiment,haiku,skill_off_update,positive_words_count,250,5,0.02,0,0.0,1,0,0.564
yelp_polarity_reviews,eda_sentiment,haiku,skill_off_update,negative_words_count,250,4,0.016,0,0.0,1,0,0.732
yelp_polarity_reviews,eda_sentiment,sonnet,skill_off_update,theme_food_quality,250,2,0.008,0,0.0,1,1,0.52
yelp_polarity_reviews,eda_sentiment,sonnet,skill_off_update,theme_service,250,2,0.008,0,0.0,1,1,0.508
yelp_polarity_reviews,eda_sentiment,sonnet,skill_off_update,theme_ambiance,250,2,0.008,0,0.0,1,0,0.82
yelp_polarity_reviews,eda_sentiment,sonnet,skill_off_update,theme_price_value,250,2,0.008,0,0.0,1,0,0.752
yelp_polarity_reviews,eda_sentiment,sonnet,skill_off_update,theme_wait_time,250,2,0.008,0,0.0,1,0,0.656
yelp_polarity_reviews,eda_sentiment,sonnet,skill_off_update,theme_repeat_visit,250,2,0.008,0,0.0,1,0,0.712
yelp_polarity_reviews,eda_sentiment,sonnet,skill_off_update,themes_present,250,48,0.192,25,0.1,1,none,0.1
yelp_polarity_reviews,eda_sentiment,sonnet,skill_off_update,theme_count,250,6,0.024,0,0.0,1,2,0.332
yelp_polarity_reviews,eda_sentiment,haiku,skill_on_e2e,staff_attentiveness_sentiment,250,3,0.012,0,0.0,1,criticized,0.424
yelp_polarity_reviews,eda_sentiment,haiku,skill_on_e2e,food_taste_evaluation,250,6,0.024,84,0.336,1,Unknown,0.336
yelp_polarity_reviews,eda_sentiment,haiku,skill_on_e2e,food_freshness_quality,250,5,0.02,119,0.476,1,Unknown,0.476
yelp_polarity_reviews,eda_sentiment,haiku,skill_on_e2e,facility_cleanliness_standard,250,6,0.024,107,0.428,1,Unknown,0.428
yelp_polarity_reviews,eda_sentiment,haiku,skill_on_e2e,ambiance_atmosphere_fit,250,7,0.028,1,0.004,1,nice,0.444
yelp_polarity_reviews,eda_sentiment,haiku,skill_on_e2e,pricing_fairness_judgment,250,7,0.028,120,0.48,1,Unknown,0.48
yelp_polarity_reviews,eda_sentiment,sonnet,skill_on_e2e,primary_review_aspect,250,9,0.036,1,0.004,1,food,0.432
yelp_polarity_reviews,eda_sentiment,sonnet,skill_on_e2e,service_quality_signal,250,7,0.028,103,0.412,1,Unknown,0.412
yelp_polarity_reviews,eda_sentiment,sonnet,skill_on_e2e,food_quality_signal,250,7,0.028,107,0.428,1,not_applicable,0.428
yelp_polarity_reviews,eda_sentiment,sonnet,skill_on_e2e,complaint_severity,250,6,0.024,105,0.42,1,,0.42
yelp_polarity_reviews,eda_sentiment,sonnet,skill_on_e2e,emotional_intensity,250,5,0.02,0,0.0,1,strongly_positive,0.32
yelp_polarity_reviews,eda_sentiment,sonnet,skill_on_e2e,staff_behavior_type,250,6,0.024,96,0.384,1,Unknown,0.384
yelp_polarity_reviews,eda_sentiment,sonnet,skill_on_e2e,visit_context,250,9,0.036,124,0.496,1,Unknown,0.496
yelp_polarity_reviews,eda_sentiment,sonnet,skill_on_e2e,value_perception,250,6,0.024,199,0.796,1,,0.796
yelp_polarity_reviews,eda_sentiment,sonnet,skill_on_e2e,return_intent,250,6,0.024,188,0.752,1,,0.752
yelp_polarity_reviews,eda_sentiment,sonnet,skill_on_e2e,recommendation_stance,250,5,0.02,0,0.0,1,strong_recommend,0.352
yelp_polarity_reviews,eda_sentiment,haiku,skill_on,service_issue_type,250,6,0.024,0,0.0,1,none_or_absent_complaint,0.412
yelp_polarity_reviews,eda_sentiment,haiku,skill_on,food_flavor_execution,250,6,0.024,131,0.524,1,not_applicable,0.524
yelp_polarity_reviews,eda_sentiment,haiku,skill_on,price_fairness_perception,250,2,0.008,0,0.0,1,False,0.804
yelp_polarity_reviews,eda_sentiment,haiku,skill_on,cleanliness_maintenance,250,5,0.02,227,0.908,1,,0.908
yelp_polarity_reviews,eda_sentiment,haiku,skill_on,wait_time_concern,250,2,0.008,0,0.0,1,False,0.848
yelp_polarity_reviews,eda_sentiment,sonnet,skill_on,primary_aspect,250,9,0.036,2,0.008,1,food,0.436
yelp_polarity_reviews,eda_sentiment,sonnet,skill_on,service_quality,250,7,0.028,84,0.336,1,Unknown,0.336
yelp_polarity_reviews,eda_sentiment,sonnet,skill_on,food_quality,250,6,0.024,108,0.432,1,Unknown,0.432
yelp_polarity_reviews,eda_sentiment,sonnet,skill_on,cleanliness_issue,250,2,0.008,0,0.0,1,False,0.968
yelp_polarity_reviews,eda_sentiment,sonnet,skill_on,sentiment_intensity,250,5,0.02,0,0.0,1,5,0.28
yelp_polarity_reviews,eda_sentiment,sonnet,skill_on,wait_time_complaint,250,2,0.008,0,0.0,1,False,0.904
yelp_polarity_reviews,eda_sentiment,sonnet,skill_on,staff_behavior_type,250,6,0.024,93,0.372,1,Unknown,0.372
yelp_polarity_reviews,eda_sentiment,sonnet,skill_on,management_failure,250,2,0.008,0,0.0,1,False,0.868
yelp_polarity_reviews,eda_sentiment,sonnet,skill_on,food_issue_type,250,7,0.028,216,0.864,1,,0.864
yelp_polarity_reviews,eda_sentiment,sonnet,skill_on,venue_type,250,9,0.036,2,0.008,1,restaurant,0.548
yelp_polarity_reviews,eda_sentiment,sonnet,skill_on,visit_context,250,7,0.028,5,0.02,1,dine_in,0.684
yelp_polarity_reviews,eda_sentiment,sonnet,skill_on,return_intent,250,4,0.016,102,0.408,1,Unknown,0.408
yelp_polarity_reviews,eda_sentiment,sonnet,skill_on,recommendation_signal,250,3,0.012,0,0.0,1,recommends,0.42
yelp_polarity_reviews,focus_inference,haiku,skill_off_update,mentions_food_quality,250,2,0.008,0,0.0,1,1,0.564
yelp_polarity_reviews,focus_inference,haiku,skill_off_update,mentions_service,250,2,0.008,0,0.0,1,1,0.548
yelp_polarity_reviews,focus_inference,haiku,skill_off_update,mentions_ambiance,250,2,0.008,0,0.0,1,0,0.736
yelp_polarity_reviews,focus_inference,haiku,skill_off_update,mentions_price,250,2,0.008,0,0.0,1,0,0.66
yelp_polarity_reviews,focus_inference,haiku,skill_off_update,mentions_cleanliness,250,2,0.008,0,0.0,1,0,0.764
yelp_polarity_reviews,focus_inference,haiku,skill_off_update,mentions_wait_time,250,2,0.008,0,0.0,1,0,0.604
yelp_polarity_reviews,focus_inference,haiku,skill_off_update,num_aspects_mentioned,250,7,0.028,0,0.0,1,3,0.244
yelp_polarity_reviews,focus_inference,haiku,skill_off_update,review_length,250,140,0.56,0,0.0,0,700,0.352
yelp_polarity_reviews,focus_inference,sonnet,skill_off_update,food_quality,250,2,0.008,0,0.0,1,1,0.608
yelp_polarity_reviews,focus_inference,sonnet,skill_off_update,service,250,2,0.008,0,0.0,1,1,0.624
yelp_polarity_reviews,focus_inference,sonnet,skill_off_update,ambiance,250,2,0.008,0,0.0,1,0,0.696
yelp_polarity_reviews,focus_inference,sonnet,skill_off_update,value,250,2,0.008,0,0.0,1,0,0.636
yelp_polarity_reviews,focus_inference,sonnet,skill_off_update,location,250,2,0.008,0,0.0,1,0,0.868
yelp_polarity_reviews,focus_inference,sonnet,skill_off_update,cleanliness,250,2,0.008,0,0.0,1,0,0.9
yelp_polarity_reviews,focus_inference,sonnet,skill_off_update,wait_time,250,2,0.008,0,0.0,1,0,0.792
yelp_polarity_reviews,focus_inference,sonnet,skill_off_update,menu_variety,250,2,0.008,0,0.0,1,0,0.788
yelp_polarity_reviews,focus_inference,sonnet,skill_off_update,primary_aspect,250,221,0.884,0,0.0,0,food quality and menu variety,0.032
yelp_polarity_reviews,focus_inference,haiku,skill_on_e2e,service_quality_issue,250,2,0.008,0,0.0,1,False,0.596
yelp_polarity_reviews,focus_inference,haiku,skill_on_e2e,food_quality_issue,250,2,0.008,0,0.0,1,False,0.732
yelp_polarity_reviews,focus_inference,haiku,skill_on_e2e,atmosphere_ambiance_mention,250,2,0.008,0,0.0,1,False,0.692
yelp_polarity_reviews,focus_inference,haiku,skill_on_e2e,value_pricing_concern,250,2,0.008,0,0.0,1,False,0.796
yelp_polarity_reviews,focus_inference,haiku,skill_on_e2e,wait_time_efficiency_issue,250,2,0.008,0,0.0,1,False,0.856
yelp_polarity_reviews,focus_inference,haiku,skill_on_e2e,staff_attitude_tone,250,5,0.02,55,0.22,1,friendly_welcoming,0.36
yelp_polarity_reviews,focus_inference,haiku,skill_on_e2e,menu_variety_richness,250,2,0.008,0,0.0,1,False,0.776
yelp_polarity_reviews,focus_inference,sonnet,skill_on_e2e,primary_experience_domain,250,10,0.04,2,0.008,1,food,0.444
yelp_polarity_reviews,focus_inference,sonnet,skill_on_e2e,food_quality_rating,250,6,0.024,103,0.412,1,,0.412
yelp_polarity_reviews,focus_inference,sonnet,skill_on_e2e,food_complaint_type,250,8,0.032,217,0.868,1,,0.868
yelp_polarity_reviews,focus_inference,sonnet,skill_on_e2e,service_quality_rating,250,6,0.024,85,0.34,1,,0.34
yelp_polarity_reviews,focus_inference,sonnet,skill_on_e2e,service_failure_type,250,8,0.032,197,0.788,1,,0.788
yelp_polarity_reviews,focus_inference,sonnet,skill_on_e2e,wait_time_issue,250,2,0.008,0,0.0,1,False,0.876
yelp_polarity_reviews,focus_inference,sonnet,skill_on_e2e,ambiance_sentiment,250,4,0.016,167,0.668,1,,0.668
yelp_polarity_reviews,focus_inference,sonnet,skill_on_e2e,cleanliness_issue,250,2,0.008,0,0.0,1,False,0.952
yelp_polarity_reviews,focus_inference,sonnet,skill_on_e2e,staff_attitude_positive,250,2,0.008,0,0.0,1,False,0.74
yelp_polarity_reviews,focus_inference,haiku,skill_on,service_issue_present,250,2,0.008,0,0.0,1,False,0.616
yelp_polarity_reviews,focus_inference,haiku,skill_on,food_quality_issue,250,5,0.02,198,0.792,1,,0.792
yelp_polarity_reviews,focus_inference,haiku,skill_on,atmosphere_concern,250,5,0.02,211,0.844,1,,0.844
yelp_polarity_reviews,focus_inference,haiku,skill_on,pricing_complaint,250,2,0.008,0,0.0,1,False,0.884
yelp_polarity_reviews,focus_inference,haiku,skill_on,cleanliness_issue,250,4,0.016,241,0.964,1,,0.964
yelp_polarity_reviews,focus_inference,haiku,skill_on,access_or_location_barrier,250,6,0.024,197,0.788,1,,0.788
yelp_polarity_reviews,focus_inference,sonnet,skill_on,primary_topic,250,10,0.04,0,0.0,1,food,0.436
yelp_polarity_reviews,focus_inference,sonnet,skill_on,food_quality_rating,250,6,0.024,104,0.416,1,,0.416
yelp_polarity_reviews,focus_inference,sonnet,skill_on,food_aspect_mentioned,250,6,0.024,125,0.5,1,,0.5
yelp_polarity_reviews,focus_inference,sonnet,skill_on,service_issue_type,250,8,0.032,0,0.0,1,no_issue,0.756
yelp_polarity_reviews,focus_inference,sonnet,skill_on,staff_attitude,250,5,0.02,102,0.408,1,,0.408
yelp_polarity_reviews,focus_inference,sonnet,skill_on,wait_time_complaint,250,2,0.008,0,0.0,1,False,0.896
yelp_polarity_reviews,focus_inference,sonnet,skill_on,value_perception,250,5,0.02,200,0.8,1,,0.8
yelp_polarity_reviews,focus_inference,sonnet,skill_on,ambiance_sentiment,250,4,0.016,170,0.68,1,,0.68
yelp_polarity_reviews,focus_inference,sonnet,skill_on,cleanliness_concern,250,2,0.008,0,0.0,1,False,0.96
yelp_polarity_reviews,focus_inference,sonnet,skill_on,menu_variety_comment,250,5,0.02,154,0.616,1,,0.616
yelp_polarity_reviews,focus_inference,sonnet,skill_on,special_visit_context,250,7,0.028,197,0.788,1,,0.788
yelp_polarity_reviews,predictive_low,haiku,skill_off_update,negative_word_count,250,7,0.028,0,0.0,1,0,0.596
yelp_polarity_reviews,predictive_low,haiku,skill_off_update,complaint_phrase_count,250,5,0.02,0,0.0,1,0,0.804
yelp_polarity_reviews,predictive_low,haiku,skill_off_update,exclamation_mark_count,250,10,0.04,0,0.0,1,0,0.58
yelp_polarity_reviews,predictive_low,haiku,skill_off_update,excessive_caps_flag,250,2,0.008,0,0.0,1,0,0.952
yelp_polarity_reviews,predictive_low,haiku,skill_off_update,review_word_length,250,118,0.472,0,0.0,0,133,0.032
yelp_polarity_reviews,predictive_low,haiku,skill_off_update,comparison_mentioned_flag,250,2,0.008,0,0.0,1,0,0.864
yelp_polarity_reviews,predictive_low,haiku,skill_off_update,refund_or_pricing_complaint_flag,250,2,0.008,0,0.0,1,0,0.968
yelp_polarity_reviews,predictive_low,sonnet,skill_off_update,neg_word_count,250,8,0.032,0,0.0,1,0,0.54
yelp_polarity_reviews,predictive_low,sonnet,skill_off_update,pos_word_count,250,10,0.04,0,0.0,1,0,0.276
yelp_polarity_reviews,predictive_low,sonnet,skill_off_update,sentiment_score,250,160,0.64,0,0.0,0,0.0,0.172
yelp_polarity_reviews,predictive_low,sonnet,skill_off_update,negation_adjusted_sentiment,250,176,0.704,0,0.0,0,0.0,0.16
yelp_polarity_reviews,predictive_low,sonnet,skill_off_update,complaint_phrase_count,250,2,0.008,0,0.0,1,0,0.912
yelp_polarity_reviews,predictive_low,sonnet,skill_off_update,exclamation_ratio,250,89,0.356,0,0.0,0,0.0,0.58
yelp_polarity_reviews,predictive_low,sonnet,skill_off_update,caps_ratio,250,61,0.244,0,0.0,0,0.0,0.712
yelp_polarity_reviews,predictive_low,sonnet,skill_off_update,review_length_tokens,250,108,0.432,0,0.0,0,123,0.032
yelp_polarity_reviews,predictive_low,sonnet,skill_off_update,predicted_low_satisfaction,250,2,0.008,0,0.0,1,0,0.648
yelp_polarity_reviews,predictive_low,haiku,skill_on_e2e,wait_time_concern,250,2,0.008,0,0.0,1,False,0.876
yelp_polarity_reviews,predictive_low,haiku,skill_on_e2e,staff_rudeness_or_indifference,250,2,0.008,0,0.0,1,False,0.824
yelp_polarity_reviews,predictive_low,haiku,skill_on_e2e,price_value_mismatch,250,2,0.008,0,0.0,1,False,0.9
yelp_polarity_reviews,predictive_low,sonnet,skill_on_e2e,service_failure_type,250,7,0.028,216,0.864,1,,0.864
yelp_polarity_reviews,predictive_low,sonnet,skill_on_e2e,staff_behavior_tone,250,5,0.02,123,0.492,1,Unknown,0.492
yelp_polarity_reviews,predictive_low,sonnet,skill_on_e2e,food_quality_issue_type,250,6,0.024,218,0.872,1,,0.872
yelp_polarity_reviews,predictive_low,sonnet,skill_on_e2e,food_freshness_concern,250,2,0.008,0,0.0,1,False,0.952
yelp_polarity_reviews,predictive_low,sonnet,skill_on_e2e,order_accuracy_problem,250,2,0.008,0,0.0,1,False,0.944
yelp_polarity_reviews,predictive_low,sonnet,skill_on_e2e,hygiene_concern,250,2,0.008,0,0.0,1,False,0.964
yelp_polarity_reviews,predictive_low,sonnet,skill_on_e2e,facility_condition_issue,250,5,0.02,226,0.904,1,,0.904
yelp_polarity_reviews,predictive_low,sonnet,skill_on_e2e,price_value_mismatch,250,5,0.02,203,0.812,1,,0.812
yelp_polarity_reviews,predictive_low,sonnet,skill_on_e2e,complaint_resolution_attempt,250,4,0.016,0,0.0,1,complaint_not_raised,0.716
yelp_polarity_reviews,predictive_low,haiku,skill_on,service_neglect,250,2,0.008,0,0.0,1,False,0.836
yelp_polarity_reviews,predictive_low,haiku,skill_on,staff_attitude,250,2,0.008,0,0.0,1,False,0.628
yelp_polarity_reviews,predictive_low,haiku,skill_on,slow_service,250,2,0.008,0,0.0,1,False,0.856
yelp_polarity_reviews,predictive_low,haiku,skill_on,bland_tasteless,250,2,0.008,0,0.0,1,False,0.9
yelp_polarity_reviews,predictive_low,haiku,skill_on,bland_or_tasteless_food,250,2,0.008,0,0.0,1,False,0.884
yelp_polarity_reviews,predictive_low,haiku,skill_on,slow_or_delayed_service,250,2,0.008,0,0.0,1,False,0.872
yelp_polarity_reviews,predictive_low,haiku,skill_on,staff_rudeness_or_poor_attitude,250,2,0.008,0,0.0,1,False,0.836
yelp_polarity_reviews,predictive_low,sonnet,skill_on,service_failure_type,250,7,0.028,1,0.004,1,no_failure,0.708
yelp_polarity_reviews,predictive_low,sonnet,skill_on,service_failure_severity,250,6,0.024,140,0.56,1,,0.56
yelp_polarity_reviews,predictive_low,sonnet,skill_on,staff_conduct,250,5,0.02,0,0.0,1,no_issue,0.768
yelp_polarity_reviews,predictive_low,sonnet,skill_on,food_freshness_signal,250,2,0.008,0,0.0,1,False,0.96
yelp_polarity_reviews,predictive_low,sonnet,skill_on,wait_time_issue,250,5,0.02,0,0.0,1,1,0.876
yelp_polarity_reviews,predictive_low,sonnet,skill_on,order_accuracy_issue,250,2,0.008,0,0.0,1,False,0.952
yelp_polarity_reviews,predictive_low,sonnet,skill_on,repeat_failure_or_escalation,250,2,0.008,0,0.0,1,False,0.724
yelp_polarity_reviews,predictive_low,sonnet,skill_on,positive_exception_amid_complaint,250,2,0.008,0,0.0,1,False,0.732
